id,الفعل الماضي,الجذر,باب الصرفي,اللزوم والتعدي,تم تدقيقه,تم إعادة تدقيقه,صحيح (الجذر حقيقي),المرجع ( المصدر ),المصدر
3121,غَرَبَ,غرب,فَعَلَ يَفْعُلُ ( فتحُ ضمٍّ ),لازم,0,1,1, لسان العرب,غُرُوب
3122,غَرِبَ,غرب,فَعِلَ يَفْعَلُ ( كسر فتح ),لازم,0,1,1, لسان العرب,غَرَب
3123,غَرُبَ,غرب,فَعُلَ يَفْعُلُ ( ضمَ ضمَ ),لازم,0,1,1, لسان العرب,غَرَابَة
3124,غَرِثَ,غرث,فَعِلَ يَفْعَلُ ( كسر فتح ),لازم,0,1,1, لسان العرب,غَرَث
3125,غَرِدَ,غرد,فَعِلَ يَفْعَلُ ( كسر فتح ),لازم,0,1,1, لسان العرب,غَرَد
3126,غَرَّ,غرر,فَعَلَ يَفْعُلُ ( فتحُ ضمٍّ ),مشترك ,0,1,1, لسان العرب ,غُرُور
3127,غَرَّ,غرر,فَعَلَ يَفْعِلُ ( فتحُ كَسْرٍ ),لازم,0,1,1, لسان العرب ,غَرَارة
3128,غَرَّ,غرر,فَعِلَ يَفْعَلُ ( كسر فتح ),لازم,0,1,1, لسان العرب ,غَرِير
3129,غَرَزَ,غرز,فَعَلَ يَفْعِلُ ( فتحُ كَسْرٍ ),مشترك ,0,1,1, لسان العرب ,غَرْز
3130,خَتَلَ,ختل,فَعَلَ يَفْعُلُ ( فتحُ ضمٍّ ),متعدي,0,1,1, لسان العرب,خَتْل
3131,غَرِزَ,غرز,فَعِلَ يَفْعَلُ ( كسر فتح ),لازم,0,1,1, لسان العرب,غَرَز
3132,غَرَسَ,غرس,فَعَلَ يَفْعِلُ ( فتحُ كَسْرٍ ),متعدي,0,1,1, لسان العرب,غَرْس
3133,غَرَضَ,غرض,فَعَلَ يَفْعِلُ ( فتحُ كَسْرٍ ),مشترك ,0,1,1, لسان العرب,غَرْض
3134,غَرِضَ,غرض,فَعِلَ يَفْعَلُ ( كسر فتح ),لازم,0,1,1, لسان العرب,غَرَض
3135,غَرُضَ,غرض,فَعُلَ يَفْعُلُ ( ضمَ ضمٍَ ),لازم,0,1,1, لسان العرب ,غَرَاضَة
3136,غَرَفَ,غرف,فَعَلَ يَفْعُلُ ( فتحُ ضمٍّ ),متعدي,0,1,1, لسان العرب ,غَرِيف
3137,غَرَفَ,غرف,فَعَلَ يَفْعِلُ ( فتحُ كَسْرٍ ),متعدي,0,1,1, لسان العرب ,غَرِيف
3138,غَرِفَ,غرف,فَعِلَ يَفْعَلُ ( كسر فتح ),لازم,0,1,1, لسان العرب ,غَرْف
3139,غَرِقَ,غرق,فَعِلَ يَفْعَلُ ( كسر فتح ),لازم,0,1,1, لسان العرب,غَرَف
3140,غَرِلَ,غرل,فَعِلَ يَفْعَلُ ( كسر فتح ),لازم,0,1,1, لسان العرب,غَرَق
3141,غَرِمَ,غرم,فَعِلَ يَفْعَلُ ( كسر فتح ),مشترك ,0,1,1, لسان العرب,غَرَل
3142,غَرِنَ,غرن,فَعِلَ يَفْعَلُ ( كسر فتح ),لازم,0,1,1, لسان العرب,غُرْم
3143,غَرَا,غرو,فَعَلَ يَفْعُلُ ( فتحُ ضمٍّ ),مشترك ,0,1,1, لسان العرب,غَرَن
3144,غَرِيَ,غرو,فَعِلَ يَفْعَلُ ( كسر فتح ),لازم,0,1,1, لسان العرب ,غَرْو
3145,غَرَى,غري,فَعَلَ يَفْعِلُ ( فتحُ كَسْرٍ ),متعدي,0,1,1, لسان العرب ,غَرًى
3146,غَزُرَ,غزر,فَعُلَ يَفْعُلُ ( ضمَ ضمٍَ ),لازم,0,1,1, لسان العرب ,غَرْي
3147,غَزَّ,غزز,فَعَلَ يَفْعُلُ ( فتحُ ضمٍّ ),مشترك ,0,1,1, لسان العرب ,غَزَارَة
3148,غَزَلَ,غزل,فَعَلَ يَفْعِلُ ( فتحُ كَسْرٍ ),متعدي,0,1,1, لسان العرب,غَزّ
3149,غَزِلَ,غزل,فَعِلَ يَفْعَلُ ( كسر فتح ),لازم,0,1,1, لسان العرب,غَزْل
3150,غَزَا,غزو,فَعَلَ يَفْعُلُ ( فتحُ ضمٍّ ),متعدي,0,1,1, لسان العرب,غَزَل
3151,غَسَرَ,غسر,فَعَلَ يَفْعُلُ ( فتحُ ضمٍّ ),لازم,0,1,1, لسان العرب,غَزْو
3152,غَسَّ,غسس,فَعَلَ يَفْعُلُ ( فتحُ ضمٍّ ),لازم,0,1,1, لسان العرب,غَسْر
3153,غَسَقَ,غسق,فَعَلَ يَفْعِلُ ( فتحُ كَسْرٍ ),لازم,0,1,1, لسان العرب ,غَسّ
3154,غَسِقَ,غسق,فَعِلَ يَفْعَلُ ( كسر فتح ),لازم,0,1,1, لسان العرب ,مرض
3155,غَسَلَ,غسل,فَعَلَ يَفْعِلُ ( فتحُ كَسْرٍ ),متعدي,0,1,1, لسان العرب ,غَسَق
3156,غَسَمَ,غسم,فَعَلَ يَفْعُلُ ( فتحُ ضمٍّ ),لازم,0,1,1, لسان العرب ,غَسْل
3157,غَسَنَ,غسن,فَعَلَ يَفْعُلُ ( فتحُ ضمٍّ ),متعدي,0,1,1, لسان العرب,غَسَم
3158,غَسَا,غسو,فَعَلَ يَفْعُلُ ( فتحُ ضمٍّ ),لازم,0,1,1, لسان العرب,غَسَن
3159,غَسِيَ,غسو,فَعِلَ يَفْعَلُ ( كسر فتح ),لازم,0,1,1, لسان العرب,غَسْو
3160,غَشَّ,غشش,فَعَلَ يَفْعُلُ ( فتحُ ضمٍّ ),متعدي,0,1,1, لسان العرب,غَسًى
3161,غَشَّ,غشش,فَعَلَ يَفْعِلُ ( فتحُ كَسْرٍ ),لازم,0,1,1, لسان العرب,غَشّ
3162,غَشَمَ,غشم,فَعَلَ يَفْعُلُ ( فتحُ ضمٍّ ),لازم,0,1,1, لسان العرب ,غِشّ
3163,غَشَمَ,غشم,فَعَلَ يَفْعِلُ ( فتحُ كَسْرٍ ),متعدي,0,1,1, لسان العرب ,غَشْم
3164,غَشَا,غشو,فَعَلَ يَفْعُلُ ( فتحُ ضمٍّ ),متعدي,0,1,1, لسان العرب ,غُشُوم
3165,غَشِيَ,غشو,فَعِلَ يَفْعَلُ ( كسر فتح ),متعدي,0,1,1, لسان العرب ,غَشْو
3166,غَشِيَ,غشي,فَعِلَ يَفْعَلُ ( كسر فتح ),متعدي,0,1,1, لسان العرب,غَشْي
3167,غَصَبَ,غصب,فَعَلَ يَفْعِلُ ( فتحُ كَسْرٍ ),متعدي,0,1,1, لسان العرب,غَشَيَان
3168,غَصَّ,غصص,فَعَلَ يَفْعُلُ ( فتحُ ضمٍّ ),متعدي,0,1,1, لسان العرب,غَصْب
3169,غَصَّ,غصص,فَعِلَ يَفْعَلُ ( كسر فتح ),لازم,0,1,1, لسان العرب,غَصَص
3170,غَصَنَ,غصن,فَعَلَ يَفْعِلُ ( فتحُ كَسْرٍ ),متعدي,0,1,1, لسان العرب,غَصّ
3171,غَضِبَ,غضب,فَعِلَ يَفْعَلُ ( كسر فتح ),لازم,0,1,1, لسان العرب ,غُصُون
3172,غَضَرَ,غضر,فَعَلَ يَفْعُلُ ( فتحُ ضمٍّ ),لازم,0,1,1, لسان العرب ,غَضَب
3173,خَتَلَ,ختل,فَعَلَ يَفْعِلُ ( فتحُ كَسْرٍ ),متعدي,0,1,1, لسان العرب ,غَضْر
3174,غَضَرَ,غضر,فَعَلَ يَفْعِلُ ( فتحُ كَسْرٍ ),مشترك ,0,1,1, لسان العرب ,خَتْل
3175,غَضِرَ,غضر,فَعِلَ يَفْعَلُ ( كسر فتح ),مشترك ,0,1,1, لسان العرب,غُضُور
3176,غَضُرَ,غضر,فَعُلَ يَفْعُلُ ( ضمَ ضمٍَ ),لازم,0,1,1, لسان العرب,غَضَارَة
3177,غَضَّ,غضض,فَعَلَ يَفْعُلُ ( فتحُ ضمٍّ ),متعدي,0,1,1, لسان العرب,غَضّ
3178,غَضَّ,غضض,فَعَلَ يَفْعِلُ ( فتحُ كَسْرٍ ),لازم,0,1,1, لسان العرب,غَضَاضَة
3179,غَضَّ,غضض,فَعِلَ يَفْعَلُ ( كسر فتح ),لازم,0,1,1, لسان العرب,غَضِيض
3180,غَضَفَ,غضف,فَعَلَ يَفْعِلُ ( فتحُ كَسْرٍ ),متعدي,0,1,1, لسان العرب ,غَضْف
3181,غَضِفَ,غضف,فَعِلَ يَفْعَلُ ( كسر فتح ),لازم,0,1,1, لسان العرب ,غَضَف
3182,غَضَنَ,غضن,فَعَلَ يَفْعُلُ ( فتحُ ضمٍّ ),مشترك ,0,1,1, لسان العرب ,غَضْن
3183,غَضَنَ,غضن,فَعَلَ يَفْعِلُ ( فتحُ كَسْرٍ ),مشترك ,0,1,1, لسان العرب ,غُضُون
3184,غَضِنَ,غضن,فَعِلَ يَفْعَلُ ( كسر فتح ),لازم,0,1,1, لسان العرب,غَضَن
3185,غَضَا,غضو,فَعَلَ يَفْعُلُ ( فتحُ ضمٍّ ),لازم,0,1,1, لسان العرب,غَضْو
3186,غَضِيَ,غضي,فَعِلَ يَفْعَلُ ( كسر فتح ),لازم,0,1,1, لسان العرب,غَضًى
3187,غَطَسَ,غطس,فَعَلَ يَفْعِلُ ( فتحُ كَسْرٍ ),لازم,0,1,1, لسان العرب,غَطْس
3188,غَطَشَ,غطش,فَعَلَ يَفْعِلُ ( فتحُ كَسْرٍ ),لازم,0,1,1, لسان العرب,غَطْش
3189,غَطِشَ,غطش,فَعِلَ يَفْعَلُ ( كسر فتح ),لازم,0,1,1, لسان العرب ,غَطَش
3190,غَطَّ,غطط,فَعَلَ يَفْعُلُ ( فتحُ ضمٍّ ),متعدي,0,1,1, لسان العرب ,غَطّ
3191,غَطَّ,غطط,فَعَلَ يَفْعِلُ ( فتحُ كَسْرٍ ),متعدي,0,1,1, لسان العرب ,غَطِيط
3192,غَطِفَ,غطف,فَعِلَ يَفْعَلُ ( كسر فتح ),لازم,0,1,1, لسان العرب ,غَطَف
3193,غَطَلَ,غطل,فَعَلَ يَفْعُلُ ( فتحُ ضمٍّ ),لازم,0,1,1, لسان العرب,غَطْل
3194,غَطِلَ,غطل,فَعِلَ يَفْعَلُ ( كسر فتح ),لازم,0,1,1, لسان العرب,غَطَل
3195,غَطَا,غطو,فَعَلَ يَفْعُلُ ( فتحُ ضمٍّ ),متعدي,0,1,1, لسان العرب,غَطْو
3196,غَطَى,غطي,فَعَلَ يَفْعِلُ ( فتحُ كَسْرٍ ),متعدي,0,1,1, لسان العرب,غَطْي
3197,غَفَرَ,غفر,فَعَلَ يَفْعِلُ ( فتحُ كَسْرٍ ),مشترك ,0,1,1, لسان العرب,غُفُْرَانًا
3198,غَفِرَ,غفر,فَعِلَ يَفْعَلُ ( كسر فتح ),لازم,0,1,1, لسان العرب ,غَفَر
3199,غَفَقَ,غفق,فَعَلَ يَفْعِلُ ( فتحُ كَسْرٍ ),متعدي,0,1,1, لسان العرب ,غَفْق
3200,غَفَلَ,غفل,فَعَلَ يَفْعُلُ ( فتحُ ضمٍّ ),متعدي,0,1,1, لسان العرب ,غُفُول
3201,غَفَا,غفو,فَعَلَ يَفْعُلُ ( فتحُ ضمٍّ ),لازم,0,1,1, لسان العرب ,غَفْو
3202,غَفَى,غفي,فَعَلَ يَفْعِلُ ( فتحُ كَسْرٍ ),متعدي,0,1,1, لسان العرب,غَفْي
3203,غَفِيَ,غفي,فَعِلَ يَفْعَلُ ( كسر فتح ),لازم,0,1,1, لسان العرب,غَفًى
3204,غَقَّ,غقق,فَعَلَ يَفْعِلُ ( فتحُ كَسْرٍ ),لازم,0,1,1, لسان العرب,غَقِيق
3205,غَلَبَ,غلب,فَعَلَ يَفْعِلُ ( فتحُ كَسْرٍ ),متعدي,0,1,1, لسان العرب,غَلَب
3206,غَلِبَ,غلب,فَعِلَ يَفْعَلُ ( كسر فتح ),لازم,0,1,1, لسان العرب,غَلَب
3207,غَلَتَ,غلت,فَعَلَ يَفْعُلُ ( فتحُ ضمٍّ ),متعدي,0,1,1, لسان العرب ,غَلْت
3208,غَلِتَ,غلت,فَعِلَ يَفْعَلُ ( كسر فتح ),لازم,0,1,1, لسان العرب ,غَلَت
3209,غَلَثَ,غلث,فَعَلَ يَفْعِلُ ( فتحُ كَسْرٍ ),متعدي,0,1,1, لسان العرب ,غَلْث
3210,غَلِثَ,غلث,فَعِلَ يَفْعَلُ ( كسر فتح ),لازم,0,1,1, لسان العرب ,غَلَث
3211,غَلَجَ,غلج,فَعَلَ يَفْعِلُ ( فتحُ كَسْرٍ ),لازم,0,1,1, لسان العرب,غَلَج
3212,غَلِطَ,غلط,فَعِلَ يَفْعَلُ ( كسر فتح ),لازم,0,1,1, لسان العرب,غَلَط
3213,غَلَظَ,غلظ,فَعَلَ يَفْعِلُ ( فتحُ كَسْرٍ ),لازم,0,1,1, لسان العرب,غَلْظ
3214,غَلُظَ,غلظ,فَعُلَ يَفْعُلُ ( ضمَ ضمٍَ ),لازم,0,1,1, لسان العرب,غِلَظ
3215,غَلَفَ,غلف,فَعَلَ يَفْعُلُ ( فتحُ ضمٍّ ),متعدي,0,1,1, لسان العرب,غَلْف
3216,غَلِفَ,غلف,فَعِلَ يَفْعَلُ ( كسر فتح ),لازم,0,1,1, لسان العرب ,غَلَف
3217,غَلَقَ,غلق,فَعَلَ يَفْعِلُ ( فتحُ كَسْرٍ ),متعدي,0,1,1, لسان العرب ,غَلْق
3218,غَلِقَ,غلق,فَعِلَ يَفْعَلُ ( كسر فتح ),لازم,0,1,1, لسان العرب ,غَلَق
3219,خَتَمَ,ختم,فَعَلَ يَفْعِلُ ( فتحُ كَسْرٍ ),متعدي,0,1,1, لسان العرب ,خَتْم
3220,غَلَّ,غلل,فَعَلَ يَفْعُلُ ( فتحُ ضمٍّ ),متعدي,0,1,1, لسان العرب,غَلّ
3221,غَلَّ,غلل,فَعَلَ يَفْعِلُ ( فتحُ كَسْرٍ ),لازم,0,1,1, لسان العرب,غُلُول
3222,غَلَّ,غلل,فَعِلَ يَفْعَلُ ( كسر فتح ),متعدي,0,1,1, لسان العرب,غَلِيل
3223,غَلَمَ,غلم,فَعَلَ يَفْعُلُ ( فتحُ ضمٍّ ),متعدي,0,1,1, لسان العرب,غَلْم
3224,غَلِمَ,غلم,فَعِلَ يَفْعَلُ ( كسر فتح ),لازم,0,1,1, لسان العرب,غَلَم
3225,غَلَنَ,غلن,فَعَلَ يَفْعُلُ ( فتحُ ضمٍّ ),لازم,0,1,1, لسان العرب ,غَلَن
3226,غَلَا,غلو,فَعَلَ يَفْعُلُ ( فتحُ ضمٍّ ),لازم,0,1,1, لسان العرب ,غُلُوّ
3227,غَلَى,غلي,فَعَلَ يَفْعِلُ ( فتحُ كَسْرٍ ),لازم,0,1,1, لسان العرب ,غَلَيَان
3228,غَلِيَ,غلي,فَعِلَ يَفْعَلُ ( كسر فتح ),لازم,0,1,1, لسان العرب ,غَلًى
3229,غَمَتَ,غمت,فَعَلَ يَفْعِلُ ( فتحُ كَسْرٍ ),متعدي,0,1,1, لسان العرب,غَمْت
3230,غَمِتَ,غمت,فَعِلَ يَفْعَلُ ( كسر فتح ),لازم,0,1,1, لسان العرب,غَمَت
3231,غَمَجَ,غمج,فَعَلَ يَفْعِلُ ( فتحُ كَسْرٍ ),متعدي,0,1,1, لسان العرب,غَمَج
3232,غَمِجَ,غمج,فَعِلَ يَفْعَلُ ( كسر فتح ),متعدي,0,1,1, لسان العرب,غَمَج
3233,غَمَدَ,غمد,فَعَلَ يَفْعُلُ ( فتحُ ضمٍّ ),متعدي,0,1,1, لسان العرب,غَمْد
3234,غَمَدَ,غمد,فَعَلَ يَفْعِلُ ( فتحُ كَسْرٍ ),متعدي,0,1,1, لسان العرب ,غُمُود
3235,غَمِدَ,غمد,فَعِلَ يَفْعَلُ ( كسر فتح ),لازم,0,1,1, لسان العرب ,غَمَد
3236,غَمَرَ,غمر,فَعَلَ يَفْعُلُ ( فتحُ ضمٍّ ),متعدي,0,1,1, لسان العرب ,غَمْر
3237,غَمِرَ,غمر,فَعِلَ يَفْعَلُ ( كسر فتح ),لازم,0,1,1, لسان العرب ,غَمَر
3238,غَمُرَ,غمر,فَعُلَ يَفْعُلُ ( ضمَ ضمٍَ ),لازم,0,1,1, لسان العرب,غُمُورَة
3239,غَمَزَ,غمز,فَعَلَ يَفْعِلُ ( فتحُ كَسْرٍ ),متعدي,0,1,1, لسان العرب,غَمْز
3240,غَمَسَ,غمس,فَعَلَ يَفْعِلُ ( فتحُ كَسْرٍ ),متعدي,0,1,1, لسان العرب,غَمْس
3241,غَمِشَ,غمش,فَعِلَ يَفْعَلُ ( كسر فتح ),لازم,0,1,1, لسان العرب,غَمَش
3242,غَمَصَ,غمص,فَعَلَ يَفْعِلُ ( فتحُ كَسْرٍ ),متعدي,0,1,1, لسان العرب,غَمْص
3243,غَمِصَ,غمص,فَعِلَ يَفْعَلُ ( كسر فتح ),متعدي,0,1,1, لسان العرب ,غَمَض
3244,غَمَضَ,غمض,فَعَلَ يَفْعُلُ ( فتحُ ضمٍّ ),لازم,0,1,1, لسان العرب ,غَمْض
3245,غَمَضَ,غمض,فَعَلَ يَفْعِلُ ( فتحُ كَسْرٍ ),لازم,0,1,1, لسان العرب ,غُمُوض
3246,غَمُضَ,غمض,فَعُلَ يَفْعُلُ ( ضمَ ضمٍَ ),لازم,0,1,1, لسان العرب ,غَمَاضَة
3247,غَمَطَ,غمط,فَعَلَ يَفْعِلُ ( فتحُ كَسْرٍ ),متعدي,0,1,1, لسان العرب,غَمْط
3248,غَمِطَ,غمط,فَعِلَ يَفْعَلُ ( كسر فتح ),متعدي,0,1,1, لسان العرب,غَمِط
3249,غَمَقَ,غمق,فَعَلَ يَفْعُلُ ( فتحُ ضمٍّ ),لازم,0,1,1, لسان العرب,غَمْق
3250,غَمِقَ,غمق,فَعِلَ يَفْعَلُ ( كسر فتح ),لازم,0,1,1, لسان العرب,غَمِق
3251,غَمُقَ,غمق,فَعُلَ يَفْعُلُ ( ضمَ ضمٍَ ),لازم,0,1,1, لسان العرب,غُمُوقَة
3252,غَمَلَ,غمل,فَعَلَ يَفْعُلُ ( فتحُ ضمٍّ ),متعدي,0,1,1, لسان العرب ,غَمْل
3253,غَمِلَ,غمل,فَعِلَ يَفْعَلُ ( كسر فتح ),لازم,0,1,1, لسان العرب ,غَمَل
3254,غَمَّ,غمم,فَعَلَ يَفْعُلُ ( فتحُ ضمٍّ ),متعدي,0,1,1, لسان العرب ,غَمّ
3255,غَمَّ,غمم,فَعِلَ يَفْعَلُ ( كسر فتح ),لازم,0,1,1, لسان العرب ,غُمُوم
3256,غَمَنَ,غمن,فَعَلَ يَفْعُلُ ( فتحُ ضمٍّ ),متعدي,0,1,1, لسان العرب,غَمَن
3257,غَمَا,غمو,فَعَلَ يَفْعُلُ ( فتحُ ضمٍّ ),متعدي,0,1,1, لسان العرب,غَمْو
3258,غَمَى,غمي,فَعَلَ يَفْعِلُ ( فتحُ كَسْرٍ ),متعدي,0,1,1, لسان العرب,غَمْي
3259,غَنَثَ,غنث,فَعَلَ يَفْعِلُ ( فتحُ كَسْرٍ ),لازم,0,1,1, لسان العرب,غَنَث
3260,غَنِثَ,غنث,فَعِلَ يَفْعَلُ ( كسر فتح ),لازم,0,1,1, لسان العرب,غَنَث
3261,غَنِجَ,غنج,فَعِلَ يَفْعَلُ ( كسر فتح ),لازم,0,1,1, لسان العرب ,غَنَج
3262,غَنِصَ,غنص,فَعِلَ يَفْعَلُ ( كسر فتح ),لازم,0,1,1, لسان العرب ,غَنَص
3263,غَنَضَ,غنض,فَعَلَ يَفْعِلُ ( فتحُ كَسْرٍ ),متعدي,0,1,1, لسان العرب ,غَنَض
3264,خَتَنَ,ختن,فَعَلَ يَفْعُلُ ( فتحُ ضمٍّ ),متعدي,0,1,1, لسان العرب ,خَتْن
3265,غَنَظَ,غنظ,فَعَلَ يَفْعِلُ ( فتحُ كَسْرٍ ),متعدي,0,1,1, لسان العرب,غَنَظ
3266,غَنِمَ,غنم,فَعِلَ يَفْعَلُ ( كسر فتح ),متعدي,0,1,1, لسان العرب,غُنْم
3267,غَنَّ,غنن,فَعِلَ يَفْعَلُ ( كسر فتح ),لازم,0,1,1, لسان العرب,غَنِين
3268,غَنِيَ,غني,فَعِلَ يَفْعَلُ ( كسر فتح ),لازم,0,1,1, لسان العرب,غِنًى
3269,غَهِبَ,غهب,فَعِلَ يَفْعَلُ ( كسر فتح ),لازم,0,1,1, لسان العرب,غَهَب
3270,غَاثَ,غوث,فَعَلَ يَفْعُلُ ( فتحُ ضمٍّ ),متعدي,0,1,1, لسان العرب ,غَوْث
3271,غَاجَ,غوج,فَعَلَ يَفْعُلُ ( فتحُ ضمٍّ ),لازم,0,1,1, لسان العرب ,غَوْج
3272,غَارَ,غور,فَعَلَ يَفْعُلُ ( فتحُ ضمٍّ ),متعدي,0,1,1, لسان العرب ,غَوْر
3273,غَازَ,غوز,فَعَلَ يَفْعُلُ ( فتحُ ضمٍّ ),متعدي,0,1,1, لسان العرب ,غَوْز
3274,غَاصَ,غوص,فَعَلَ يَفْعُلُ ( فتحُ ضمٍّ ),لازم,0,1,1, لسان العرب,غَوْص
3275,غَاطَ,غوط,فَعَلَ يَفْعُلُ ( فتحُ ضمٍّ ),متعدي,0,1,1, لسان العرب,غَوْط
3276,غَالَ,غول,فَعَلَ يَفْعُلُ ( فتحُ ضمٍّ ),متعدي,0,1,1, لسان العرب,غَوْل
3277,غَوَى,غوي,فَعَلَ يَفْعِلُ ( فتحُ كَسْرٍ ),متعدي,0,1,1, لسان العرب,غَوَايَة
3278,غَوِيَ,غوو,فَعِلَ يَفْعَلُ ( كسر فتح ),لازم,0,1,1, لسان العرب,غَوًى
3279,غَابَ,غيب,فَعَلَ يَفْعِلُ ( فتحُ كَسْرٍ ),متعدي,0,1,1, لسان العرب ,غَيْب
3280,غَاثَ,غيث,فَعَلَ يَفْعِلُ ( فتحُ كَسْرٍ ),لازم,0,1,1, لسان العرب ,غَيْث
3281,غَيِدَ,غيد,فَعِلَ يَفْعَلُ ( كسر فتح ),لازم,0,1,1, لسان العرب ,غَيَد
3282,غَارَ,غير,فَعَلَ يَفْعِلُ ( فتحُ كَسْرٍ ),متعدي,0,1,1, لسان العرب ,غَيْرَة
3283,غَيِرَ,غير,فَعِلَ يَفْعَلُ ( كسر فتح ),لازم,0,1,1, لسان العرب,غَيَر
3284,غَيِسَ,غيس,فَعِلَ يَفْعَلُ ( كسر فتح ),لازم,0,1,1, لسان العرب,غَيِس
3285,غَاضَ,غيض,فَعَلَ يَفْعِلُ ( فتحُ كَسْرٍ ),متعدي,0,1,1, لسان العرب,غَيْض
3286,غَاطَ,غيط,فَعَلَ يَفْعِلُ ( فتحُ كَسْرٍ ),لازم,0,1,1, لسان العرب,غَيْط
3287,غَاظَ,غيظ,فَعَلَ يَفْعِلُ ( فتحُ كَسْرٍ ),متعدي,0,1,1, لسان العرب,غَيْظ
3288,غَافَ,غيف,فَعَلَ يَفْعِلُ ( فتحُ كَسْرٍ ),لازم,0,1,1, لسان العرب ,غَيْف
3289,غَالَ,غيل,فَعَلَ يَفْعِلُ ( فتحُ كَسْرٍ ),متعدي,0,1,1, لسان العرب ,غَيْل
3290,غَامَ,غيم,فَعَلَ يَفْعِلُ ( فتحُ كَسْرٍ ),لازم,0,1,1, لسان العرب ,غَيْم
3291,غَانَ,غين,فَعَلَ يَفْعِلُ ( فتحُ كَسْرٍ ),لازم,0,1,1, لسان العرب ,غَيْن
3292,غَيِِنَ,غين,فَعِلَ يَفْعَلُ ( كسر فتح ),لازم,0,1,1, لسان العرب,غَيَن
3293,خَتَنَ,ختن,فَعَلَ يَفْعِلُ ( فتحُ كَسْرٍ ),متعدي,0,1,1, لسان العرب,خَتْن
3294,خَتَا,ختو,فَعَلَ يَفْعُلُ ( فتحُ ضمٍّ ),لازم,0,1,1, لسان العرب,خَتَا
3295,خَثَرَ,خثر,فَعَلَ يَفْعُلُ ( فتحُ ضمٍّ ),لازم,0,1,1, لسان العرب,خَثْر
3296,خَثِرَ,خثر,فَعِلَ يَفْعَلُ ( كسر فتح ),لازم,0,1,1, لسان العرب,خَثَر
3297,خَثُرَ,خثر,فَعُلَ يَفْعُلُ ( ضمَ ضمٍَ ),لازم,0,1,1, لسان العرب ,خُثُورَة
3298,خَثِمَ,خثم,فَعِلَ يَفْعَلُ ( كسر فتح ),لازم,0,1,1, لسان العرب ,خَتَم
3299,خَثَى,خثي,فَعَلَ يَفْعِلُ ( فتحُ كَسْرٍ ),لازم,0,1,1, لسان العرب ,خَثْي
3300,خَجَأَ,خجء,فَعَلَ يَفْعَلُ ( فتحتان ),متعدي,0,1,1, لسان العرب ,خَجْأ
3301,خَجِئَ,خجء,فَعِلَ يَفْعَلُ ( كسر فتح ),لازم,0,1,1, لسان العرب,خَجَأ
3302,خَجَّ,خجج,فَعَلَ يَفْعُلُ ( فتحُ ضمٍّ ),متعدي,0,1,1, لسان العرب,خَجّ
3303,خَجِلَ,خجل,فَعِلَ يَفْعَلُ ( كسر فتح ),لازم,0,1,1, لسان العرب,خَجَل
3304,خَجَى,خجي,فَعَلَ يَفْعِلُ ( فتحُ كَسْرٍ ),متعدي,0,1,1, لسان العرب,خَجْو
3305,خَجِيَ,خجي,فَعِلَ يَفْعَلُ ( كسر فتح ),لازم,0,1,1, لسان العرب,خَجًى
3306,خَدَبَ,خدب,فَعَلَ يَفْعُلُ ( فتحُ ضمٍّ ),متعدي,0,1,1, لسان العرب ,خَدْب
3307,خَدَبَ,خدب,فَعَلَ يَفْعِلُ ( فتحُ كَسْرٍ ),متعدي,0,1,1, لسان العرب ,خُدُوب
3308,خَدِبَ,خدب,فَعِلَ يَفْعَلُ ( كسر فتح ),لازم,0,1,1, لسان العرب ,خَدَب
3309,خَدَجَ,خدج,فَعَلَ يَفْعُلُ ( فتحُ ضمٍّ ),متعدي,0,1,1, لسان العرب ,خِدَاج
3310,خَدَجَ,خدج,فَعَلَ يَفْعِلُ ( فتحُ كَسْرٍ ),متعدي,0,1,1, لسان العرب,خَدْج
3311,خَدَّ,خدد,فَعَلَ يَفْعُلُ ( فتحُ ضمٍّ ),متعدي,0,1,1, لسان العرب,خَدّ
3312,خَدَرَ,خدر,فَعَلَ يَفْعُلُ ( فتحُ ضمٍّ ),متعدي,0,1,1, لسان العرب,خَدَر
3313,فَأَدَ,فءد,فَعَلَ يَفْعَلُ ( فتحتان ),متعدي,0,1,1, لسان العرب,فَأْد
3314,فَئِدَ,فءد,فَعِلَ يَفْعَلُ ( كسر فتح ),لازم,0,1,1, لسان العرب,فَأَد
3315,فَأَرَ,فءر,فَعَلَ يَفْعَلُ ( فتحتان ),متعدي,0,1,1, لسان العرب ,فَأْر
3316,فَأَسَ,فءس,فَعَلَ يَفْعَلُ ( فتحتان ),متعدي,0,1,1, لسان العرب ,فَأْس
3317,فَأَقَ,فءق,فَعَلَ يَفْعَلُ ( فتحتان ),لازم,0,1,1, لسان العرب ,فَأْق
3318,فَئِقَ,فءق,فَعِلَ يَفْعَلُ ( كسر فتح ),لازم,0,1,1, لسان العرب ,فَأَق
3319,فَأَمَ,فءم,فَعَلَ يَفْعَلُ ( فتحتان ),لازم,0,1,1, لسان العرب,فَأْم
3320,فَآ,فءو,فَعَلَ يَفْعُلُ ( فتحُ ضمٍّ ),متعدي,0,1,1, لسان العرب,فَأْو
3321,فَأَى,فءي,فَعَلَ يَفْعَلُ ( فتحتان ),متعدي,0,1,1, لسان العرب,فَتْء
3322,فَتَأَ,فتء,فَعَلَ يَفْعَلُ ( فتحتان ),متعدي,0,1,1, لسان العرب,فَتَأ
3323,فَتِئَ,فتء,فَعِلَ يَفْعَلُ ( كسر فتح ),لازم,0,1,1, لسان العرب,فَتّ
3324,فَتَّ,فتت,فَعَلَ يَفْعُلُ ( فتحُ ضمٍّ ),متعدي,0,1,1, لسان العرب ,فَتْح
3325,فَتَحَ,فتح,فَعَلَ يَفْعَلُ ( فتحتان ),متعدي,0,1,1, لسان العرب ,فَتْخ
3326,فَتَخَ,فتخ,فَعَلَ يَفْعَلُ ( فتحتان ),متعدي,0,1,1, لسان العرب ,فَتَخ
3327,فَتِخَ,فتخ,فَعِلَ يَفْعَلُ ( كسر فتح ),لازم,0,1,1, لسان العرب ,فُتُور
3328,فَتَرَ,فتر,فَعَلَ يَفْعُلُ ( فتحُ ضمٍّ ),متعدي,0,1,1, لسان العرب,فَتْر
3329,فَتَرَ,فتر,فَعَلَ يَفْعِلُ ( فتحُ كَسْرٍ ),متعدي,0,1,1, لسان العرب,خَدَر
3330,خَدِرَ,خدر,فَعِلَ يَفْعَلُ ( كسر فتح ),لازم,0,1,1, لسان العرب,فَتْش
3331,فَتَشَ,فتش,فَعَلَ يَفْعِلُ ( فتحُ كَسْرٍ ),لازم,0,1,1, لسان العرب,فَتْغ
3332,فَتَغَ,فتغ,فَعَلَ يَفْعَلُ ( فتحتان ),متعدي,0,1,1, لسان العرب,فَتْق
3333,فَتَقَ,فتق,فَعَلَ يَفْعُلُ ( فتحُ ضمٍّ ),متعدي,0,1,1, لسان العرب ,فُتُوق
3334,فَتَقَ,فتق,فَعَلَ يَفْعِلُ ( فتحُ كَسْرٍ ),متعدي,0,1,1, لسان العرب ,فَتَق
3335,فَتِقَ,فتق,فَعِلَ يَفْعَلُ ( كسر فتح ),لازم,0,1,1, لسان العرب ,فَتْك
3336,فَتَكَ,فتك,فَعَلَ يَفْعُلُ ( فتحُ ضمٍّ ),متعدي,0,1,1, لسان العرب ,فُتُوك
3337,فَتَكَ,فتك,فَعَلَ يَفْعِلُ ( فتحُ كَسْرٍ ),متعدي,0,1,1, لسان العرب,فَتْل
3338,فَتَلَ,فتل,فَعَلَ يَفْعِلُ ( فتحُ كَسْرٍ ),متعدي,0,1,1, لسان العرب,فَتِل
3339,فَتِلَ,فتل,فَعِلَ يَفْعَلُ ( كسر فتح ),لازم,0,1,1, لسان العرب,فَتْن
3340,فَتَنَ,فتن,فَعَلَ يَفْعِلُ ( فتحُ كَسْرٍ ),متعدي,0,1,1, لسان العرب,فَتْو
3341,فَتَا,فتو,فَعَلَ يَفْعُلُ ( فتحُ ضمٍّ ),متعدي,0,1,1, لسان العرب,فَتَاء
3342,فَتُوَ,فتو,فَعُلَ يَفْعُلُ ( ضمَ ضمٍَ ),لازم,0,1,1, لسان العرب ,فُتُوَّة
3343,فَتِيَ,فتي,فَعِلَ يَفْعَلُ ( كسر فتح ),لازم,0,1,1, لسان العرب ,فَتًى
3344,فَثَأَ,فثء,فَعَلَ يَفْعَلُ ( فتحتان ),متعدي,0,1,1, لسان العرب ,فَثْأ
3345,فَثِئَ,فثء,فَعِلَ يَفْعَلُ ( كسر فتح ),لازم,0,1,1, لسان العرب ,فَثَأ
3346,فَثَّ,فثث,فَعَلَ يَفْعُلُ ( فتحُ ضمٍّ ),متعدي,0,1,1, لسان العرب,فَثّ
3347,فَثَجَ,فثج,فَعَلَ يَفْعُلُ ( فتحُ ضمٍّ ),متعدي,0,1,1, لسان العرب,فَثَج
3348,فَثَغَ,فثغ,فَعَلَ يَفْعَلُ ( فتحتان ),متعدي,0,1,1, لسان العرب,فَثْغ
3349,فَجَأَ,فجء,فَعَلَ يَفْعَلُ ( فتحتان ),متعدي,0,1,1, لسان العرب,فَجْأ
3350,فَجِئَ,فجء,فَعِلَ يَفْعَلُ ( كسر فتح ),متعدي,0,1,1, لسان العرب,فَجَأ
3351,فَجَّ,فجج,فَعَلَ يَفْعُلُ ( فتحُ ضمٍّ ),متعدي,0,1,1, لسان العرب ,فَجّ
3352,فَجَّ,فجج,فَعِلَ يَفْعَلُ ( كسر فتح ),لازم,0,1,1, لسان العرب ,فَجِيج
3353,فَجَرَ,فجر,فَعَلَ يَفْعُلُ ( فتحُ ضمٍّ ),متعدي,0,1,1, لسان العرب ,فُجُور
3354,فَجَسَ,فجس,فَعَلَ يَفْعُلُ ( فتحُ ضمٍّ ),متعدي,0,1,1, لسان العرب ,فَجْس
3355,فَجَشَ,فجش,فَعَلَ يَفْعُلُ ( فتحُ ضمٍّ ),متعدي,0,1,1, لسان العرب,فَجْش
3356,فَجَعَ,فجع,فَعَلَ يَفْعَلُ ( فتحتان ),متعدي,0,1,1, لسان العرب,فَجْع
3357,فَجَلَ,فجل,فَعَلَ يَفْعُلُ ( فتحُ ضمٍّ ),لازم,0,1,1, لسان العرب,فَجْل
3358,فَجِلَ,فجل,فَعِلَ يَفْعَلُ ( كسر فتح ),لازم,0,1,1, لسان العرب,فَجَل
3359,فَجِمَ,فجم,فَعِلَ يَفْعَلُ ( كسر فتح ),لازم,0,1,1, لسان العرب,فَجِم
3360,فَجَا,فجو,فَعَلَ يَفْعُلُ ( فتحُ ضمٍّ ),متعدي,0,1,1, لسان العرب ,فَجْو
3361,خَدَشَ,خدش,فَعَلَ يَفْعِلُ ( فتحُ كَسْرٍ ),متعدي,0,1,1, لسان العرب ,خَدْش
3362,فَجِيَ,فجو,فَعِلَ يَفْعَلُ ( كسر فتح ),لازم,0,1,1, لسان العرب ,فَجًى
3363,فَجِيَ,فجي,فَعِلَ يَفْعَلُ ( كسر فتح ),لازم,0,1,1, لسان العرب ,فَحْث
3364,فَحَثَ,فحث,فَعَلَ يَفْعَلُ ( فتحتان ),لازم,0,1,1, لسان العرب,فَحْج
3365,فَحَجَ,فحج,فَعَلَ يَفْعَلُ ( فتحتان ),متعدي,0,1,1, لسان العرب,فَحَج
3366,فَحِجَ,فحج,فَعِلَ يَفْعَلُ ( كسر فتح ),لازم,0,1,1, لسان العرب,فَحّ
3367,فَحَّ,فحح,فَعَلَ يَفْعُلُ ( فتحُ ضمٍّ ),لازم,0,1,1, لسان العرب,فَحِيح
3368,فَحَّ,فحح,فَعَلَ يَفْعِلُ ( فتحُ كَسْرٍ ),لازم,0,1,1, لسان العرب,فَحْس
3369,فَحَسَ,فحس,فَعَلَ يَفْعَلُ ( فتحتان ),متعدي,0,1,1, لسان العرب ,فَحْش
3370,فَحَشَ,فحش,فَعَلَ يَفْعُلُ ( فتحُ ضمٍّ ),لازم,0,1,1, لسان العرب ,فَحَاشَة
3371,فَحُشَ,فحش,فَعُلَ يَفْعُلُ ( ضمَ ضمٍَ ),لازم,0,1,1, لسان العرب ,فَحْص
3372,فَحَصَ,فحص,فَعَلَ يَفْعَلُ ( فتحتان ),متعدي,0,1,1, لسان العرب ,فَحْض
3373,فَحَضَ,فحض,فَعَلَ يَفْعَلُ ( فتحتان ),متعدي,0,1,1, لسان العرب,فَحْل
3374,فَحَلَ,فحل,فَعَلَ يَفْعَلُ ( فتحتان ),متعدي,0,1,1, لسان العرب,فَحْم
3375,فَحَمَ,فحم,فَعَلَ يَفْعُلُ ( فتحُ ضمٍّ ),لازم,0,1,1, لسان العرب,فُحُوم
3376,فَحَمَ,فحم,فَعَلَ يَفْعَلُ ( فتحتان ),لازم,0,1,1, لسان العرب,فَحَم
3377,فَحِمَ,فحم,فَعِلَ يَفْعَلُ ( كسر فتح ),لازم,0,1,1, لسان العرب,فُحُومَة
3378,فَحُمَ,فحم,فَعُلَ يَفْعُلُ ( ضمَ ضمٍَ ),لازم,0,1,1, لسان العرب ,فَحْو
3379,فَحَا,فحو,فَعَلَ يَفْعُلُ ( فتحُ ضمٍّ ),لازم,0,1,1, لسان العرب ,فَحْي
3380,فَحَى,فحي,فَعَلَ يَفْعِلُ ( فتحُ كَسْرٍ ),لازم,0,1,1, لسان العرب ,فَحًى
3381,فَحِيَ,فحي,فَعِلَ يَفْعَلُ ( كسر فتح ),لازم,0,1,1, لسان العرب ,فَخْت
3382,فَخَتَ,فخت,فَعَلَ يَفْعَلُ ( فتحتان ),متعدي,0,1,1, لسان العرب,فَخَج
3383,فَخَجَ,فخج,فَعَلَ يَفْعَلُ ( فتحتان ),لازم,0,1,1, لسان العرب,فَخَج
3384,فَخِجَ,فخج,فَعِلَ يَفْعَلُ ( كسر فتح ),لازم,0,1,1, لسان العرب,فَخّ
3385,فَخَّ,فخخ,فَعَلَ يَفْعِلُ ( فتحُ كَسْرٍ ),لازم,0,1,1, لسان العرب,فَخِيخ
3386,فَخَّ,فخخ,فَعِلَ يَفْعَلُ ( كسر فتح ),لازم,0,1,1, لسان العرب,فَخْذ
3387,فَخَذَ,فخذ,فَعَلَ يَفْعَلُ ( فتحتان ),متعدي,0,1,1, لسان العرب ,فَخْر
3388,فَخَرَ,فخر,فَعَلَ يَفْعُلُ ( فتحُ ضمٍّ ),متعدي,0,1,1, لسان العرب ,فَخَار
3389,فَخَرَ,فخر,فَعَلَ يَفْعَلُ ( فتحتان ),لازم,0,1,1, لسان العرب ,فَخَر
3390,فَخِرَ,فخر,فَعِلَ يَفْعَلُ ( كسر فتح ),لازم,0,1,1, لسان العرب ,فَخْز
3391,فَخَزَ,فخز,فَعَلَ يَفْعَلُ ( فتحتان ),متعدي,0,1,1, لسان العرب,خَدْع
3392,خَدَعَ,خدع,فَعَلَ يَفْعَلُ ( فتحتان ),متعدي,0,1,1, لسان العرب,فَخَز
3393,فَخِزَ,فخز,فَعِلَ يَفْعَلُ ( كسر فتح ),لازم,0,1,1, لسان العرب,فَخْش
3394,فَخَشَ,فخش,فَعَلَ يَفْعَلُ ( فتحتان ),متعدي,0,1,1, لسان العرب,فُخُومَة
3395,فَخُمَ,فخم,فَعُلَ يَفْعُلُ ( ضمَ ضمٍَ ),لازم,0,1,1, لسان العرب,فَدْح
3396,فَدَحَ,فدح,فَعَلَ يَفْعَلُ ( فتحتان ),متعدي,0,1,1, لسان العرب ,فَدْخ
3397,فَدَخَ,فدخ,فَعَلَ يَفْعَلُ ( فتحتان ),متعدي,0,1,1, لسان العرب ,فَدّ
3398,فَدَّ,فدد,فَعَلَ يَفْعِلُ ( فتحُ كَسْرٍ ),لازم,0,1,1, لسان العرب ,فَدْر
3399,فَدَرَ,فدر,فَعَلَ يَفْعِلُ ( فتحُ كَسْرٍ ),لازم,0,1,1, لسان العرب ,فَدَر
3400,فَدِرَ,فدر,فَعِلَ يَفْعَلُ ( كسر فتح ),لازم,0,1,1, لسان العرب,فَدَش
3401,فَدَشَ,فدش,فَعَلَ يَفْعُلُ ( فتحُ ضمٍّ ),متعدي,0,1,1, لسان العرب,فَدَع
3402,فَدِعَ,فدع,فَعِلَ يَفْعَلُ ( كسر فتح ),لازم,0,1,1, لسان العرب,فَدْغ
3403,فَدَغَ,فدغ,فَعَلَ يَفْعَلُ ( فتحتان ),متعدي,0,1,1, لسان العرب,فَدَم
3404,فَدَمَ,فدم,فَعَلَ يَفْعِلُ ( فتحُ كَسْرٍ ),متعدي,0,1,1, لسان العرب,فَدَامَة
3405,فَدُمَ,فدم,فَعُلَ يَفْعُلُ ( ضمَ ضمٍَ ),لازم,0,1,1, لسان العرب ,فِدَاء
3406,فَدَى,فدي,فَعَلَ يَفْعِلُ ( فتحُ كَسْرٍ ),متعدي,0,1,1, لسان العرب ,فَدًى
3407,فَذَّ,فذذ,فَعَلَ يَفْعُلُ ( فتحُ ضمٍّ ),متعدي,0,1,1, لسان العرب ,فَذّ
3408,فَذَّ,فذذ,فَعَلَ يَفْعِلُ ( فتحُ كَسْرٍ ),متعدي,0,1,1, لسان العرب ,فَذِّيذ
3409,فَرَتَ,فرت,فَعَلَ يَفْعُلُ ( فتحُ ضمٍّ ),لازم,0,1,1, لسان العرب,فَرْت
3410,فَرِتَ,فرت,فَعِلَ يَفْعَلُ ( كسر فتح ),لازم,0,1,1, لسان العرب,فَرَت
3411,فَرُتَ,فرت,فَعُلَ يَفْعُلُ ( ضمَ ضمٍَ ),لازم,0,1,1, لسان العرب,فُرُوتَة
3412,فَرَثَ,فرث,فَعَلَ يَفْعُلُ ( فتحُ ضمٍّ ),متعدي,0,1,1, لسان العرب,فَرْث
3413,فَرَثَ,فرث,فَعَلَ يَفْعِلُ ( فتحُ كَسْرٍ ),متعدي,0,1,1, لسان العرب,فُرُوث
3414,فَرِثَ,فرث,فَعِلَ يَفْعَلُ ( كسر فتح ),لازم,0,1,1, لسان العرب ,فَرَث
3415,فَرَجَ,فرج,فَعَلَ يَفْعِلُ ( فتحُ كَسْرٍ ),متعدي,0,1,1, لسان العرب ,فَرْج
3416,فَرِجَ,فرج,فَعِلَ يَفْعَلُ ( كسر فتح ),لازم,0,1,1, لسان العرب ,فَرَج
3417,فَرُجَ,فرج,فَعُلَ يَفْعُلُ ( ضمَ ضمٍَ ),لازم,0,1,1, لسان العرب ,فَرَاجَة
3418,فَرِحَ,فرح,فَعِلَ يَفْعَلُ ( كسر فتح ),لازم,0,1,1, لسان العرب ,فَرَح
3419,فَرِخَ,فرخ,فَعِلَ يَفْعَلُ ( كسر فتح ),لازم,0,1,1, لسان العرب ,فَرِخ
3420,فَرَدَ,فرد,فَعَلَ يَفْعُلُ ( فتحُ ضمٍّ ),لازم,0,1,1, لسان العرب,فَرْد
3421,فَرِدَ,فرد,فَعِلَ يَفْعَلُ ( كسر فتح ),لازم,0,1,1, لسان العرب,فَرَد
3422,فَرُدَ,فرد,فَعُلَ يَفْعُلُ ( ضمَ ضمٍَ ),لازم,0,1,1, لسان العرب,فُرودة
3423,فَرَّ,فرر,فَعَلَ يَفْعُلُ ( فتحُ ضمٍّ ),لازم,0,1,1, لسان العرب,فَرّ
3424,فَرَّ,فرر,فَعَلَ يَفْعِلُ ( فتحُ كَسْرٍ ),لازم,0,1,1, لسان العرب,فَرِير
3425,خَدَفَ,خدف,فَعَلَ يَفْعِلُ ( فتحُ كَسْرٍ ),متعدي,0,1,1, لسان العرب ,خَدَف
3426,فَرَزَ,فرز,فَعَلَ يَفْعِلُ ( فتحُ كَسْرٍ ),متعدي,0,1,1, لسان العرب ,فَرْز
3427,فَرَسَ,فرس,فَعَلَ يَفْعِلُ ( فتحُ كَسْرٍ ),متعدي,0,1,1, لسان العرب ,فَرْس
3428,فَرِسَ,فرس,فَعِلَ يَفْعَلُ ( كسر فتح ),لازم,0,1,1, لسان العرب ,فَرَس
3429,فَرُسَ,فرس,فَعُلَ يَفْعُلُ ( ضمَ ضمٍَ ),لازم,0,1,1, لسان العرب,فَرَاسة
3430,فَرَشَ,فرش,فَعَلَ يَفْعُلُ ( فتحُ ضمٍّ ),متعدي,0,1,1, لسان العرب,فَرْش
3431,فَرَشَ,فرش,فَعَلَ يَفْعِلُ ( فتحُ كَسْرٍ ),متعدي,0,1,1, لسان العرب,فَرَش
3432,فَرَصَ,فرص,فَعَلَ يَفْعُلُ ( فتحُ ضمٍّ ),متعدي,0,1,1, لسان العرب,فَرْص
3433,فَرَصَ,فرص,فَعَلَ يَفْعِلُ ( فتحُ كَسْرٍ ),متعدي,0,1,1, لسان العرب,فَرَص
3434,فَرَضَ,فرض,فَعَلَ يَفْعِلُ ( فتحُ كَسْرٍ ),متعدي,0,1,1, لسان العرب ,فَرْض
3435,فَرُضَ,فرض,فَعُلَ يَفْعُلُ ( ضمَ ضمٍَ ),لازم,0,1,1, لسان العرب ,فَرَاضة
3436,فَرَطَ,فرط,فَعَلَ يَفْعُلُ ( فتحُ ضمٍّ ),متعدي,0,1,1, لسان العرب ,فَرْط
3437,فَرَطَ,فرط,فَعَلَ يَفْعِلُ ( فتحُ كَسْرٍ ),متعدي,0,1,1, لسان العرب ,فُرُوط
3438,فَرَعَ,فرع,فَعَلَ يَفْعَلُ ( فتحتان ),متعدي,0,1,1, لسان العرب,فَرْع
3439,فَرِعَ,فرع,فَعِلَ يَفْعَلُ ( كسر فتح ),لازم,0,1,1, لسان العرب,فَرَع
3440,فَرَغَ,فرغ,فَعَلَ يَفْعُلُ ( فتحُ ضمٍّ ),متعدي,0,1,1, لسان العرب,فَرْغ
3441,فَرَغَ,فرغ,فَعَلَ يَفْعَلُ ( فتحتان ),متعدي,0,1,1, لسان العرب,فُرُوغ
3442,فَرِغَ,فرغ,فَعِلَ يَفْعَلُ ( كسر فتح ),متعدي,0,1,1, لسان العرب,فَرَاغ
3443,فَرُغَ,فرغ,فَعُلَ يَفْعُلُ ( ضمَ ضمٍَ ),لازم,0,1,1, لسان العرب ,فُرُوفة
3444,فَرَقَ,فرق,فَعَلَ يَفْعُلُ ( فتحُ ضمٍّ ),متعدي,0,1,1, لسان العرب ,فَرْق
3445,فَرَقَ,فرق,فَعَلَ يَفْعِلُ ( فتحُ كَسْرٍ ),متعدي,0,1,1, لسان العرب ,فُرُوق
3446,فَرِقَ,فرق,فَعِلَ يَفْعَلُ ( كسر فتح ),لازم,0,1,1, لسان العرب ,فَرَق
3447,فَرَكَ,فرك,فَعَلَ يَفْعُلُ ( فتحُ ضمٍّ ),متعدي,0,1,1, لسان العرب,فَرْك
3448,فَرِكَ,فرك,فَعِلَ يَفْعَلُ ( كسر فتح ),متعدي,0,1,1, لسان العرب,فَرِك
3449,فَرَمَ,فرم,فَعَلَ يَفْعُلُ ( فتحُ ضمٍّ ),متعدي,0,1,1, لسان العرب,فَرْم
3450,فَرَهَ,فره,فَعَلَ يَفْعُلُ ( فتحُ ضمٍّ ),لازم,0,1,1, لسان العرب,فَرْه
3451,فَرِهَ,فره,فَعِلَ يَفْعَلُ ( كسر فتح ),لازم,0,1,1, لسان العرب,فَرَه
3452,فَرُهَ,فره,فَعُلَ يَفْعُلُ ( ضمَ ضمٍَ ),لازم,0,1,1, لسان العرب ,فَرَاهة
3453,فَرَى,فري,فَعَلَ يَفْعِلُ ( فتحُ كَسْرٍ ),متعدي,0,1,1, لسان العرب ,فَرْي
3454,فَرِيَ,فري,فَعِلَ يَفْعَلُ ( كسر فتح ),لازم,0,1,1, لسان العرب ,فَرًى
3455,خَدِلَ,خدل,فَعِلَ يَفْعَلُ ( كسر فتح ),لازم,0,1,1, لسان العرب ,خَدَل
3456,فَزَرَ,فزر,فَعَلَ يَفْعُلُ ( فتحُ ضمٍّ ),متعدي,0,1,1, لسان العرب,فَزْر
3457,فَزِرَ,فزر,فَعِلَ يَفْعَلُ ( كسر فتح ),لازم,0,1,1, لسان العرب,فَزَر
3458,فَزَّ,فزز,فَعَلَ يَفْعُلُ ( فتحُ ضمٍّ ),لازم,0,1,1, لسان العرب,فَزّ
3459,فَزَّ,فزز,فَعَلَ يَفْعِلُ ( فتحُ كَسْرٍ ),لازم,0,1,1, لسان العرب,فَزِيز
3460,فَزَعَ,فزع,فَعَلَ يَفْعَلُ ( فتحتان ),متعدي,0,1,1, لسان العرب,فَزْع
3461,فَزِعَ,فزع,فَعِلَ يَفْعَلُ ( كسر فتح ),متعدي,0,1,1, لسان العرب ,فَزَع
3462,فَسَأَ,فسء,فَعَلَ يَفْعَلُ ( فتحتان ),متعدي,0,1,1, لسان العرب ,فَسْأ
3463,فَسِئَ,فسء,فَعِلَ يَفْعَلُ ( كسر فتح ),لازم,0,1,1, لسان العرب ,فَسَأ
3464,فَسَجَ,فسج,فَعَلَ يَفْعُلُ ( فتحُ ضمٍّ ),لازم,0,1,1, لسان العرب ,فَسْج
3465,فَسَحَ,فسح,فَعَلَ يَفْعَلُ ( فتحتان ),متعدي,0,1,1, لسان العرب,فَسْح
3466,فَسُحَ,فسح,فَعُلَ يَفْعُلُ ( ضمَ ضمٍَ ),لازم,0,1,1, لسان العرب,فَسَاحة
3467,فَسَخَ,فسخ,فَعَلَ يَفْعَلُ ( فتحتان ),متعدي,0,1,1, لسان العرب,فَسْخ
3468,فَسِخَ,فسخ,فَعِلَ يَفْعَلُ ( كسر فتح ),لازم,0,1,1, لسان العرب,فَسَخ
3469,فَسَدَ,فسد,فَعَلَ يَفْعُلُ ( فتحُ ضمٍّ ),لازم,0,1,1, لسان العرب,فَسْد
3470,فَسُدَ,فسد,فَعُلَ يَفْعُلُ ( ضمَ ضمٍَ ),لازم,0,1,1, لسان العرب ,فَسَاد
3471,فَسَرَ,فسر,فَعَلَ يَفْعُلُ ( فتحُ ضمٍّ ),متعدي,0,1,1, لسان العرب ,فَسْر
3472,فَسَرَ,فسر,فَعَلَ يَفْعِلُ ( فتحُ كَسْرٍ ),متعدي,0,1,1, لسان العرب ,فَسْر
3473,فَسَقَ,فسق,فَعَلَ يَفْعُلُ ( فتحُ ضمٍّ ),متعدي,0,1,1, لسان العرب ,فَسْق
3474,فَسَقَ,فسق,فَعَلَ يَفْعِلُ ( فتحُ كَسْرٍ ),متعدي,0,1,1, لسان العرب,فُسُوق
3475,فَسُقَ,فسق,فَعُلَ يَفْعُلُ ( ضمَ ضمٍَ ),لازم,0,1,1, لسان العرب,فَسَاقة
3476,فَسَلَ,فسل,فَعَلَ يَفْعُلُ ( فتحُ ضمٍّ ),متعدي,0,1,1, لسان العرب,فَسْل
3477,فَسِلَ,فسل,فَعِلَ يَفْعَلُ ( كسر فتح ),لازم,0,1,1, لسان العرب,فَسَل
3478,فَسُلَ,فسل,فَعُلَ يَفْعُلُ ( ضمَ ضمٍَ ),لازم,0,1,1, لسان العرب,فَسَالة
3479,فَسَا,فسو,فَعَلَ يَفْعُلُ ( فتحُ ضمٍّ ),لازم,0,1,1, لسان العرب ,فَسْو
3480,فَشَأَ,فشء,فَعَلَ يَفْعَلُ ( فتحتان ),لازم,0,1,1, لسان العرب ,فَشْأ
3481,فَشَجَ,فشج,فَعَلَ يَفْعِلُ ( فتحُ كَسْرٍ ),لازم,0,1,1, لسان العرب ,فَشَج
3482,فَشَحَ,فشح,فَعَلَ يَفْعَلُ ( فتحتان ),لازم,0,1,1, لسان العرب ,فَشَح
3483,فَشَخَ,فشخ,فَعَلَ يَفْعَلُ ( فتحتان ),متعدي,0,1,1, لسان العرب,فَشَخ
3484,فَشَّ,فشش,فَعَلَ يَفْعُلُ ( فتحُ ضمٍّ ),متعدي,0,1,1, لسان العرب,فَشّ
3485,فَشَعَ,فشع,فَعَلَ يَفْعَلُ ( فتحتان ),لازم,0,1,1, لسان العرب,فَشَع
3486,خَدَمَ,خدم,فَعَلَ يَفْعُلُ ( فتحُ ضمٍّ ),متعدي,0,1,1, لسان العرب,خَدْم
3487,فَشَغَ,فشغ,فَعَلَ يَفْعَلُ ( فتحتان ),متعدي,0,1,1, لسان العرب,فَشْغ
3488,فَشِغَ,فشغ,فَعِلَ يَفْعَلُ ( كسر فتح ),لازم,0,1,1, لسان العرب ,فَشَغ
3489,فَشَقَ,فشق,فَعَلَ يَفْعُلُ ( فتحُ ضمٍّ ),متعدي,0,1,1, لسان العرب ,فَشْق
3490,فَشِقَ,فشق,فَعِلَ يَفْعَلُ ( كسر فتح ),لازم,0,1,1, لسان العرب ,فَشَق
3491,فَشَلَ,فشل,فَعَلَ يَفْعُلُ ( فتحُ ضمٍّ ),متعدي,0,1,1, لسان العرب ,فَشْل
3492,فَشِلَ,فشل,فَعِلَ يَفْعَلُ ( كسر فتح ),لازم,0,1,1, لسان العرب,فَشَل
3493,فَشَا,فشو,فَعَلَ يَفْعُلُ ( فتحُ ضمٍّ ),لازم,0,1,1, لسان العرب,فَشَا
3494,فَصَحَ,فصح,فَعَلَ يَفْعَلُ ( فتحتان ),متعدي,0,1,1, لسان العرب,فَصَح
3495,فَصُحَ,فصح,فَعُلَ يَفْعُلُ ( ضمَ ضمٍَ ),لازم,0,1,1, لسان العرب,فَصَاحة
3496,فَصَخَ,فصخ,فَعَلَ يَفْعَلُ ( فتحتان ),متعدي,0,1,1, لسان العرب,فَصْخ
3497,فَصَدَ,فصد,فَعَلَ يَفْعِلُ ( فتحُ كَسْرٍ ),متعدي,0,1,1, لسان العرب ,فَصْد
3498,فَصَّ,فصص,فَعَلَ يَفْعِلُ ( فتحُ كَسْرٍ ),متعدي,0,1,1, لسان العرب ,فَصّ
3499,فَصَعَ,فصع,فَعَلَ يَفْعَلُ ( فتحتان ),متعدي,0,1,1, لسان العرب ,فَصْع
3500,فَصَلَ,فصل,فَعَلَ يَفْعُلُ ( فتحُ ضمٍّ ),لازم,0,1,1, لسان العرب ,فَصْل
3501,فَصَلَ,فصل,فَعَلَ يَفْعِلُ ( فتحُ كَسْرٍ ),متعدي,0,1,1, لسان العرب,فُصُول
3502,فَصَمَ,فصم,فَعَلَ يَفْعِلُ ( فتحُ كَسْرٍ ),متعدي,0,1,1, لسان العرب,فَصْم
3503,فَصَى,فصي,فَعَلَ يَفْعِلُ ( فتحُ كَسْرٍ ),متعدي,0,1,1, لسان العرب,فَصًى
3504,فَضَحَ,فضح,فَعَلَ يَفْعَلُ ( فتحتان ),متعدي,0,1,1, لسان العرب,فَضْح
3505,فَضِحَ,فضح,فَعِلَ يَفْعَلُ ( كسر فتح ),لازم,0,1,1, لسان العرب,فَضَح
3506,فَضَخَ,فضخ,فَعَلَ يَفْعَلُ ( فتحتان ),لازم,0,1,1, لسان العرب ,فَضْخ
3507,فَضَّ,فضض,فَعَلَ يَفْعُلُ ( فتحُ ضمٍّ ),متعدي,0,1,1, لسان العرب ,فَضّ
3508,فَضَعَ,فضع,فَعَلَ يَفْعَلُ ( فتحتان ),لازم,0,1,1, لسان العرب ,فَضَع
3509,فَضَغَ,فضغ,فَعَلَ يَفْعَلُ ( فتحتان ),متعدي,0,1,1, لسان العرب ,فَضْغ
3510,فَضَلَ,فضل,فَعَلَ يَفْعُلُ ( فتحُ ضمٍّ ),متعدي,0,1,1, لسان العرب,فَضْل
3511,فَضِلَ,فضل,فَعِلَ يَفْعَلُ ( كسر فتح ),لازم,0,1,1, لسان العرب,فَضَل
3512,فَضُلَ,فضل,فَعُلَ يَفْعُلُ ( ضمَ ضمٍَ ),لازم,0,1,1, لسان العرب,فَضَالة
3513,فَضَا,فضو,فَعَلَ يَفْعُلُ ( فتحُ ضمٍّ ),متعدي,0,1,1, لسان العرب,فَضًا
3514,فَطَأَ,فطء,فَعَلَ يَفْعَلُ ( فتحتان ),متعدي,0,1,1, لسان العرب,فَطْأ
3515,فَطِئَ,فطء,فَعِلَ يَفْعَلُ ( كسر فتح ),لازم,0,1,1, لسان العرب ,فَطَأ
3516,فَطَحَ,فطح,فَعَلَ يَفْعَلُ ( فتحتان ),متعدي,0,1,1, لسان العرب ,فَطْح
3517,خَدَمَ,خدم,فَعَلَ يَفْعِلُ ( فتحُ كَسْرٍ ),متعدي,0,1,1, لسان العرب ,خَدْم
3518,فَطِحَ,فطح,فَعِلَ يَفْعَلُ ( كسر فتح ),لازم,0,1,1, لسان العرب ,فَطَح
3519,فَطَرَ,فطر,فَعَلَ يَفْعُلُ ( فتحُ ضمٍّ ),متعدي,0,1,1, لسان العرب,فَطْر
3520,فَطَرَ,فطر,فَعَلَ يَفْعِلُ ( فتحُ كَسْرٍ ),لازم,0,1,1, لسان العرب,فَطْر
3521,فَطَسَ,فطس,فَعَلَ يَفْعِلُ ( فتحُ كَسْرٍ ),لازم,0,1,1, لسان العرب,فُطُور
3522,فَطِسَ,فطس,فَعِلَ يَفْعَلُ ( كسر فتح ),لازم,0,1,1, لسان العرب,فُطُوس
3523,فَطَمَ,فطم,فَعَلَ يَفْعِلُ ( فتحُ كَسْرٍ ),متعدي,0,1,1, لسان العرب,فَطَس
3524,فَطَنَ,فطن,فَعَلَ يَفْعُلُ ( فتحُ ضمٍّ ),لازم,0,1,1, لسان العرب ,فَطْم
3525,فَطِنَ,فطن,فَعِلَ يَفْعَلُ ( كسر فتح ),لازم,0,1,1, لسان العرب ,فَطْن
3526,فَطُنَ,فطن,فَعُلَ يَفْعُلُ ( ضمَ ضمٍَ ),لازم,0,1,1, لسان العرب ,فَطَانة
3527,فَطِهَ,فطه,فَعِلَ يَفْعَلُ ( كسر فتح ),لازم,0,1,1, لسان العرب ,فَطَانة
3528,فَطَا,فطو,فَعَلَ يَفْعُلُ ( فتحُ ضمٍّ ),متعدي,0,1,1, لسان العرب,فَطَه
3529,فَظَّ,فظظ,فَعَلَ يَفْعُلُ ( فتحُ ضمٍّ ),متعدي,0,1,1, لسان العرب,فَطْو
3530,فَظَّ,فظظ,فَعِلَ يَفْعَلُ ( كسر فتح ),لازم,0,1,1, لسان العرب,فَظّ
3531,فَظِعَ,فظع,فَعِلَ يَفْعَلُ ( كسر فتح ),لازم,0,1,1, لسان العرب,فَظَاظة
3532,فَظُعَ,فظع,فَعُلَ يَفْعُلُ ( ضمَ ضمٍَ ),لازم,0,1,1, لسان العرب,فَظَع
3533,فَعَرَ,فعر,فَعَلَ يَفْعَلُ ( فتحتان ),لازم,0,1,1, لسان العرب ,فَظَاعة
3534,فَعَلَ,فعل,فَعَلَ يَفْعَلُ ( فتحتان ),متعدي,0,1,1, لسان العرب ,فَعْر
3535,فَعَمَ,فعم,فَعَلَ يَفْعَلُ ( فتحتان ),متعدي,0,1,1, لسان العرب ,فَعْل
3536,فَعِمَ,فعم,فَعِلَ يَفْعَلُ ( كسر فتح ),لازم,0,1,1, لسان العرب ,فَعْم
3537,فَعُمَ,فعم,فَعُلَ يَفْعُلُ ( ضمَ ضمٍَ ),لازم,0,1,1, لسان العرب,فَعَم
3538,فَغَرَ,فغر,فَعَلَ يَفْعُلُ ( فتحُ ضمٍّ ),متعدي,0,1,1, لسان العرب,فَعَامة
3539,فَغَرَ,فغر,فَعَلَ يَفْعَلُ ( فتحتان ),متعدي,0,1,1, لسان العرب,فَغْر
3540,فَغَّ,فغغ,فَعَلَ يَفْعُلُ ( فتحُ ضمٍّ ),لازم,0,1,1, لسان العرب,فُغُور
3541,فَغَمَ,فغم,فَعَلَ يَفْعَلُ ( فتحتان ),متعدي,0,1,1, لسان العرب,فَغّ
3542,فَغِمَ,فغم,فَعِلَ يَفْعَلُ ( كسر فتح ),لازم,0,1,1, لسان العرب ,فَغْم
3543,فَغَا,فغو,فَعَلَ يَفْعُلُ ( فتحُ ضمٍّ ),لازم,0,1,1, لسان العرب ,فَغَم
3544,فَغِيَ,فغي,فَعِلَ يَفْعَلُ ( كسر فتح ),لازم,0,1,1, لسان العرب ,فَغْو
3545,فَقَأَ,فقء,فَعَلَ يَفْعَلُ ( فتحتان ),متعدي,0,1,1, لسان العرب ,فَغًى
3546,خَدَى,خدي,فَعَلَ يَفْعِلُ ( فتحُ كَسْرٍ ),لازم,0,1,1, لسان العرب,فَقْء
3547,فَقَحَ,فقح,فَعَلَ يَفْعَلُ ( فتحتان ),لازم,0,1,1, لسان العرب,خَدْي
3548,فَقَخَ,فقخ,فَعَلَ يَفْعَلُ ( فتحتان ),متعدي,0,1,1, لسان العرب,فُقُوح
3549,فَقَدَ,فقد,فَعَلَ يَفْعِلُ ( فتحُ كَسْرٍ ),متعدي,0,1,1, لسان العرب,فَقْخ
3550,فَقَرَ,فقر,فَعَلَ يَفْعُلُ ( فتحُ ضمٍّ ),متعدي,0,1,1, لسان العرب,فَقْد / فُقْدَان
3551,فَقَرَ,فقر,فَعَلَ يَفْعِلُ ( فتحُ كَسْرٍ ),لازم,0,1,1, لسان العرب ,فَقْر
3552,فَقِرَ,فقر,فَعِلَ يَفْعَلُ ( كسر فتح ),لازم,0,1,1, لسان العرب ,فُقُور
3553,فَقُرَ,فقر,فَعُلَ يَفْعُلُ ( ضمَ ضمٍَ ),لازم,0,1,1, لسان العرب ,فَقَر
3554,فَقَسَ,فقس,فَعَلَ يَفْعِلُ ( فتحُ كَسْرٍ ),متعدي,0,1,1, لسان العرب ,فَقَارة
3555,فَقَشَ,فقش,فَعَلَ يَفْعِلُ ( فتحُ كَسْرٍ ),متعدي,0,1,1, لسان العرب,فَقْس
3556,فَقَصَ,فقص,فَعَلَ يَفْعِلُ ( فتحُ كَسْرٍ ),متعدي,0,1,1, لسان العرب,فَقْش
3557,فَقَعَ,فقع,فَعَلَ يَفْعُلُ ( فتحُ ضمٍّ ),متعدي,0,1,1, لسان العرب,فَقْص
3558,فَقَعَ,فقع,فَعَلَ يَفْعَلُ ( فتحتان ),لازم,0,1,1, لسان العرب,فَقْع
3559,فَقِعَ,فقع,فَعِلَ يَفْعَلُ ( كسر فتح ),لازم,0,1,1, لسان العرب,فُقُوع
3560,فَقَّ,فقق,فَعَلَ يَفْعُلُ ( فتحُ ضمٍّ ),متعدي,0,1,1, لسان العرب ,فَقَع
3561,فَقَّ,فقق,فَعَلَ يَفْعِلُ ( فتحُ كَسْرٍ ),لازم,0,1,1, لسان العرب ,فَقّ
3562,فَقَمَ,فقم,فَعَلَ يَفْعُلُ ( فتحُ ضمٍّ ),متعدي,0,1,1, لسان العرب ,فَقِيق
3563,فَقِمَ,فقم,فَعِلَ يَفْعَلُ ( كسر فتح ),لازم,0,1,1, لسان العرب ,فَقْم
3564,فَقُمَ,فقم,فَعُلَ يَفْعُلُ ( ضمَ ضمٍَ ),لازم,0,1,1, لسان العرب,فَقَم
3565,فَقِهَ,فقه,فَعِلَ يَفْعَلُ ( كسر فتح ),متعدي,0,1,1, لسان العرب,فَقَامة
3566,فَقُهَ,فقه,فَعُلَ يَفْعُلُ ( ضمَ ضمٍَ ),لازم,0,1,1, لسان العرب,فَقْه
3567,فَقَا,فقو,فَعَلَ يَفْعُلُ ( فتحُ ضمٍّ ),متعدي,0,1,1, لسان العرب,فَقَاهة
3568,فَكَرَ,فكر,فَعَلَ يَفْعُلُ ( فتحُ ضمٍّ ),لازم,0,1,1, لسان العرب,فَقْو
3569,فَكَرَ,فكر,فَعَلَ يَفْعِلُ ( فتحُ كَسْرٍ ),لازم,0,1,1, لسان العرب ,فِكْر
3570,فَكَعَ,فكع,فَعَلَ يَفْعَلُ ( فتحتان ),لازم,0,1,1, لسان العرب ,فَكْر
3571,فَكِعَ,فكع,فَعِلَ يَفْعَلُ ( كسر فتح ),لازم,0,1,1, لسان العرب ,فُكُوع
3572,فَكَّ,فكك,فَعَلَ يَفْعُلُ ( فتحُ ضمٍّ ),متعدي,0,1,1, لسان العرب ,فَكَع
3573,فَكَّ,فكك,فَعِلَ يَفْعَلُ ( كسر فتح ),لازم,0,1,1, لسان العرب,فَكّ
3574,فَكَّ,فكك,فَعُلَ يَفْعُلُ ( ضمَ ضمٍَ ),لازم,0,1,1, لسان العرب,فَكِيك
3575,فَكَنَ,فكن,فَعَلَ يَفْعُلُ ( فتحُ ضمٍّ ),لازم,0,1,1, لسان العرب,فُكُون
3576,خَذَأَ,خذء,فَعَلَ يَفْعَلُ ( فتحتان ),لازم,0,1,1, لسان العرب,خُذُوء
3577,فَكِهَ,فكه,فَعِلَ يَفْعَلُ ( كسر فتح ),لازم,0,1,1, لسان العرب,فَكَه
3578,فَلَأَ,فلء,فَعَلَ يَفْعَلُ ( فتحتان ),متعدي,0,1,1, لسان العرب ,فَلْء
3579,فَلَتَ,فلت,فَعَلَ يَفْعِلُ ( فتحُ كَسْرٍ ),لازم,0,1,1, لسان العرب ,فُلُوت
3580,فَلَجَ,فلج,فَعَلَ يَفْعُلُ ( فتحُ ضمٍّ ),متعدي,0,1,1, لسان العرب ,فَلْج
3581,فَلَجَ,فلج,فَعَلَ يَفْعِلُ ( فتحُ كَسْرٍ ),متعدي,0,1,1, لسان العرب ,فُلُوج
3582,فَلِجَ,فلج,فَعِلَ يَفْعَلُ ( كسر فتح ),لازم,0,1,1, لسان العرب,فَلَج
3583,فَلَحَ,فلح,فَعَلَ يَفْعَلُ ( فتحتان ),متعدي,0,1,1, لسان العرب,فَلْح
3584,فَلِحَ,فلح,فَعِلَ يَفْعَلُ ( كسر فتح ),لازم,0,1,1, لسان العرب,فَلَح
3585,فَلَخَ,فلخ,فَعَلَ يَفْعَلُ ( فتحتان ),متعدي,0,1,1, لسان العرب,فَلْخ
3586,فَلَذَ,فلذ,فَعَلَ يَفْعِلُ ( فتحُ كَسْرٍ ),متعدي,0,1,1, لسان العرب,فَلْذ
3587,فَلِسَ,فلس,فَعِلَ يَفْعَلُ ( كسر فتح ),لازم,0,1,1, لسان العرب ,فَلَس
3588,فَلَطَ,فلط,فَعَلَ يَفْعُلُ ( فتحُ ضمٍّ ),لازم,0,1,1, لسان العرب ,فَلْط
3589,فَلَعَ,فلع,فَعَلَ يَفْعَلُ ( فتحتان ),متعدي,0,1,1, لسان العرب ,فَلْع
3590,فَلَغَ,فلغ,فَعَلَ يَفْعَلُ ( فتحتان ),متعدي,0,1,1, لسان العرب ,فَلْغ
3591,فَلَقَ,فلق,فَعَلَ يَفْعِلُ ( فتحُ كَسْرٍ ),متعدي,0,1,1, لسان العرب,فَلْق
3592,فَلَكَ,فلك,فَعَلَ يَفْعُلُ ( فتحُ ضمٍّ ),لازم,0,1,1, لسان العرب,فُلُوك
3593,فَلِكَ,فلك,فَعِلَ يَفْعَلُ ( كسر فتح ),لازم,0,1,1, لسان العرب,فَلَك
3594,فَلَّ,فلل,فَعَلَ يَفْعُلُ ( فتحُ ضمٍّ ),متعدي,0,1,1, لسان العرب,فَلّ
3595,فَلَّ,فلل,فَعَلَ يَفْعِلُ ( فتحُ كَسْرٍ ),لازم,0,1,1, لسان العرب,فَلِيل
3596,فَلَّ,فلل,فَعِلَ يَفْعَلُ ( كسر فتح ),لازم,0,1,1, لسان العرب ,فَلَال
3597,فَلَا,فلو,فَعَلَ يَفْعُلُ ( فتحُ ضمٍّ ),متعدي,0,1,1, لسان العرب ,فَلْو
3598,فَلَى,فلي,فَعَلَ يَفْعِلُ ( فتحُ كَسْرٍ ),متعدي,0,1,1, لسان العرب ,فَلْي
3599,فَلِيَ,فلي,فَعِلَ يَفْعَلُ ( كسر فتح ),لازم,0,1,1, لسان العرب ,فَلًى
3600,فَنَحَ,فنح,فَعَلَ يَفْعَلُ ( فتحتان ),لازم,0,1,1, لسان العرب,فُنُوح
3601,فَنَخَ,فنخ,فَعَلَ يَفْعَلُ ( فتحتان ),متعدي,0,1,1, لسان العرب,فَنَخ
3602,فَنِدَ,فند,فَعِلَ يَفْعَلُ ( كسر فتح ),لازم,0,1,1, لسان العرب,فَنَد
3603,فَنَسَ,فنس,فَعَلَ يَفْعِلُ ( فتحُ كَسْرٍ ),لازم,0,1,1, لسان العرب,فُنُوس
3604,فَنِعَ,فنع,فَعِلَ يَفْعَلُ ( كسر فتح ),لازم,0,1,1, لسان العرب,فَنَع
3605,فَنَقَ,فنق,فَعَلَ يَفْعِلُ ( فتحُ كَسْرٍ ),لازم,0,1,1, لسان العرب ,فُنُوق
3606,فَنَكَ,فنك,فَعَلَ يَفْعُلُ ( فتحُ ضمٍّ ),لازم,0,1,1, لسان العرب ,فُنُوك
3607,فَنِكَ,فنك,فَعِلَ يَفْعَلُ ( كسر فتح ),لازم,0,1,1, لسان العرب ,فَنَك
3608,فَنَّ,فنن,فَعَلَ يَفْعُلُ ( فتحُ ضمٍّ ),متعدي,0,1,1, لسان العرب ,فَنّ
3609,خَذِئَ,خذء,فَعِلَ يَفْعَلُ ( كسر فتح ),لازم,0,1,1, لسان العرب,خَذَأ
3610,فَنِيَ,فني,فَعِلَ يَفْعَلُ ( كسر فتح ),لازم,0,1,1, لسان العرب,فَنَاء
3611,فَهَدَ,فهد,فَعَلَ يَفْعَلُ ( فتحتان ),لازم,0,1,1, لسان العرب,فُهُود
3612,فَهِدَ,فهد,فَعِلَ يَفْعَلُ ( كسر فتح ),لازم,0,1,1, لسان العرب,فَهَد
3613,فَهَرَ,فهر,فَعَلَ يَفْعَلُ ( فتحتان ),لازم,0,1,1, لسان العرب,فَهْر
3614,فَهَقَ,فهق,فَعَلَ يَفْعَلُ ( فتحتان ),متعدي,0,1,1, لسان العرب ,فُهُوق
3615,فَهِقَ,فهق,فَعِلَ يَفْعَلُ ( كسر فتح ),لازم,0,1,1, لسان العرب ,فَهِق
3616,فَهِمَ,فهم,فَعِلَ يَفْعَلُ ( كسر فتح ),متعدي,0,1,1, لسان العرب ,فَهْم
3617,فَهَّ,فهه,فَعِلَ يَفْعَلُ ( كسر فتح ),لازم,0,1,1, لسان العرب ,فَهَاهة
3618,فَهَا,فهو,فَعَلَ يَفْعُلُ ( فتحُ ضمٍّ ),لازم,0,1,1,لسان العرب,فَهْو
3619,فَاتَ,فوت,فَعَلَ يَفْعُلُ ( فتحُ ضمٍّ ),متعدي,0,1,1, لسان العرب,فَوْت
3620,فَاجَ,فوج,فَعَلَ يَفْعُلُ ( فتحُ ضمٍّ ),لازم,0,1,1, لسان العرب,فَوْج
3621,فَاحَ,فوح,فَعَلَ يَفْعُلُ ( فتحُ ضمٍّ ),لازم,0,1,1, لسان العرب,فَوْح / فَيْح
3622,فَاخَ,فوخ,فَعَلَ يَفْعُلُ ( فتحُ ضمٍّ ),لازم,0,1,1, لسان العرب,فَخّ
3623,فَادَ,فود,فَعَلَ يَفْعُلُ ( فتحُ ضمٍّ ),متعدي,0,1,1, لسان العرب,فَيْد
3624,فَارَ,فور,فَعَلَ يَفْعُلُ ( فتحُ ضمٍّ ),متعدي,0,1,1, لسان العرب ,حركة
3625,فَازَ,فوز,فَعَلَ يَفْعُلُ ( فتحُ ضمٍّ ),لازم,0,1,1, لسان العرب ,فَوْز
3626,فَاظَ,فوظ,فَعَلَ يَفْعُلُ ( فتحُ ضمٍّ ),متعدي,0,1,1, لسان العرب ,فَيْظ
3627,فَاعَ,فوع,فَعَلَ يَفْعُلُ ( فتحُ ضمٍّ ),لازم,0,1,1, لسان العرب ,فَوْع
3628,فَاغَ,فوغ,فَعَلَ يَفْعُلُ ( فتحُ ضمٍّ ),لازم,0,1,1, لسان العرب,فَوْغ
3629,فَافَ,فوف,فَعَلَ يَفْعُلُ ( فتحُ ضمٍّ ),لازم,0,1,1, لسان العرب,فَفّ
3630,فَاقَ,فوق,فَعَلَ يَفْعُلُ ( فتحُ ضمٍّ ),متعدي,0,1,1, لسان العرب,فَوْق
3631,فَوِقَ,فوق,فَعِلَ يَفْعَلُ ( كسر فتح ),لازم,0,1,1, لسان العرب,فَوَق
3632,فَاهَ,فوه,فَعَلَ يَفْعُلُ ( فتحُ ضمٍّ ),لازم,0,1,1, لسان العرب,فَوْه
3633,فَوِهَ,فوه,فَعِلَ يَفْعَلُ ( كسر فتح ),لازم,0,1,1, لسان العرب ,فَوَه
3634,فَاءَ,فيء,فَعَلَ يَفْعِلُ ( فتحُ كَسْرٍ ),لازم,0,1,1, لسان العرب ,فَيْء
3635,فَاجَ,فيج,فَعَلَ يَفْعِلُ ( فتحُ كَسْرٍ ),لازم,0,1,1, لسان العرب ,فَوْج
3636,خَذَّ,خذذ,فَعَلَ يَفْعُلُ ( فتحُ ضمٍّ ),متعدي,0,1,1, لسان العرب ,خَذّ
3637,فَاحَ,فيح,فَعَلَ يَفْعِلُ ( فتحُ كَسْرٍ ),لازم,0,1,1, لسان العرب,فَوْح
3638,فَيِحَ,فيح,فَعِلَ يَفْعَلُ ( كسر فتح ),لازم,0,1,1, لسان العرب,فَيَح
3639,فَاخَ,فيخ,فَعَلَ يَفْعِلُ ( فتحُ كَسْرٍ ),لازم,0,1,1, لسان العرب,فَوْخ
3640,فَادَ,فيد,فَعَلَ يَفْعِلُ ( فتحُ كَسْرٍ ),متعدي,0,1,1, لسان العرب,فَيْد
3641,فَاشَ,فيش,فَعَلَ يَفْعِلُ ( فتحُ كَسْرٍ ),متعدي,0,1,1, لسان العرب,فَيْش
3642,فَاصَ,فيص,فَعَلَ يَفْعِلُ ( فتحُ كَسْرٍ ),لازم,0,1,1, لسان العرب ,فَوْص
3643,فَاضَ,فيض,فَعَلَ يَفْعِلُ ( فتحُ كَسْرٍ ),لازم,0,1,1, لسان العرب ,فَيْض
3644,فَاظَ,فيظ,فَعَلَ يَفْعِلُ ( فتحُ كَسْرٍ ),لازم,0,1,1, لسان العرب ,حركة
3645,فَاقَ,فيق,فَعَلَ يَفْعِلُ ( فتحُ كَسْرٍ ),لازم,0,1,1, لسان العرب ,فَوْق
3646,فَالَ,فيل,فَعَلَ يَفْعِلُ ( فتحُ كَسْرٍ ),لازم,0,1,1, لسان العرب,فَوْل
3647,فَانَ,فين,فَعَلَ يَفْعِلُ ( فتحُ كَسْرٍ ),لازم,0,1,1, لسان العرب,فَوْن
3648,قَأَبَ,قءب,فَعَلَ يَفْعَلُ ( فتحتان ),متعدي,0,1,1, لسان العرب,قَأْب
3649,قَئِبَ,قءب,فَعِلَ يَفْعَلُ ( كسر فتح ),متعدي,0,1,1, لسان العرب,قَأَب
3650,قَئِمَ,قءم,فَعِلَ يَفْعَلُ ( كسر فتح ),لازم,0,1,1, لسان العرب,قَأَم
3651,قَأَى,قءي,فَعَلَ يَفْعَلُ ( فتحتان ),لازم,0,1,1, لسان العرب ,قَأْي
3652,قَبَّ,قبب,فَعَلَ يَفْعُلُ ( فتحُ ضمٍّ ),متعدي,0,1,1, لسان العرب ,قَبّ
3653,قَبَّ,قبب,فَعَلَ يَفْعِلُ ( فتحُ كَسْرٍ ),متعدي,0,1,1, لسان العرب ,قَبِيب
3654,قَبَّ,قبب,فَعِلَ يَفْعَلُ ( كسر فتح ),لازم,0,1,1, لسان العرب ,قَبَابَة
3655,قَبَّ,قبب,فَعِلَ يَفْعَلُ ( كسر فتح ),لازم,0,1,1, لسان العرب,قُبُوب 
3656,قَبَثَ,قبث,فَعَلَ يَفْعِلُ ( فتحُ كَسْرٍ ),لازم,0,1,1, لسان العرب,قَبْث
3657,قَبَحَ,قبح,فَعَلَ يَفْعَلُ ( فتحتان ),متعدي,0,1,1, لسان العرب,قَبْح
3658,قَبُحَ,قبح,فَعُلَ يَفْعُلُ ( ضمَ ضمٍَ ),لازم,0,1,1, لسان العرب,قَبَاحة
3659,قَبَرَ,قبر,فَعَلَ يَفْعُلُ ( فتحُ ضمٍّ ),متعدي,0,1,1, لسان العرب,قَبْر
3660,قَبَرَ,قبر,فَعَلَ يَفْعِلُ ( فتحُ كَسْرٍ ),متعدي,0,1,1, لسان العرب ,قُبُور
3661,قَبَسَ,قبس,فَعَلَ يَفْعِلُ ( فتحُ كَسْرٍ ),متعدي,0,1,1, لسان العرب ,قَبْس
3662,قَبِسَ,قبس,فَعِلَ يَفْعَلُ ( كسر فتح ),لازم,0,1,1, لسان العرب ,قَبَس
3663,قَبُسَ,قبس,فَعُلَ يَفْعُلُ ( ضمَ ضمٍَ ),لازم,0,1,1, لسان العرب ,قَبَاسة
3664,قَبَصَ,قبص,فَعَلَ يَفْعِلُ ( فتحُ كَسْرٍ ),متعدي,0,1,1, لسان العرب,قَبْص
3665,خَذَعَ,خذع,فَعَلَ يَفْعَلُ ( فتحتان ),متعدي,0,1,1, لسان العرب,خَذْع
3666,قَبِصَ,قبص,فَعِلَ يَفْعَلُ ( كسر فتح ),لازم,0,1,1, لسان العرب,قَبَص
3667,قَبَضَ,قبض,فَعَلَ يَفْعِلُ ( فتحُ كَسْرٍ ),متعدي,0,1,1, لسان العرب,قَبْض
3668,قَبَطَ,قبط,فَعَلَ يَفْعِلُ ( فتحُ كَسْرٍ ),متعدي,0,1,1, لسان العرب,قَبْط
3669,قَبَعَ,قبع,فَعَلَ يَفْعَلُ ( فتحتان ),لازم,0,1,1, لسان العرب ,قَبْع
3670,قَبَلَ,قبل,فَعَلَ يَفْعُلُ ( فتحُ ضمٍّ ),متعدي,0,1,1, لسان العرب ,قَبْل
3671,قَبَلَ,قبل,فَعَلَ يَفْعِلُ ( فتحُ كَسْرٍ ),لازم,0,1,1, لسان العرب ,قُبُول
3672,قَبِلَ,قبل,فَعِلَ يَفْعَلُ ( كسر فتح ),لازم,0,1,1, لسان العرب ,قَبَل
3673,قَبُلَ,قبل,فَعُلَ يَفْعُلُ ( ضمَ ضمٍَ ),لازم,0,1,1, لسان العرب,قَبَالة
3674,قَبَنَ,قبن,فَعَلَ يَفْعِلُ ( فتحُ كَسْرٍ ),لازم,0,1,1, لسان العرب,قَبْن
3675,قَبَا,قبو,فَعَلَ يَفْعُلُ ( فتحُ ضمٍّ ),متعدي,0,1,1, لسان العرب,قَبْو
3676,قَتَبَ,قتب,فَعَلَ يَفْعُلُ ( فتحُ ضمٍّ ),متعدي,0,1,1, لسان العرب,قَتْب
3677,قَتَّ,قتت,فَعَلَ يَفْعُلُ ( فتحُ ضمٍّ ),لازم,0,1,1, لسان العرب,قَتّ
3678,قَتِدَ,قتد,فَعِلَ يَفْعَلُ ( كسر فتح ),لازم,0,1,1, لسان العرب ,قَتَد
3679,قَتَرَ,قتر,فَعَلَ يَفْعُلُ ( فتحُ ضمٍّ ),لازم,0,1,1, لسان العرب ,قَتْر
3680,قَتَرَ,قتر,فَعَلَ يَفْعِلُ ( فتحُ كَسْرٍ ),لازم,0,1,1, لسان العرب ,قُتُور
3681,قَتِرَ,قتر,فَعِلَ يَفْعَلُ ( كسر فتح ),لازم,0,1,1, لسان العرب ,قَتَر
3682,قَتَعَ,قتع,فَعَلَ يَفْعَلُ ( فتحتان ),لازم,0,1,1, لسان العرب,قَتْع
3683,قَتَلَ,قتل,فَعَلَ يَفْعُلُ ( فتحُ ضمٍّ ),متعدي,0,1,1, لسان العرب,قَتْل
3684,قَتَمَ,قتم,فَعَلَ يَفْعُلُ ( فتحُ ضمٍّ ),لازم,0,1,1, لسان العرب,قَتْم
3685,قَتِمَ,قتم,فَعِلَ يَفْعَلُ ( كسر فتح ),لازم,0,1,1, لسان العرب,قَتَم
3686,قَتَنَ,قتن,فَعَلَ يَفْعُلُ ( فتحُ ضمٍّ ),لازم,0,1,1, لسان العرب,قَتْن
3687,قَتُنَ,قتن,فَعُلَ يَفْعُلُ ( ضمَ ضمٍَ ),لازم,0,1,1, لسان العرب ,قَتَانة
3688,قَتَا,قتو,فَعَلَ يَفْعُلُ ( فتحُ ضمٍّ ),متعدي,0,1,1, لسان العرب ,قَتْو
3689,قَثَّ,قثث,فَعَلَ يَفْعُلُ ( فتحُ ضمٍّ ),متعدي,0,1,1, لسان العرب ,قَثّ
3690,قَثَمَ,قثم,فَعَلَ يَفْعُلُ ( فتحُ ضمٍّ ),متعدي,0,1,1, لسان العرب ,قَثْم
3691,قَثَمَ,قثم,فَعَلَ يَفْعِلُ ( فتحُ كَسْرٍ ),متعدي,0,1,1, لسان العرب,قُثُوم
3692,قَثِمَ,قثم,فَعِلَ يَفْعَلُ ( كسر فتح ),لازم,0,1,1, لسان العرب,قَثَم
3693,خَذَفَ,خذف,فَعَلَ يَفْعِلُ ( فتحُ كَسْرٍ ),مشترك ,0,1,1, لسان العرب,خَذْف
3694,قَثُمَ,قثم,فَعُلَ يَفْعُلُ ( ضمَ ضمٍَ ),لازم,0,1,1, لسان العرب,قَثَامة
3695,قَثَا,قثو,فَعَلَ يَفْعُلُ ( فتحُ ضمٍّ ),متعدي,0,1,1, لسان العرب,قَثْو
3696,قَثَى,قثي,فَعَلَ يَفْعِلُ ( فتحُ كَسْرٍ ),متعدي,0,1,1, لسان العرب ,قَثْي
3697,قَحَبَ,قحب,فَعَلَ يَفْعُلُ ( فتحُ ضمٍّ ),لازم,0,1,1, لسان العرب ,قَحْب
3698,قَحَثَ,قحث,فَعَلَ يَفْعَلُ ( فتحتان ),متعدي,0,1,1, لسان العرب ,قَحْث
3699,قَحَّ,قحح,فَعَلَ يَفْعُلُ ( فتحُ ضمٍّ ),لازم,0,1,1, لسان العرب ,قَحّ
3700,قَحَدَ,قحد,فَعَلَ يَفْعَلُ ( فتحتان ),لازم,0,1,1, لسان العرب,قَحْد
3701,قَحَرَ,قحر,فَعَلَ يَفْعَلُ ( فتحتان ),لازم,0,1,1, لسان العرب,قَحْر
3702,قَحَزَ,قحز,فَعَلَ يَفْعَلُ ( فتحتان ),متعدي,0,1,1, لسان العرب,قَحْز
3703,قَحَصَ,قحص,فَعَلَ يَفْعَلُ ( فتحتان ),متعدي,0,1,1, لسان العرب,قَحْص
3704,قَحَطَ,قحط,فَعَلَ يَفْعَلُ ( فتحتان ),متعدي,0,1,1, لسان العرب,قَحْط
3705,قَحِطَ,قحط,فَعِلَ يَفْعَلُ ( كسر فتح ),لازم,0,1,1, لسان العرب ,قَحَط
3706,قَحَفَ,قحف,فَعَلَ يَفْعَلُ ( فتحتان ),متعدي,0,1,1, لسان العرب ,قَحْف
3707,قَحَلَ,قحل,فَعَلَ يَفْعَلُ ( فتحتان ),لازم,0,1,1, لسان العرب ,قَحْل
3708,قَحِلَ,قحل,فَعِلَ يَفْعَلُ ( كسر فتح ),لازم,0,1,1, لسان العرب ,قَحَل
3709,قَحَمَ,قحم,فَعَلَ يَفْعُلُ ( فتحُ ضمٍّ ),متعدي,0,1,1, لسان العرب,قَحْم
3710,قَحَمَ,قحم,فَعَلَ يَفْعَلُ ( فتحتان ),متعدي,0,1,1, لسان العرب,قُحُوم
3711,قَحَا,قحو,فَعَلَ يَفْعُلُ ( فتحُ ضمٍّ ),متعدي,0,1,1, لسان العرب,قَحْو
3712,قَخَرَ,قخر,فَعَلَ يَفْعَلُ ( فتحتان ),متعدي,0,1,1, لسان العرب,قَخَر
3713,قَخَا,قخو,فَعَلَ يَفْعُلُ ( فتحُ ضمٍّ ),لازم,0,1,1, لسان العرب,قَخْو
3714,قَدَحَ,قدح,فَعَلَ يَفْعَلُ ( فتحتان ),متعدي,0,1,1, لسان العرب ,قَدْح
3715,قَدَّ,قدد,فَعَلَ يَفْعُلُ ( فتحُ ضمٍّ ),متعدي,0,1,1, لسان العرب ,قَدّ
3716,قَدَرَ,قدر,فَعَلَ يَفْعُلُ ( فتحُ ضمٍّ ),متعدي,0,1,1, لسان العرب ,قَدْر
3717,قَدَرَ,قدر,فَعَلَ يَفْعِلُ ( فتحُ كَسْرٍ ),لازم,0,1,1, لسان العرب ,قُدُور
3718,قَدِرَ,قدر,فَعِلَ يَفْعَلُ ( كسر فتح ),لازم,0,1,1, لسان العرب,قَدَر
3719,خَذَقَ,خذق,فَعَلَ يَفْعُلُ ( فتحُ ضمٍّ ),متعدي,0,1,1, لسان العرب,خَذْق
3720,قَدُسَ,قدس,فَعُلَ يَفْعُلُ ( ضمَ ضمٍَ ),لازم,0,1,1, لسان العرب,قَدَاسة
3721,قَدَعَ,قدع,فَعَلَ يَفْعَلُ ( فتحتان ),متعدي,0,1,1, لسان العرب,قَدْع
3722,قَدِعَ,قدع,فَعِلَ يَفْعَلُ ( كسر فتح ),لازم,0,1,1, لسان العرب,قَدَع
3723,قَدَفَ,قدف,فَعَلَ يَفْعُلُ ( فتحُ ضمٍّ ),متعدي,0,1,1, لسان العرب,قَدْف
3724,قَدَمَ,قدم,فَعَلَ يَفْعُلُ ( فتحُ ضمٍّ ),متعدي,0,1,1, لسان العرب ,قَدْم
3725,قَدِمَ,قدم,فَعِلَ يَفْعَلُ ( كسر فتح ),متعدي,0,1,1, لسان العرب ,قُدُوم
3726,قَدُمَ,قدم,فَعُلَ يَفْعُلُ ( ضمَ ضمٍَ ),لازم,0,1,1, لسان العرب ,قِدَم
3727,قَدَا,قدو,فَعَلَ يَفْعُلُ ( فتحُ ضمٍّ ),لازم,0,1,1, لسان العرب ,قَدْو
3728,قَدِيَ,قدو,فَعِلَ يَفْعَلُ ( كسر فتح ),لازم,0,1,1, لسان العرب,قَدَى
3729,قَدُوَ,قدو,فَعُلَ يَفْعُلُ ( ضمَ ضمٍَ ),لازم,0,1,1, لسان العرب,قَدَاوة
3730,قَدَى,قدي,فَعَلَ يَفْعِلُ ( فتحُ كَسْرٍ ),لازم,0,1,1, لسان العرب,قَدْي
3731,قَذَّ,قذذ,فَعَلَ يَفْعُلُ ( فتحُ ضمٍّ ),متعدي,0,1,1, لسان العرب,قَذّ
3732,قَذَرَ,قذر,فَعَلَ يَفْعُلُ ( فتحُ ضمٍّ ),مشترك ,0,1,1, لسان العرب,قَذَر
3733,قَذِرَ,قذر,فَعِلَ يَفْعَلُ ( كسر فتح ),متعدي,0,1,1, لسان العرب ,قَذَر
3734,قَذُرَ,قذر,فَعُلَ يَفْعُلُ ( ضمَ ضمٍَ ),لازم,0,1,1, لسان العرب ,قَذَارة
3735,قَذَعَ,قذع,فَعَلَ يَفْعَلُ ( فتحتان ),متعدي,0,1,1, لسان العرب ,قَذْع
3736,قَذَفَ,قذف,فَعَلَ يَفْعِلُ ( فتحُ كَسْرٍ ),متعدي,0,1,1, لسان العرب ,قَذْف
3737,قَذَلَ,قذل,فَعَلَ يَفْعُلُ ( فتحُ ضمٍّ ),لازم,0,1,1, لسان العرب,قَذْل
3738,قَذَمَ,قذم,فَعَلَ يَفْعِلُ ( فتحُ كَسْرٍ ),لازم,0,1,1, لسان العرب,قَذْم
3739,قَذِمَ,قذم,فَعِلَ يَفْعَلُ ( كسر فتح ),لازم,0,1,1, لسان العرب,قَذَم
3740,قَذَى,قذي,فَعَلَ يَفْعِلُ ( فتحُ كَسْرٍ ),متعدي,0,1,1, لسان العرب,قَذْي
3741,قَذِيَ,قذي,فَعِلَ يَفْعَلُ ( كسر فتح ),لازم,0,1,1, لسان العرب,قَذًى
3742,قَرَأَ,قرء,فَعَلَ يَفْعَلُ ( فتحتان ),متعدي,0,1,1, لسان العرب ,قِرَاءة
3743,قَرَبَ,قرب,فَعَلَ يَفْعُلُ ( فتحُ ضمٍّ ),متعدي,0,1,1, لسان العرب ,قَرْب
3744,قَرِبَ,قرب,فَعِلَ يَفْعَلُ ( كسر فتح ),متعدي,0,1,1, لسان العرب ,قُرْب
3745,خَذَقَ,خذق,فَعَلَ يَفْعِلُ ( فتحُ كَسْرٍ ),متعدي,0,1,1, لسان العرب ,قَرابة
3746,قَرُبَ,قرب,فَعُلَ يَفْعُلُ ( ضمَ ضمٍَ ),لازم,0,1,1, لسان العرب,قَرْت
3747,قَرَتَ,قرت,فَعَلَ يَفْعُلُ ( فتحُ ضمٍّ ),لازم,0,1,1, لسان العرب,قَرَت
3748,قَرِتَ,قرت,فَعِلَ يَفْعَلُ ( كسر فتح ),لازم,0,1,1, لسان العرب,قَرْث
3749,قَرَثَ,قرث,فَعَلَ يَفْعُلُ ( فتحُ ضمٍّ ),متعدي,0,1,1, لسان العرب,قَرِث
3750,قَرِثَ,قرث,فَعِلَ يَفْعَلُ ( كسر فتح ),لازم,0,1,1, لسان العرب,قَرْح
3751,قَرَحَ,قرح,فَعَلَ يَفْعَلُ ( فتحتان ),متعدي,0,1,1, لسان العرب ,قَرِح
3752,قَرِحَ,قرح,فَعِلَ يَفْعَلُ ( كسر فتح ),لازم,0,1,1, لسان العرب ,قَرْد
3753,قَرَدَ,قرد,فَعَلَ يَفْعِلُ ( فتحُ كَسْرٍ ),متعدي,0,1,1, لسان العرب ,قَرِد
3754,قَرِدَ,قرد,فَعِلَ يَفْعَلُ ( كسر فتح ),لازم,0,1,1, لسان العرب ,قَرّ
3755,قَرَّ,قرر,فَعَلَ يَفْعُلُ ( فتحُ ضمٍّ ),لازم,0,1,1, لسان العرب,قَرار
3756,قَرَّ,قرر,فَعَلَ يَفْعِلُ ( فتحُ كَسْرٍ ),لازم,0,1,1, لسان العرب,قَرِير
3757,قَرَّ,قرر,فَعِلَ يَفْعَلُ ( كسر فتح ),لازم,0,1,1, لسان العرب,قَرْس
3758,قَرَسَ,قرس,فَعَلَ يَفْعِلُ ( فتحُ كَسْرٍ ),لازم,0,1,1, لسان العرب,قَرِس
3759,قَرِسَ,قرس,فَعِلَ يَفْعَلُ ( كسر فتح ),لازم,0,1,1, لسان العرب,قَرْش
3760,قَرَشَ,قرش,فَعَلَ يَفْعُلُ ( فتحُ ضمٍّ ),لازم,0,1,1, لسان العرب ,قَرَش
3761,قَرَشَ,قرش,فَعَلَ يَفْعِلُ ( فتحُ كَسْرٍ ),لازم,0,1,1, لسان العرب ,قَرِش
3762,قَرِشَ,قرش,فَعِلَ يَفْعَلُ ( كسر فتح ),متعدي,0,1,1, لسان العرب ,قَرْص
3763,قَرَصَ,قرص,فَعَلَ يَفْعُلُ ( فتحُ ضمٍّ ),متعدي,0,1,1, لسان العرب ,قَرِص
3764,قَرِصَ,قرص,فَعِلَ يَفْعَلُ ( كسر فتح ),لازم,0,1,1, لسان العرب,قَرْض
3765,قَرَضَ,قرض,فَعَلَ يَفْعِلُ ( فتحُ كَسْرٍ ),متعدي,0,1,1, لسان العرب,قَرَض
3766,قَرِضَ,قرض,فَعِلَ يَفْعَلُ ( كسر فتح ),لازم,0,1,1, لسان العرب,قَرْط
3767,قَرَطَ,قرط,فَعَلَ يَفْعُلُ ( فتحُ ضمٍّ ),متعدي,0,1,1, لسان العرب,قَرِط
3768,قَرِطَ,قرط,فَعِلَ يَفْعَلُ ( كسر فتح ),لازم,0,1,1, لسان العرب,قَرْظ
3769,قَرَظَ,قرظ,فَعَلَ يَفْعِلُ ( فتحُ كَسْرٍ ),متعدي,0,1,1, لسان العرب ,قَرِظ
3770,قَرِظَ,قرظ,فَعِلَ يَفْعَلُ ( كسر فتح ),لازم,0,1,1, لسان العرب ,قَرْع
3771,قَرَعَ,قرع,فَعَلَ يَفْعَلُ ( فتحتان ),متعدي,0,1,1, لسان العرب ,قَرَع
3772,قَرِعَ,قرع,فَعِلَ يَفْعَلُ ( كسر فتح ),لازم,0,1,1, لسان العرب ,قَرْف
3773,قَرَفَ,قرف,فَعَلَ يَفْعِلُ ( فتحُ كَسْرٍ ),متعدي,0,1,1, لسان العرب,خَذْل
3774,خَذَلَ,خذل,فَعَلَ يَفْعُلُ ( فتحُ ضمٍّ ),متعدي,0,1,1, لسان العرب,قَرِف
3775,قَرِفَ,قرف,فَعِلَ يَفْعَلُ ( كسر فتح ),متعدي,0,1,1, لسان العرب,قَرْق
3776,قَرَقَ,قرق,فَعَلَ يَفْعِلُ ( فتحُ كَسْرٍ ),لازم,0,1,1, لسان العرب,قَرِق
3777,قَرِقَ,قرق,فَعِلَ يَفْعَلُ ( كسر فتح ),لازم,0,1,1, لسان العرب,قَرْم
3778,قَرَمَ,قرم,فَعَلَ يَفْعُلُ ( فتحُ ضمٍّ ),متعدي,0,1,1, لسان العرب ,قَرَم
3779,قَرَمَ,قرم,فَعَلَ يَفْعِلُ ( فتحُ كَسْرٍ ),لازم,0,1,1, لسان العرب ,قَرِم
3780,قَرِمَ,قرم,فَعِلَ يَفْعَلُ ( كسر فتح ),لازم,0,1,1, لسان العرب ,قَرْن
3781,قَرَنَ,قرن,فَعَلَ يَفْعُلُ ( فتحُ ضمٍّ ),متعدي,0,1,1, لسان العرب ,قَرَن
3782,قَرَنَ,قرن,فَعَلَ يَفْعِلُ ( فتحُ كَسْرٍ ),متعدي,0,1,1, لسان العرب,قَرِن
3783,قَرِنَ,قرن,فَعِلَ يَفْعَلُ ( كسر فتح ),لازم,0,1,1, لسان العرب,قَرَه
3784,قَرِهَ,قره,فَعِلَ يَفْعَلُ ( كسر فتح ),لازم,0,1,1, لسان العرب,قَرَى
3785,قَرَا,قرو,فَعَلَ يَفْعُلُ ( فتحُ ضمٍّ ),مشترك ,0,1,1, لسان العرب,قِرًى
3786,قَرَى,قري,فَعَلَ يَفْعِلُ ( فتحُ كَسْرٍ ),لازم,0,1,1, لسان العرب,قَرًى
3787,قَرِيَ,قري,فَعِلَ يَفْعَلُ ( كسر فتح ),لازم,0,1,1, لسان العرب ,قَزَب
3788,قَزِبَ,قزب,فَعِلَ يَفْعَلُ ( كسر فتح ),لازم,0,1,1, لسان العرب ,قَزْح
3789,قَزَحَ,قزح,فَعَلَ يَفْعَلُ ( فتحتان ),لازم,0,1,1, لسان العرب ,قَزِح
3790,قَزِحَ,قزح,فَعِلَ يَفْعَلُ ( كسر فتح ),لازم,0,1,1, لسان العرب ,قَزّ
3791,قَزَّ,قزز,فَعَلَ يَفْعُلُ ( فتحُ ضمٍّ ),متعدي,0,1,1, لسان العرب,قَزَازة
3792,قَزَّ,قزز,فَعَلَ يَفْعِلُ ( فتحُ كَسْرٍ ),متعدي,0,1,1, لسان العرب,قَزْع
3793,قَزَعَ,قزع,فَعَلَ يَفْعَلُ ( فتحتان ),لازم,0,1,1, لسان العرب,قَزِع
3794,قَزِعَ,قزع,فَعِلَ يَفْعَلُ ( كسر فتح ),لازم,0,1,1, لسان العرب,قَزْل
3795,قَزَلَ,قزل,فَعَلَ يَفْعِلُ ( فتحُ كَسْرٍ ),لازم,0,1,1, لسان العرب,قَزِل
3796,قَزِلَ,قزل,فَعِلَ يَفْعَلُ ( كسر فتح ),لازم,0,1,1, لسان العرب ,قَزَم
3797,قَزَمَ,قزم,فَعَلَ يَفْعُلُ ( فتحُ ضمٍّ ),متعدي,0,1,1, لسان العرب ,قَزِم
3798,قَزِمَ,قزم,فَعِلَ يَفْعَلُ ( كسر فتح ),لازم,0,1,1, لسان العرب ,قَزْو
3799,قَزَا,قزو,فَعَلَ يَفْعُلُ ( فتحُ ضمٍّ ),لازم,0,1,1, لسان العرب ,قَسْب
3800,قَسَبَ,قسب,فَعَلَ يَفْعِلُ ( فتحُ كَسْرٍ ),لازم,0,1,1, لسان العرب,قَسَابة
3801,قَسُبَ,قسب,فَعُلَ يَفْعُلُ ( ضمَ ضمٍَ ),لازم,0,1,1, لسان العرب,قَسْح
3802,قَسَحَ,قسح,فَعَلَ يَفْعَلُ ( فتحتان ),متعدي,0,1,1, لسان العرب,قَسْر
3803,قَسَرَ,قسر,فَعَلَ يَفْعِلُ ( فتحُ كَسْرٍ ),متعدي,0,1,1, لسان العرب,قَسّ
3804,قَسَّ,قسس,فَعَلَ يَفْعُلُ ( فتحُ ضمٍّ ),لازم,0,1,1, لسان العرب,خَذْم
3805,خَذَمَ,خذم,فَعَلَ يَفْعِلُ ( فتحُ كَسْرٍ ),متعدي,0,1,1, لسان العرب ,قَسْط
3806,قَسَطَ,قسط,فَعَلَ يَفْعِلُ ( فتحُ كَسْرٍ ),لازم,0,1,1, لسان العرب ,قُسُوط
3807,قَسِطَ,قسط,فَعِلَ يَفْعَلُ ( كسر فتح ),لازم,0,1,1, لسان العرب ,قَسْم
3808,قَسَمَ,قسم,فَعَلَ يَفْعِلُ ( فتحُ كَسْرٍ ),متعدي,0,1,1, لسان العرب ,قَسَامة
3809,قَسُمَ,قسم,فَعُلَ يَفْعُلُ ( ضمَ ضمٍَ ),لازم,0,1,1, لسان العرب,قَسْو
3810,قَسَا,قسو,فَعَلَ يَفْعُلُ ( فتحُ ضمٍّ ),لازم,0,1,1, لسان العرب,قَشْب
3811,قَشَبَ,قشب,فَعَلَ يَفْعِلُ ( فتحُ كَسْرٍ ),متعدي,0,1,1, لسان العرب,قَشَب
3812,قَشِبَ,قشب,فَعِلَ يَفْعَلُ ( كسر فتح ),متعدي,0,1,1, لسان العرب,قَشَابة
3813,قَشُبَ,قشب,فَعُلَ يَفْعُلُ ( ضمَ ضمٍَ ),لازم,0,1,1, لسان العرب,قَشَد
3814,قَشَدَ,قشد,فَعَلَ يَفْعِلُ ( فتحُ كَسْرٍ ),متعدي,0,1,1, لسان العرب ,قَشْر
3815,قَشَرَ,قشر,فَعَلَ يَفْعُلُ ( فتحُ ضمٍّ ),متعدي,0,1,1, لسان العرب ,قُشُور
3816,قَشَرَ,قشر,فَعَلَ يَفْعِلُ ( فتحُ كَسْرٍ ),متعدي,0,1,1, لسان العرب ,قَشَر
3817,قَشِرَ,قشر,فَعِلَ يَفْعَلُ ( كسر فتح ),لازم,0,1,1, لسان العرب ,قَشّ
3818,قَشَّ,قشش,فَعَلَ يَفْعُلُ ( فتحُ ضمٍّ ),مشترك ,0,1,1, لسان العرب ,قَشّ
3819,قَشَّ,قشش,فَعَلَ يَفْعِلُ ( فتحُ كَسْرٍ ),مشترك ,0,1,1, لسان العرب ,قُشُوش
3820,قَشَطَ,قشط,فَعَلَ يَفْعِلُ ( فتحُ كَسْرٍ ),متعدي,0,1,1, لسان العرب ,قَشْط
3821,قَشَعَ,قشع,فَعَلَ يَفْعَلُ ( فتحتان ),مشترك ,0,1,1, لسان العرب ,قَشْع
3822,قَشِعَ,قشع,فَعِلَ يَفْعَلُ ( كسر فتح ),لازم,0,1,1, لسان العرب,قُشُوع
3823,قَشِفَ,قشف,فَعِلَ يَفْعَلُ ( كسر فتح ),لازم,0,1,1, لسان العرب,قَشَف
3824,قَشُفَ,قشف,فَعُلَ يَفْعُلُ ( ضمَ ضمٍَ ),لازم,0,1,1, لسان العرب,قَشَافَة
3825,قَشَمَ,قشم,فَعَلَ يَفْعِلُ ( فتحُ كَسْرٍ ),مشترك ,0,1,1, لسان العرب,قَشْم
3826,قَشَا,قشو,فَعَلَ يَفْعُلُ ( فتحُ ضمٍّ ),متعدي,0,1,1, لسان العرب,قَشْو
3827,قَصَبَ,قصب,فَعَلَ يَفْعِلُ ( فتحُ كَسْرٍ ),متعدي,0,1,1, لسان العرب ,قَصْب
3828,قَصَدَ,قصد,فَعَلَ يَفْعِلُ ( فتحُ كَسْرٍ ),مشترك ,0,1,1, لسان العرب ,قَصْد
3829,قَصُدَ,قصد,فَعُلَ يَفْعُلُ ( ضمَ ضمٍَ ),لازم,0,1,1, لسان العرب ,قَصَادَة
3830,قَصَرَ,قصر,فَعَلَ يَفْعُلُ ( فتحُ ضمٍّ ),مشترك ,0,1,1, لسان العرب ,قَصْر
3831,قَصَرَ,قصر,فَعَلَ يَفْعِلُ ( فتحُ كَسْرٍ ),مشترك ,0,1,1, لسان العرب,قُصُور
3832,قَصِرَ,قصر,فَعِلَ يَفْعَلُ ( كسر فتح ),لازم,0,1,1, لسان العرب,قَصَر
3833,قَصُرَ,قصر,فَعُلَ يَفْعُلُ ( ضمَ ضمٍَ ),لازم,0,1,1, لسان العرب,قَصَارَة
3834,قَصَّ,قصص,فَعَلَ يَفْعُلُ ( فتحُ ضمٍّ ),مشترك ,0,1,1, لسان العرب,قَصّ
3835,قَصَعَ,قصع,فَعَلَ يَفْعَلُ ( فتحتان ),مشترك ,0,1,1, لسان العرب,قَصْع
3836,قَصِعَ,قصع,فَعِلَ يَفْعَلُ ( كسر فتح ),لازم,0,1,1, لسان العرب ,قَصَع
3837,خَذِمَ,خذم,فَعِلَ يَفْعَلُ ( كسر فتح ),لازم,0,1,1, لسان العرب ,خَذْم
3838,قَصُعَ,قصع,فَعُلَ يَفْعُلُ ( ضمَ ضمٍَ ),لازم,0,1,1, لسان العرب ,قَصَاعَة
3839,قَصَفَ,قصف,فَعَلَ يَفْعِلُ ( فتحُ كَسْرٍ ),مشترك ,0,1,1, لسان العرب ,قَصْف
3840,قَصِفَ,قصف,فَعِلَ يَفْعَلُ ( كسر فتح ),لازم,0,1,1, لسان العرب,قَصِيف
3841,قَصَلَ,قصل,فَعَلَ يَفْعِلُ ( فتحُ كَسْرٍ ),مشترك ,0,1,1, لسان العرب,قَصْل
3842,قَصَمَ,قصم,فَعَلَ يَفْعِلُ ( فتحُ كَسْرٍ ),مشترك ,0,1,1, لسان العرب,قَصْم
3843,قَصِمَ,قصم,فَعِلَ يَفْعَلُ ( كسر فتح ),لازم,0,1,1, لسان العرب,قَصَم
3844,قَصَا,قصو,فَعَلَ يَفْعُلُ ( فتحُ ضمٍّ ),مشترك ,0,1,1, لسان العرب,قَصْو
3845,قَصِيَ,قصو,فَعِلَ يَفْعَلُ ( كسر فتح ),لازم,0,1,1, لسان العرب ,قَصًى
3846,قَضِئَ,قضء,فَعِلَ يَفْعَلُ ( كسر فتح ),مشترك ,0,1,1, لسان العرب ,قَضَأ
3847,قَضَبَ,قضب,فَعَلَ يَفْعِلُ ( فتحُ كَسْرٍ ),متعدي,0,1,1, لسان العرب ,قَضْب
3848,قَضَّ,قضض,فَعَلَ يَفْعُلُ ( فتحُ ضمٍّ ),مشترك ,0,1,1, لسان العرب ,قَضّ
3849,قَضَّ,قضض,فَعَلَ يَفْعِلُ ( فتحُ كَسْرٍ ),لازم,0,1,1, لسان العرب,قَضِيض
3850,قَضَّ,قضض,فَعِلَ يَفْعَلُ ( كسر فتح ),لازم,0,1,1, لسان العرب,قُضُوض
3851,قَضَعَ,قضع,فَعَلَ يَفْعَلُ ( فتحتان ),متعدي,0,1,1, لسان العرب,قَضْع
3852,قَضُفَ,قضف,فَعُلَ يَفْعُلُ ( ضمَ ضمٍَ ),لازم,0,1,1, لسان العرب,قَضَافَة
3853,قَضَمَ,قضم,فَعَلَ يَفْعِلُ ( فتحُ كَسْرٍ ),مشترك ,0,1,1, لسان العرب,قَضْم
3854,قَضِمَ,قضم,فَعِلَ يَفْعَلُ ( كسر فتح ),مشترك ,0,1,1, لسان العرب ,قَضَم
3855,قَضَى,قضي,فَعَلَ يَفْعِلُ ( فتحُ كَسْرٍ ),مشترك ,0,1,1, لسان العرب ,قَضَاء
3856,قَطَبَ,قطب,فَعَلَ يَفْعِلُ ( فتحُ كَسْرٍ ),مشترك ,0,1,1, لسان العرب ,قَطْب
3857,قَطَرَ,قطر,فَعَلَ يَفْعُلُ ( فتحُ ضمٍّ ),مشترك ,0,1,1, لسان العرب ,قَطْر
3858,قَطَّ,قطط,فَعَلَ يَفْعُلُ ( فتحُ ضمٍّ ),مشترك ,0,1,1, لسان العرب,قَطّ
3859,قَطَّ,قطط,فَعَلَ يَفْعِلُ ( فتحُ كَسْرٍ ),لازم,0,1,1, لسان العرب,قَطِيط
3860,قَطَّ,قطط,فَعِلَ يَفْعَلُ ( كسر فتح ),لازم,0,1,1, لسان العرب,قُطُوط
3861,قَطَّ,قطط,فَعِلَ يَفْعَلُ ( كسر فتح ),مشترك ,0,1,1, لسان العرب,قَطَط
3862,قَطَعَ,قطع,فَعَلَ يَفْعَلُ ( فتحتان ),مشترك ,0,1,1, لسان العرب,قَطْع
3863,قَطِعَ,قطع,فَعِلَ يَفْعَلُ ( كسر فتح ),لازم,0,1,1, لسان العرب ,قَطَع
3864,خَذَا,خذو,فَعَلَ يَفْعُلُ ( فتحُ ضمٍّ ),لازم,0,1,1, لسان العرب ,خَذًا
3865,قَطُعَ,قطع,فَعُلَ يَفْعُلُ ( ضمَ ضمٍَ ),لازم,0,1,1, لسان العرب ,قَطَاعَة
3866,قَطَفَ,قطف,فَعَلَ يَفْعُلُ ( فتحُ ضمٍّ ),مشترك ,0,1,1, لسان العرب ,قَطْف
3867,قَطَفَ,قطف,فَعَلَ يَفْعِلُ ( فتحُ كَسْرٍ ),مشترك ,0,1,1, لسان العرب,قَطِيف
3868,قَطُفَ,قطف,فَعُلَ يَفْعُلُ ( ضمَ ضمٍَ ),لازم,0,1,1, لسان العرب,قَطَافَة
3869,قَطَلَ,قطل,فَعَلَ يَفْعُلُ ( فتحُ ضمٍّ ),متعدي,0,1,1, لسان العرب,قَطْل
3870,قَطَلَ,قطل,فَعَلَ يَفْعِلُ ( فتحُ كَسْرٍ ),متعدي,0,1,1, لسان العرب,قُطُول
3871,قَطَمَ,قطم,فَعَلَ يَفْعِلُ ( فتحُ كَسْرٍ ),مشترك ,0,1,1, لسان العرب,قَطْم
3872,قَطِمَ,قطم,فَعِلَ يَفْعَلُ ( كسر فتح ),لازم,0,1,1, لسان العرب ,قَطَم
3873,قَطَنَ,قطن,فَعَلَ يَفْعُلُ ( فتحُ ضمٍّ ),مشترك ,0,1,1, لسان العرب ,قَطْن
3874,قَطِنَ,قطن,فَعِلَ يَفْعَلُ ( كسر فتح ),لازم,0,1,1, لسان العرب ,قَطَن
3875,قَطَا,قطو,فَعَلَ يَفْعُلُ ( فتحُ ضمٍّ ),لازم,0,1,1, لسان العرب ,قَطْو
3876,قَعَثَ,قعث,فَعَلَ يَفْعَلُ ( فتحتان ),مشترك ,0,1,1, لسان العرب ,قَعْث
3877,قَعَدَ,قعد,فَعَلَ يَفْعُلُ ( فتحُ ضمٍّ ),لازم,0,1,1, لسان العرب ,قُعُود
3878,قَعِدَ,قعد,فَعِلَ يَفْعَلُ ( كسر فتح ),لازم,0,1,1, لسان العرب ,قَعَد
3879,قَعَرَ,قعر,فَعَلَ يَفْعَلُ ( فتحتان ),مشترك ,0,1,1, لسان العرب ,قَعْر
3880,قَعُرَ,قعر,فَعُلَ يَفْعُلُ ( ضمَ ضمٍَ ),لازم,0,1,1, لسان العرب,قَعَارَة
3881,قَعَزَ,قعز,فَعَلَ يَفْعَلُ ( فتحتان ),متعدي,0,1,1, لسان العرب,قَعْز
3882,قَعَسَ,قعس,فَعَلَ يَفْعَلُ ( فتحتان ),متعدي,0,1,1, لسان العرب,قَعْس
3883,قَعِسَ,قعس,فَعِلَ يَفْعَلُ ( كسر فتح ),لازم,0,1,1, لسان العرب,قَعَس
3884,قَعَشَ,قعش,فَعَلَ يَفْعَلُ ( فتحتان ),مشترك ,0,1,1, لسان العرب,قَعْش
3885,قَعَصَ,قعص,فَعَلَ يَفْعَلُ ( فتحتان ),متعدي,0,1,1, لسان العرب ,قَعْص
3886,قَعِصَ,قعص,فَعِلَ يَفْعَلُ ( كسر فتح ),لازم,0,1,1, لسان العرب ,قَعَص
3887,قَعَطَ,قعط,فَعَلَ يَفْعَلُ ( فتحتان ),متعدي,0,1,1, لسان العرب ,قَعْط
3888,قَعِطَ,قعط,فَعِلَ يَفْعَلُ ( كسر فتح ),لازم,0,1,1, لسان العرب ,قَعِط
3889,قَعَّ,قعع,فَعَلَ يَفْعُلُ ( فتحُ ضمٍّ ),متعدي,0,1,1, لسان العرب,قَعّ
3890,قَعَفَ,قعف,فَعَلَ يَفْعَلُ ( فتحتان ),مشترك ,0,1,1, لسان العرب,قَعْف
3891,قَعِفَ,قعف,فَعِلَ يَفْعَلُ ( كسر فتح ),لازم,0,1,1, لسان العرب,قَعَف
3892,قَعَمَ,قعم,فَعَلَ يَفْعَلُ ( فتحتان ),لازم,0,1,1, لسان العرب,قَعْم
3893,قَعِمَ,قعم,فَعِلَ يَفْعَلُ ( كسر فتح ),لازم,0,1,1, لسان العرب,قَعَم
3894,قَعِنَ,قعن,فَعِلَ يَفْعَلُ ( كسر فتح ),لازم,0,1,1, لسان العرب ,قَعِن
3895,قَعَا,قعو,فَعَلَ يَفْعُلُ ( فتحُ ضمٍّ ),لازم,0,1,1, لسان العرب ,قَعْو
3896,خَذِيَ,خذي,فَعِلَ يَفْعَلُ ( كسر فتح ),لازم,0,1,1, لسان العرب ,خَذًى
3897,قَعِيَ,قعو,فَعِلَ يَفْعَلُ ( كسر فتح ),لازم,0,1,1, لسان العرب ,قَعًى
3898,قَفِئَ,قفء,فَعِلَ يَفْعَلُ ( كسر فتح ),لازم,0,1,1, لسان العرب,قَفَأ
3899,قَفَحَ,قفح,فَعَلَ يَفْعَلُ ( فتحتان ),لازم,0,1,1, لسان العرب,قَفْح
3900,قَفَخَ,قفخ,فَعَلَ يَفْعَلُ ( فتحتان ),متعدي,0,1,1, لسان العرب,قَفْخ
3901,قَفَدَ,قفد,فَعَلَ يَفْعِلُ ( فتحُ كَسْرٍ ),متعدي,0,1,1, لسان العرب,قَفْد
3902,قَفِدَ,قفد,فَعِلَ يَفْعَلُ ( كسر فتح ),لازم,0,1,1, لسان العرب,قَفَد
3903,قَفَرَ,قفر,فَعَلَ يَفْعُلُ ( فتحُ ضمٍّ ),متعدي,0,1,1, لسان العرب ,قَفْر
3904,قَفِرَ,قفر,فَعِلَ يَفْعَلُ ( كسر فتح ),لازم,0,1,1, لسان العرب ,قَفَر
3905,قَفَزَ,قفز,فَعَلَ يَفْعِلُ ( فتحُ كَسْرٍ ),لازم,0,1,1, لسان العرب ,قَفَزَان
3906,قَفِزَ,قفز,فَعِلَ يَفْعَلُ ( كسر فتح ),لازم,0,1,1, لسان العرب ,قَفَز
3907,قَفَسَ,قفس,فَعَلَ يَفْعِلُ ( فتحُ كَسْرٍ ),مشترك ,0,1,1, لسان العرب,قَفْس
3908,قَفِسَ,قفس,فَعِلَ يَفْعَلُ ( كسر فتح ),لازم,0,1,1, لسان العرب,قَفِس
3909,قَفُسَ,قفس,فَعُلَ يَفْعُلُ ( ضمَ ضمٍَ ),لازم,0,1,1, لسان العرب,قَفَاسَة
3910,قَفَشَ,قفش,فَعَلَ يَفْعِلُ ( فتحُ كَسْرٍ ),مشترك ,0,1,1, لسان العرب,قَفْش
3911,قَفَصَ,قفص,فَعَلَ يَفْعِلُ ( فتحُ كَسْرٍ ),مشترك ,0,1,1, لسان العرب,قَفْص
3912,قَفِصَ,قفص,فَعِلَ يَفْعَلُ ( كسر فتح ),لازم,0,1,1, لسان العرب ,قَفَص
3913,قَفَطَ,قفط,فَعَلَ يَفْعُلُ ( فتحُ ضمٍّ ),مشترك ,0,1,1, لسان العرب ,قَفْط
3914,قَفَطَ,قفط,فَعَلَ يَفْعِلُ ( فتحُ كَسْرٍ ),مشترك ,0,1,1, لسان العرب ,قُفُوط
3915,قَفَعَ,قفع,فَعَلَ يَفْعَلُ ( فتحتان ),متعدي,0,1,1, لسان العرب ,قَفْع
3916,قَفِعَ,قفع,فَعِلَ يَفْعَلُ ( كسر فتح ),لازم,0,1,1, لسان العرب,قَفَع
3917,قَفَّ,قفف,فَعَلَ يَفْعِلُ ( فتحُ كَسْرٍ ),لازم,0,1,1, لسان العرب,قَفّ
3918,قَفَلَ,قفل,فَعَلَ يَفْعُلُ ( فتحُ ضمٍّ ),مشترك ,0,1,1, لسان العرب,قَفْل
3919,قَفَلَ,قفل,فَعَلَ يَفْعِلُ ( فتحُ كَسْرٍ ),مشترك ,0,1,1, لسان العرب,قُفُول
3920,قَفِلَ,قفل,فَعِلَ يَفْعَلُ ( كسر فتح ),مشترك ,0,1,1, لسان العرب,قَفِل
3921,قَفَنَ,قفن,فَعَلَ يَفْعِلُ ( فتحُ كَسْرٍ ),مشترك ,0,1,1, لسان العرب ,قَفْن
3922,قَفَا,قفو,فَعَلَ يَفْعُلُ ( فتحُ ضمٍّ ),مشترك ,0,1,1, لسان العرب ,قَفْو
3923,قَفَى,قفي,فَعَلَ يَفْعِلُ ( فتحُ كَسْرٍ ),مشترك ,0,1,1, لسان العرب ,قَفْي
3924,قَلَبَ,قلب,فَعَلَ يَفْعُلُ ( فتحُ ضمٍّ ),متعدي,0,1,1, لسان العرب ,قَلْب
3925,قَلَبَ,قلب,فَعَلَ يَفْعِلُ ( فتحُ كَسْرٍ ),مشترك ,0,1,1, لسان العرب,قُلُوب
3926,قَلِبَ,قلب,فَعِلَ يَفْعَلُ ( كسر فتح ),لازم,0,1,1, لسان العرب,قَلَب
3927,خَرِئَ,خرء,فَعِلَ يَفْعَلُ ( كسر فتح ),لازم,0,1,1, لسان العرب,خَرْء
3928,قَلِتَ,قلت,فَعِلَ يَفْعَلُ ( كسر فتح ),لازم,0,1,1, لسان العرب,قَلَت
3929,قَلِحَ,قلح,فَعِلَ يَفْعَلُ ( كسر فتح ),لازم,0,1,1, لسان العرب,قَلَح
3930,قَلَخَ,قلخ,فَعَلَ يَفْعَلُ ( فتحتان ),مشترك ,0,1,1, لسان العرب ,قَلْخ
3931,قَلَدَ,قلد,فَعَلَ يَفْعِلُ ( فتحُ كَسْرٍ ),مشترك ,0,1,1, لسان العرب ,قَلْد
3932,قَلَزَ,قلز,فَعَلَ يَفْعُلُ ( فتحُ ضمٍّ ),مشترك ,0,1,1, لسان العرب ,قَلْز
3933,قَلَزَ,قلز,فَعَلَ يَفْعِلُ ( فتحُ كَسْرٍ ),مشترك ,0,1,1, لسان العرب ,قُلوُز
3934,قَلَسَ,قلس,فَعَلَ يَفْعِلُ ( فتحُ كَسْرٍ ),مشترك ,0,1,1, لسان العرب ,قَلْس
3935,قَلَصَ,قلص,فَعَلَ يَفْعِلُ ( فتحُ كَسْرٍ ),مشترك ,0,1,1, لسان العرب ,قَلْص
3936,قَلِصَ,قلص,فَعِلَ يَفْعَلُ ( كسر فتح ),لازم,0,1,1, لسان العرب ,قَلَص
3937,قَلَعَ,قلع,فَعَلَ يَفْعَلُ ( فتحتان ),متعدي,0,1,1, لسان العرب,قَلْع
3938,قَلِعَ,قلع,فَعِلَ يَفْعَلُ ( كسر فتح ),لازم,0,1,1, لسان العرب,قَلَع
3939,قَلَفَ,قلف,فَعَلَ يَفْعُلُ ( فتحُ ضمٍّ ),متعدي,0,1,1, لسان العرب,قَلْف
3940,قَلَفَ,قلف,فَعَلَ يَفْعِلُ ( فتحُ كَسْرٍ ),مشترك ,0,1,1, لسان العرب,قُلُوف
3941,قَلِفَ,قلف,فَعِلَ يَفْعَلُ ( كسر فتح ),لازم,0,1,1, لسان العرب,قَلَف
3942,قَلَقَ,قلق,فَعَلَ يَفْعِلُ ( فتحُ كَسْرٍ ),متعدي,0,1,1, لسان العرب ,قَلْق
3943,قَلِقَ,قلق,فَعِلَ يَفْعَلُ ( كسر فتح ),لازم,0,1,1, لسان العرب ,قَلَق
3944,قَلَّ,قلل,فَعَلَ يَفْعِلُ ( فتحُ كَسْرٍ ),مشترك ,0,1,1, لسان العرب ,قِلَّة
3945,قَلَمَ,قلم,فَعَلَ يَفْعِلُ ( فتحُ كَسْرٍ ),متعدي,0,1,1, لسان العرب ,قَلْم
3946,قَلَا,قلو,فَعَلَ يَفْعُلُ ( فتحُ ضمٍّ ),مشترك ,0,1,1, لسان العرب,قَلْو
3947,قَلَى,قلي,فَعَلَ يَفْعِلُ ( فتحُ كَسْرٍ ),متعدي,0,1,1, لسان العرب,قَلْي
3948,قَلِيَ,قلي,فَعِلَ يَفْعَلُ ( كسر فتح ),متعدي,0,1,1, لسان العرب,قَلًى
3949,قَمَأَ,قمء,فَعَلَ يَفْعَلُ ( فتحتان ),مشترك ,0,1,1, لسان العرب,قَمْء
3950,قَمُؤَ,قمء,فَعُلَ يَفْعُلُ ( ضمَ ضمٍَ ),لازم,0,1,1, لسان العرب,قَمَاءَة
3951,قَمَحَ,قمح,فَعَلَ يَفْعَلُ ( فتحتان ),لازم,0,1,1, لسان العرب ,قَمْح
3952,قَمِحَ,قمح,فَعِلَ يَفْعَلُ ( كسر فتح ),مشترك ,0,1,1, لسان العرب ,قَمِح
3953,قَمَدَ,قمد,فَعَلَ يَفْعُلُ ( فتحُ ضمٍّ ),لازم,0,1,1, لسان العرب ,قَمْد
3954,قَمِدَ,قمد,فَعِلَ يَفْعَلُ ( كسر فتح ),لازم,0,1,1, لسان العرب ,قَمَد
3955,قَمَرَ,قمر,فَعَلَ يَفْعُلُ ( فتحُ ضمٍّ ),متعدي,0,1,1, لسان العرب,قَمْر
3956,قَمَرَ,قمر,فَعَلَ يَفْعِلُ ( فتحُ كَسْرٍ ),مشترك ,0,1,1, لسان العرب,قُمُور
3957,خَرَبَ,خرب,فَعَلَ يَفْعُلُ ( فتحُ ضمٍّ ),مشترك ,0,1,1, لسان العرب,خَرْب
3958,قَمِرَ,قمر,فَعِلَ يَفْعَلُ ( كسر فتح ),لازم,0,1,1, لسان العرب,قَمَر
3959,قَمَزَ,قمز,فَعَلَ يَفْعِلُ ( فتحُ كَسْرٍ ),متعدي,0,1,1, لسان العرب,قَمْز
3960,قَمَسَ,قمس,فَعَلَ يَفْعُلُ ( فتحُ ضمٍّ ),مشترك ,0,1,1, لسان العرب ,قَمَس
3961,قَمَسَ,قمس,فَعَلَ يَفْعِلُ ( فتحُ كَسْرٍ ),مشترك ,0,1,1, لسان العرب ,قُمُوس
3962,قَمَشَ,قمش,فَعَلَ يَفْعُلُ ( فتحُ ضمٍّ ),متعدي,0,1,1, لسان العرب ,قَمْش
3963,قَمَشَ,قمش,فَعَلَ يَفْعِلُ ( فتحُ كَسْرٍ ),متعدي,0,1,1, لسان العرب ,قُمُوش
3964,قَمَصَ,قمص,فَعَلَ يَفْعُلُ ( فتحُ ضمٍّ ),لازم,0,1,1, لسان العرب,قَمْص
3965,قَمَصَ,قمص,فَعَلَ يَفْعِلُ ( فتحُ كَسْرٍ ),لازم,0,1,1, لسان العرب,قَمَصَان
3966,قَمَطَ,قمط,فَعَلَ يَفْعُلُ ( فتحُ ضمٍّ ),مشترك ,0,1,1, لسان العرب,قَمْط
3967,قَمَطَ,قمط,فَعَلَ يَفْعِلُ ( فتحُ كَسْرٍ ),مشترك ,0,1,1, لسان العرب,قُمُوط
3968,قَمَعَ,قمع,فَعَلَ يَفْعَلُ ( فتحتان ),مشترك ,0,1,1, لسان العرب,قَمْع
3969,قَمِعَ,قمع,فَعِلَ يَفْعَلُ ( كسر فتح ),مشترك ,0,1,1, لسان العرب ,قَمَع
3970,قَمِلَ,قمل,فَعِلَ يَفْعَلُ ( كسر فتح ),لازم,0,1,1, لسان العرب ,قَمَل
3971,قَمَّ,قمم,فَعَلَ يَفْعُلُ ( فتحُ ضمٍّ ),مشترك ,0,1,1, لسان العرب ,قَمّ
3972,قَمِنَ,قمن,فَعِلَ يَفْعَلُ ( كسر فتح ),لازم,0,1,1, لسان العرب ,قَمَن
3973,قَمُنَ,قمن,فَعُلَ يَفْعُلُ ( ضمَ ضمٍَ ),لازم,0,1,1, لسان العرب,قَمَانَة
3974,قَمَهَ,قمه,فَعَلَ يَفْعَلُ ( فتحتان ),مشترك ,0,1,1, لسان العرب,قَمَه
3975,قَمِهَ,قمه,فَعِلَ يَفْعَلُ ( كسر فتح ),لازم,0,1,1, لسان العرب,قَمِه
3976,قَمَا,قمو,فَعَلَ يَفْعُلُ ( فتحُ ضمٍّ ),مشترك ,0,1,1, لسان العرب,قَمْو
3977,قَمَى,قمي,فَعَلَ يَفْعِلُ ( فتحُ كَسْرٍ ),مشترك ,0,1,1, لسان العرب,قَمْي
3978,قَنَأَ,قنء,فَعَلَ يَفْعَلُ ( فتحتان ),مشترك ,0,1,1, لسان العرب ,قُنُوء
3979,قَنِئَ,قنء,فَعِلَ يَفْعَلُ ( كسر فتح ),لازم,0,1,1, لسان العرب ,قَنَأ
3980,قَنَبَ,قنب,فَعَلَ يَفْعِلُ ( فتحُ كَسْرٍ ),مشترك ,0,1,1, لسان العرب ,قَنْب
3981,قَنَتَ,قنت,فَعَلَ يَفْعُلُ ( فتحُ ضمٍّ ),مشترك ,0,1,1, لسان العرب ,قُنُوت
3982,قَنُتَ,قنت,فَعُلَ يَفْعُلُ ( ضمَ ضمٍَ ),لازم,0,1,1, لسان العرب ,قَنَاتَة
3983,قَنَحَ,قنح,فَعَلَ يَفْعَلُ ( فتحتان ),مشترك ,0,1,1, لسان العرب ,قُنُوح
3984,قَنَدَ,قند,فَعَلَ يَفْعُلُ ( فتحُ ضمٍّ ),متعدي,0,1,1, لسان العرب ,قُنُود
3985,قَنَصَ,قنص,فَعَلَ يَفْعِلُ ( فتحُ كَسْرٍ ),متعدي,0,1,1, لسان العرب,قَنْص
3986,قَنَطَ,قنط,فَعَلَ يَفْعُلُ ( فتحُ ضمٍّ ),مشترك ,0,1,1, لسان العرب,قُنُوط
3987,قَنَطَ,قنط,فَعَلَ يَفْعِلُ ( فتحُ كَسْرٍ ),مشترك ,0,1,1, لسان العرب,قَنْط
3988,خَرِبَ,خرب,فَعِلَ يَفْعَلُ ( كسر فتح ),لازم,0,1,1, لسان العرب,خَرَب
3989,قَنِطَ,قنط,فَعِلَ يَفْعَلُ ( كسر فتح ),لازم,0,1,1, لسان العرب,قَنَط
3990,قَنُطَ,قنط,فَعُلَ يَفْعُلُ ( ضمَ ضمٍَ ),لازم,0,1,1, لسان العرب ,قَنَاطَة
3991,قَنِطَ,قنط,فَعِلَ يَفْعِلُ ( كسرتان ),لازم,0,1,1, لسان العرب ,قَنَط
3992,قَنَعَ,قنع,فَعَلَ يَفْعَلُ ( فتحتان ),مشترك ,0,1,1, لسان العرب ,قَنْع
3993,قَنِعَ,قنع,فَعِلَ يَفْعَلُ ( كسر فتح ),مشترك ,0,1,1, لسان العرب ,قَنَع
3994,قَنِفَ,قنف,فَعِلَ يَفْعَلُ ( كسر فتح ),لازم,0,1,1, لسان العرب,قَنَف
3995,قَنِمَ,قنم,فَعِلَ يَفْعَلُ ( كسر فتح ),لازم,0,1,1, لسان العرب,قَنَم
3996,قَنَّ,قنن,فَعَلَ يَفْعُلُ ( فتحُ ضمٍّ ),مشترك ,0,1,1, لسان العرب,قَنّ
3997,قَنَا,قنو,فَعَلَ يَفْعُلُ ( فتحُ ضمٍّ ),مشترك ,0,1,1, لسان العرب,قَنْو
3998,قَنِيَ,قنو,فَعِلَ يَفْعَلُ ( كسر فتح ),مشترك ,0,1,1, لسان العرب,قَنْي
3999,قَنَى,قني,فَعَلَ يَفْعِلُ ( فتحُ كَسْرٍ ),متعدي,0,1,1, لسان العرب ,قَنْي
4000,قَهِبَ,قهب,فَعِلَ يَفْعَلُ ( كسر فتح ),لازم,0,1,1, لسان العرب ,قَهَب
4001,قَهَدَ,قهد,فَعَلَ يَفْعَلُ ( فتحتان ),لازم,0,1,1, لسان العرب ,قَهَد
4002,قَهَرَ,قهر,فَعَلَ يَفْعَلُ ( فتحتان ),متعدي,0,1,1, لسان العرب ,قَهْر
4003,قَهَزَ,قهز,فَعَلَ يَفْعَلُ ( فتحتان ),لازم,0,1,1, لسان العرب,قَهْز
4004,قَهَلَ,قهل,فَعَلَ يَفْعَلُ ( فتحتان ),مشترك ,0,1,1, لسان العرب,قَهْل
4005,قَهِلَ,قهل,فَعِلَ يَفْعَلُ ( كسر فتح ),مشترك ,0,1,1, لسان العرب,قَهَل
4006,قَهِمَ,قهم,فَعِلَ يَفْعَلُ ( كسر فتح ),لازم,0,1,1, لسان العرب,قَهَم
4007,قَهَّ,قهه,فَعَلَ يَفْعِلُ ( فتحُ كَسْرٍ ),لازم,0,1,1, لسان العرب,قَهّ
4008,قَهِيَ,قهي,فَعِلَ يَفْعَلُ ( كسر فتح ),مشترك ,0,1,1, لسان العرب ,قَهْي
4009,قَابَ,قوب,فَعَلَ يَفْعُلُ ( فتحُ ضمٍّ ),مشترك ,0,1,1, لسان العرب ,قَوْب
4010,قَاتَ,قوت,فَعَلَ يَفْعُلُ ( فتحُ ضمٍّ ),مشترك ,0,1,1, لسان العرب ,قَوْت
4011,قَاحَ,قوح,فَعَلَ يَفْعُلُ ( فتحُ ضمٍّ ),مشترك ,0,1,1, لسان العرب ,قَوْح
4012,قَاخَ,قوخ,فَعَلَ يَفْعُلُ ( فتحُ ضمٍّ ),لازم,0,1,1, لسان العرب,قَوْخ
4013,قَادَ,قود,فَعَلَ يَفْعُلُ ( فتحُ ضمٍّ ),مشترك ,0,1,1, لسان العرب,قَوْد
4014,قَوِدَ,قود,فَعِلَ يَفْعَلُ ( كسر فتح ),لازم,0,1,1, لسان العرب,قَوَد
4015,قَارَ,قور,فَعَلَ يَفْعُلُ ( فتحُ ضمٍّ ),مشترك ,0,1,1, لسان العرب,قَوْر
4016,قَوِرَ,قور,فَعِلَ يَفْعَلُ ( كسر فتح ),مشترك ,0,1,1, لسان العرب,قَوَر
4017,قَاسَ,قوس,فَعَلَ يَفْعُلُ ( فتحُ ضمٍّ ),متعدي,0,1,1, لسان العرب ,قَوْس
4018,خَرَتَ,خرت,فَعَلَ يَفْعُلُ ( فتحُ ضمٍّ ),مشترك ,0,1,1, لسان العرب ,خَرْت
4019,قَوِسَ,قوس,فَعِلَ يَفْعَلُ ( كسر فتح ),لازم,0,1,1, لسان العرب ,قَوَس
4020,قَاضَ,قوض,فَعَلَ يَفْعُلُ ( فتحُ ضمٍّ ),متعدي,0,1,1, لسان العرب ,قَوْض
4021,قَاعَ,قوع,فَعَلَ يَفْعُلُ ( فتحُ ضمٍّ ),مشترك ,0,1,1, لسان العرب ,قُعَاء
4022,قَافَ,قوف,فَعَلَ يَفْعُلُ ( فتحُ ضمٍّ ),متعدي,0,1,1, لسان العرب,قَفْو
4023,قَاقَ,قوق,فَعَلَ يَفْعُلُ ( فتحُ ضمٍّ ),لازم,0,1,1, لسان العرب,قُقَاء
4024,قَالَ,قول,فَعَلَ يَفْعُلُ ( فتحُ ضمٍّ ),مشترك ,0,1,1, لسان العرب,قَوْل
4025,قَامَ,قوم,فَعَلَ يَفْعُلُ ( فتحُ ضمٍّ ),مشترك ,0,1,1, لسان العرب,قِيَام
4026,قَوِيَ,قوي,فَعِلَ يَفْعَلُ ( كسر فتح ),لازم,0,1,1, لسان العرب,قُوَّة
4027,قَاءَ,قيء,فَعَلَ يَفْعِلُ ( فتحُ كَسْرٍ ),مشترك ,0,1,1, لسان العرب ,قَيْء
4028,قَاحَ,قيح,فَعَلَ يَفْعِلُ ( فتحُ كَسْرٍ ),لازم,0,1,1, لسان العرب ,قَيْح
4029,قَادَ,قيد,فَعَلَ يَفْعِلُ ( فتحُ كَسْرٍ ),متعدي,0,1,1, لسان العرب ,قِيَادَة
4030,قَاسَ,قيس,فَعَلَ يَفْعِلُ ( فتحُ كَسْرٍ ),مشترك ,0,1,1, لسان العرب ,قِيَاس
4031,قَاصَ,قيص,فَعَلَ يَفْعِلُ ( فتحُ كَسْرٍ ),لازم,0,1,1, لسان العرب,قَيْص
4032,قَاضَ,قيض,فَعَلَ يَفْعِلُ ( فتحُ كَسْرٍ ),مشترك ,0,1,1, لسان العرب,قِيَاض
4033,قَاظَ,قيظ,فَعَلَ يَفْعِلُ ( فتحُ كَسْرٍ ),لازم,0,1,1, لسان العرب,قَيْظ
4034,قَاعَ,قيع,فَعَلَ يَفْعِلُ ( فتحُ كَسْرٍ ),لازم,0,1,1, لسان العرب,قَوْع
4035,قَاقَ,قيق,فَعَلَ يَفْعِلُ ( فتحُ كَسْرٍ ),لازم,0,1,1, لسان العرب,قَيْق
4036,قَالَ,قيل,فَعَلَ يَفْعِلُ ( فتحُ كَسْرٍ ),مشترك ,0,1,1, لسان العرب ,قَوْل
4037,قَانَ,قين,فَعَلَ يَفْعِلُ ( فتحُ كَسْرٍ ),مشترك ,0,1,1, لسان العرب ,قَوْن
4038,كَئِبَ,كءب,فَعِلَ يَفْعَلُ ( كسر فتح ),لازم,0,1,1, لسان العرب ,كَآبَة
4039,كَأَجَ,كءج,فَعَلَ يَفْعَلُ ( فتحتان ),لازم,0,1,1, لسان العرب ,كَأْج
4040,كَأَدَ,كءد,فَعَلَ يَفْعَلُ ( فتحتان ),لازم,0,1,1, لسان العرب,كَأْد
4041,كَأَشَ,كءش,فَعَلَ يَفْعَلُ ( فتحتان ),مشترك ,0,1,1, لسان العرب,كَأْش
4042,كَأَصَ,كءص,فَعَلَ يَفْعَلُ ( فتحتان ),مشترك ,0,1,1, لسان العرب,كَأْص
4043,كَأَلَ,كءل,فَعَلَ يَفْعَلُ ( فتحتان ),مشترك ,0,1,1, لسان العرب,كَأْل
4044,كَأَى,كءي,فَعَلَ يَفْعَلُ ( فتحتان ),لازم,0,1,1, لسان العرب,كَأْي
4045,كَبَّ,كبب,فَعَلَ يَفْعُلُ ( فتحُ ضمٍّ ),مشترك ,0,1,1, لسان العرب ,كَبّ
4046,خَرِثَ,خرث,فَعِلَ يَفْعَلُ ( كسر فتح ),لازم,0,1,1, لسان العرب ,خَرَث
4047,كَبَتَ,كبت,فَعَلَ يَفْعِلُ ( فتحُ كَسْرٍ ),متعدي,0,1,1, لسان العرب ,كَبْت
4048,كَبَثَ,كبث,فَعَلَ يَفْعُلُ ( فتحُ ضمٍّ ),متعدي,0,1,1, لسان العرب ,كَبْث
4049,كَبِثَ,كبث,فَعِلَ يَفْعَلُ ( كسر فتح ),لازم,0,1,1, لسان العرب,كَبَث
4050,كَبَحَ,كبح,فَعَلَ يَفْعَلُ ( فتحتان ),متعدي,0,1,1, لسان العرب,كَبْح
4051,كَبَدَ,كبد,فَعَلَ يَفْعُلُ ( فتحُ ضمٍّ ),متعدي,0,1,1, لسان العرب,كَبْد
4052,كَبَدَ,كبد,فَعَلَ يَفْعِلُ ( فتحُ كَسْرٍ ),متعدي,0,1,1, لسان العرب,كَبْد
4053,كَبِدَ,كبد,فَعِلَ يَفْعَلُ ( كسر فتح ),لازم,0,1,1, لسان العرب,كَبَد
4054,كَبَرَ,كبر,فَعَلَ يَفْعُلُ ( فتحُ ضمٍّ ),متعدي,0,1,1, لسان العرب ,كَبْر
4055,كَبِرَ,كبر,فَعِلَ يَفْعَلُ ( كسر فتح ),لازم,0,1,1, لسان العرب ,كِبَر
4056,كَبُرَ,كبر,فَعُلَ يَفْعُلُ ( ضمَ ضمٍَ ),لازم,0,1,1, لسان العرب ,كَبَارَة
4057,كَبَسَ,كبس,فَعَلَ يَفْعِلُ ( فتحُ كَسْرٍ ),مشترك ,0,1,1, لسان العرب ,كَبْس
4058,كَبِسَ,كبس,فَعِلَ يَفْعَلُ ( كسر فتح ),لازم,0,1,1, لسان العرب ,كَبَس
4059,كَبَشَ,كبش,فَعَلَ يَفْعِلُ ( فتحُ كَسْرٍ ),متعدي,0,1,1, لسان العرب ,كَبْش
4060,كَبَعَ,كبع,فَعَلَ يَفْعَلُ ( فتحتان ),مشترك ,0,1,1, لسان العرب ,كَبْع
4061,كَبَلَ,كبل,فَعَلَ يَفْعِلُ ( فتحُ كَسْرٍ ),متعدي,0,1,1, لسان العرب,كَبْل
4062,كَبَنَ,كبن,فَعَلَ يَفْعُلُ ( فتحُ ضمٍّ ),مشترك ,0,1,1, لسان العرب,كَبْن
4063,كَبَنَ,كبن,فَعَلَ يَفْعِلُ ( فتحُ كَسْرٍ ),مشترك ,0,1,1, لسان العرب,كَبْن
4064,كَبَا,كبو,فَعَلَ يَفْعُلُ ( فتحُ ضمٍّ ),مشترك ,0,1,1, لسان العرب,كَبْو
4065,كَتَبَ,كتب,فَعَلَ يَفْعُلُ ( فتحُ ضمٍّ ),مشترك ,0,1,1, لسان العرب,كِتَابَة
4066,كَتَبَ,كتب,فَعَلَ يَفْعِلُ ( فتحُ كَسْرٍ ),مشترك ,0,1,1, لسان العرب ,كِتَابَة
4067,كَتَّ,كتت,فَعَلَ يَفْعُلُ ( فتحُ ضمٍّ ),متعدي,0,1,1, لسان العرب ,كَتّ
4068,كَتَّ,كتت,فَعَلَ يَفْعِلُ ( فتحُ كَسْرٍ ),مشترك ,0,1,1, لسان العرب ,كَتّ
4069,كَتَحَ,كتح,فَعَلَ يَفْعَلُ ( فتحتان ),متعدي,0,1,1, لسان العرب ,كَتْح
4070,كَتَعَ,كتع,فَعَلَ يَفْعَلُ ( فتحتان ),لازم,0,1,1, لسان العرب,كَتْع
4071,كَتَفَ,كتف,فَعَلَ يَفْعِلُ ( فتحُ كَسْرٍ ),مشترك ,0,1,1, لسان العرب,كَتْف
4072,كَتِفَ,كتف,فَعِلَ يَفْعَلُ ( كسر فتح ),لازم,0,1,1, لسان العرب,كَتَف
4073,كَتَلَ,كتل,فَعَلَ يَفْعُلُ ( فتحُ ضمٍّ ),متعدي,0,1,1, لسان العرب,كَتْل
4074,كَتِلَ,كتل,فَعِلَ يَفْعَلُ ( كسر فتح ),لازم,0,1,1, لسان العرب,كَتَل
4075,كَتَمَ,كتم,فَعَلَ يَفْعُلُ ( فتحُ ضمٍّ ),مشترك ,0,1,1, لسان العرب ,كَتْم
4076,خَرَجَ,خرج,فَعَلَ يَفْعُلُ ( فتحُ ضمٍّ ),لازم,0,1,1, لسان العرب ,خُرُوج
4077,كَتِنَ,كتن,فَعِلَ يَفْعَلُ ( كسر فتح ),لازم,0,1,1, لسان العرب ,كَتَن
4078,كَتَهَ,كته,فَعَلَ يَفْعَلُ ( فتحتان ),متعدي,0,1,1, لسان العرب ,كَتْه
4079,كَتَا,كتو,فَعَلَ يَفْعُلُ ( فتحُ ضمٍّ ),لازم,0,1,1, لسان العرب,كَتْو
4080,كَثَأَ,كثء,فَعَلَ يَفْعَلُ ( فتحتان ),مشترك ,0,1,1, لسان العرب,كَثْأ
4081,كَثَبَ,كثب,فَعَلَ يَفْعُلُ ( فتحُ ضمٍّ ),مشترك ,0,1,1, لسان العرب,كَثْب
4082,كَثَبَ,كثب,فَعَلَ يَفْعِلُ ( فتحُ كَسْرٍ ),مشترك ,0,1,1, لسان العرب,كَثْب
4083,كَثَّ,كثث,فَعَلَ يَفْعِلُ ( فتحُ كَسْرٍ ),لازم,0,1,1, لسان العرب,كَثّ
4084,كَثَّ,كثث,فَعِلَ يَفْعَلُ ( كسر فتح ),لازم,0,1,1, لسان العرب ,كَثّ
4085,كَثَجَ,كثج,فَعَلَ يَفْعِلُ ( فتحُ كَسْرٍ ),لازم,0,1,1, لسان العرب ,كَثْج
4086,كَثَحَ,كثح,فَعَلَ يَفْعَلُ ( فتحتان ),مشترك ,0,1,1, لسان العرب ,كَثْح
4087,كَثَرَ,كثر,فَعَلَ يَفْعُلُ ( فتحُ ضمٍّ ),متعدي,0,1,1, لسان العرب ,كَتْر
4088,كَثُرَ,كثر,فَعُلَ يَفْعُلُ ( ضمَ ضمٍَ ),لازم,0,1,1, لسان العرب,كَثْرَة
4089,كَثَعَ,كثع,فَعَلَ يَفْعَلُ ( فتحتان ),لازم,0,1,1, لسان العرب,كَتْع
4090,كَثِعَ,كثع,فَعِلَ يَفْعَلُ ( كسر فتح ),لازم,0,1,1, لسان العرب,كَثَع
4091,كَثُفَ,كثف,فَعُلَ يَفْعُلُ ( ضمَ ضمٍَ ),لازم,0,1,1, لسان العرب,كَثَافَة
4092,كَثَمَ,كثم,فَعَلَ يَفْعِلُ ( فتحُ كَسْرٍ ),متعدي,0,1,1, لسان العرب,كَثْم
4093,كَثِمَ,كثم,فَعِلَ يَفْعَلُ ( كسر فتح ),لازم,0,1,1, لسان العرب ,كَثَم
4094,كَجَّ,كجج,فَعَلَ يَفْعُلُ ( فتحُ ضمٍّ ),لازم,0,1,1, لسان العرب ,كَجّ
4095,كَحَبَ,كحب,فَعَلَ يَفْعَلُ ( فتحتان ),متعدي,0,1,1, لسان العرب ,كَحَب
4096,كَحَثَ,كحث,فَعَلَ يَفْعَلُ ( فتحتان ),مشترك ,0,1,1, لسان العرب ,كَحْث
4097,كَحَّ,كحح,فَعَلَ يَفْعُلُ ( فتحُ ضمٍّ ),لازم,0,1,1, لسان العرب,كَحّ
4098,كَحَصَ,كحص,فَعَلَ يَفْعَلُ ( فتحتان ),مشترك ,0,1,1, لسان العرب,كَحْص
4099,كَحَلَ,كحل,فَعَلَ يَفْعُلُ ( فتحُ ضمٍّ ),متعدي,0,1,1, لسان العرب,كَحْل
4100,كَحَلَ,كحل,فَعَلَ يَفْعَلُ ( فتحتان ),مشترك ,0,1,1, لسان العرب,كَحْل
4101,كَحِلَ,كحل,فَعِلَ يَفْعَلُ ( كسر فتح ),لازم,0,1,1, لسان العرب,كَحَل
4102,كَخَّ,كخخ,فَعَلَ يَفْعِلُ ( فتحُ كَسْرٍ ),لازم,0,1,1, لسان العرب ,كَخّ
4103,كَخَمَ,كخم,فَعَلَ يَفْعَلُ ( فتحتان ),متعدي,0,1,1, لسان العرب ,كَخْم
4104,كَدَأَ,كدء,فَعَلَ يَفْعَلُ ( فتحتان ),مشترك ,0,1,1, لسان العرب ,كَدْأ
4105,خَرِجَ,خرج,فَعِلَ يَفْعَلُ ( كسر فتح ),لازم,0,1,1, لسان العرب ,خَرَج
4106,كَدِئَ,كدء,فَعِلَ يَفْعَلُ ( كسر فتح ),لازم,0,1,1, لسان العرب ,كَدَأ
4107,كَدَجَ,كدج,فَعَلَ يَفْعُلُ ( فتحُ ضمٍّ ),لازم,0,1,1, لسان العرب ,كَدْج
4108,كَدَحَ,كدح,فَعَلَ يَفْعَلُ ( فتحتان ),مشترك ,0,1,1, لسان العرب ,كَدْح
4109,كَدَّ,كدد,فَعَلَ يَفْعُلُ ( فتحُ ضمٍّ ),مشترك ,0,1,1, لسان العرب,كَدّ
4110,كَدَرَ,كدر,فَعَلَ يَفْعُلُ ( فتحُ ضمٍّ ),مشترك ,0,1,1, لسان العرب,كَدْر
4111,كَدِرَ,كدر,فَعِلَ يَفْعَلُ ( كسر فتح ),لازم,0,1,1, لسان العرب,كَدَر
4112,كَدُرَ,كدر,فَعُلَ يَفْعُلُ ( ضمَ ضمٍَ ),لازم,0,1,1, لسان العرب,كُدُورَة
4113,كَدَسَ,كدس,فَعَلَ يَفْعِلُ ( فتحُ كَسْرٍ ),مشترك ,0,1,1, لسان العرب,كَدْس
4114,كَدَشَ,كدش,فَعَلَ يَفْعِلُ ( فتحُ كَسْرٍ ),مشترك ,0,1,1, لسان العرب ,كَدْش
4115,كَدَعَ,كدع,فَعَلَ يَفْعَلُ ( فتحتان ),متعدي,0,1,1, لسان العرب ,كَدْع
4116,كَدَمَ,كدم,فَعَلَ يَفْعُلُ ( فتحُ ضمٍّ ),مشترك ,0,1,1, لسان العرب ,كَدْم
4117,كَدَمَ,كدم,فَعَلَ يَفْعِلُ ( فتحُ كَسْرٍ ),مشترك ,0,1,1, لسان العرب ,كَدْم
4118,كَدَنَ,كدن,فَعَلَ يَفْعُلُ ( فتحُ ضمٍّ ),لازم,0,1,1, لسان العرب,كُدُون
4119,كَدِنَ,كدن,فَعِلَ يَفْعَلُ ( كسر فتح ),لازم,0,1,1, لسان العرب,كَدَن
4120,كَدَهَ,كده,فَعَلَ يَفْعَلُ ( فتحتان ),مشترك ,0,1,1, لسان العرب,كَدْه
4121,كَدَا,كدو,فَعَلَ يَفْعُلُ ( فتحُ ضمٍّ ),مشترك ,0,1,1, لسان العرب,كَدْو
4122,كَدِيَ,كدو,فَعِلَ يَفْعَلُ ( كسر فتح ),لازم,0,1,1, لسان العرب,كَدْي
4123,كَدَى,كدي,فَعَلَ يَفْعِلُ ( فتحُ كَسْرٍ ),مشترك ,0,1,1, لسان العرب ,كَدْى
4124,كَذَبَ,كذب,فَعَلَ يَفْعِلُ ( فتحُ كَسْرٍ ),مشترك ,0,1,1, لسان العرب ,كَذِب
4125,كَذَّ,كذذ,فَعَلَ يَفْعُلُ ( فتحُ ضمٍّ ),لازم,0,1,1, لسان العرب ,كَذّ
4126,كَرَبَ,كرب,فَعَلَ يَفْعُلُ ( فتحُ ضمٍّ ),مشترك ,0,1,1, لسان العرب ,كَرْب
4127,كَرِبَ,كرب,فَعِلَ يَفْعَلُ ( كسر فتح ),لازم,0,1,1, لسان العرب,كَرِب
4128,كَرَثَ,كرث,فَعَلَ يَفْعُلُ ( فتحُ ضمٍّ ),متعدي,0,1,1, لسان العرب,كَرْث
4129,كَرَثَ,كرث,فَعَلَ يَفْعِلُ ( فتحُ كَسْرٍ ),متعدي,0,1,1, لسان العرب,كَرْث
4130,كَرِجَ,كرج,فَعِلَ يَفْعَلُ ( كسر فتح ),لازم,0,1,1, لسان العرب,كَرَج
4131,كَرَدَ,كرد,فَعَلَ يَفْعُلُ ( فتحُ ضمٍّ ),متعدي,0,1,1, لسان العرب,كَرْد
4132,كَرَّ,كرر,فَعَلَ يَفْعُلُ ( فتحُ ضمٍّ ),مشترك ,0,1,1, لسان العرب ,كَرّ
4133,خَرِدَ,خرد,فَعِلَ يَفْعَلُ ( كسر فتح ),لازم,0,1,1, لسان العرب ,خَرَد
4134,كَرَّ,كرر,فَعَلَ يَفْعِلُ ( فتحُ كَسْرٍ ),مشترك ,0,1,1, لسان العرب ,كَرّ
4135,كَرَّ,كرر,فَعِلَ يَفْعَلُ ( كسر فتح ),مشترك ,0,1,1, لسان العرب ,كَرّ
4136,كَرَزَ,كرز,فَعَلَ يَفْعِلُ ( فتحُ كَسْرٍ ),مشترك ,0,1,1, لسان العرب,كَرْز
4137,كَرِزَ,كرز,فَعِلَ يَفْعَلُ ( كسر فتح ),لازم,0,1,1, لسان العرب,كَرَز
4138,كَرِسَ,كرس,فَعِلَ يَفْعَلُ ( كسر فتح ),لازم,0,1,1, لسان العرب,كَرَس
4139,كَرِشَ,كرش,فَعِلَ يَفْعَلُ ( كسر فتح ),لازم,0,1,1, لسان العرب,كَرَش
4140,كَرَصَ,كرص,فَعَلَ يَفْعِلُ ( فتحُ كَسْرٍ ),متعدي,0,1,1, لسان العرب,كَرْص
4141,كَرَضَ,كرض,فَعَلَ يَفْعِلُ ( فتحُ كَسْرٍ ),مشترك ,0,1,1, لسان العرب ,كَرْض
4142,كَرَظَ,كرظ,فَعَلَ يَفْعُلُ ( فتحُ ضمٍّ ),مشترك ,0,1,1, لسان العرب ,كَرْظ
4143,كَرَعَ,كرع,فَعَلَ يَفْعَلُ ( فتحتان ),مشترك ,0,1,1, لسان العرب ,كَرْع
4144,كَرِعَ,كرع,فَعِلَ يَفْعَلُ ( كسر فتح ),لازم,0,1,1, لسان العرب ,كَرَع
4145,كَرَفَ,كرف,فَعَلَ يَفْعُلُ ( فتحُ ضمٍّ ),مشترك ,0,1,1, لسان العرب ,كَرْف
4146,كَرَفَ,كرف,فَعَلَ يَفْعِلُ ( فتحُ كَسْرٍ ),مشترك ,0,1,1, لسان العرب,كَرْف
4147,كَرَمَ,كرم,فَعَلَ يَفْعُلُ ( فتحُ ضمٍّ ),متعدي,0,1,1, لسان العرب,كَرْم
4148,كَرُمَ,كرم,فَعُلَ يَفْعُلُ ( ضمَ ضمٍَ ),لازم,0,1,1, لسان العرب,كَرَامَة
4149,كَرِهَ,كره,فَعِلَ يَفْعَلُ ( كسر فتح ),مشترك ,0,1,1, لسان العرب,كَرَاهِيَة
4150,كَرُهَ,كره,فَعُلَ يَفْعُلُ ( ضمَ ضمٍَ ),لازم,0,1,1, لسان العرب,كُرُوهَة
4151,كَرَا,كرو,فَعَلَ يَفْعُلُ ( فتحُ ضمٍّ ),مشترك ,0,1,1, لسان العرب ,كَرَا
4152,كَرِيَ,كرو,فَعِلَ يَفْعَلُ ( كسر فتح ),لازم,0,1,1, لسان العرب ,كَرَى
4153,كَرَى,كري,فَعَلَ يَفْعِلُ ( فتحُ كَسْرٍ ),مشترك ,0,1,1, لسان العرب ,كَرَى
4154,كَرِيَ,كري,فَعِلَ يَفْعَلُ ( كسر فتح ),لازم,0,1,1, لسان العرب ,كَرَى
4155,كَزِبَ,كزب,فَعِلَ يَفْعَلُ ( كسر فتح ),لازم,0,1,1, لسان العرب,كَزِب
4156,كَزَّ,كزز,فَعَلَ يَفْعُلُ ( فتحُ ضمٍّ ),مشترك ,0,1,1, لسان العرب,كَزّ
4157,كَزَمَ,كزم,فَعَلَ يَفْعُلُ ( فتحُ ضمٍّ ),متعدي,0,1,1, لسان العرب,كَزْم
4158,كَزَمَ,كزم,فَعَلَ يَفْعِلُ ( فتحُ كَسْرٍ ),لازم,0,1,1, لسان العرب,كَزْم
4159,كَزِمَ,كزم,فَعِلَ يَفْعَلُ ( كسر فتح ),لازم,0,1,1, لسان العرب,كَزَم
4160,كَزَى,كزي,فَعَلَ يَفْعِلُ ( فتحُ كَسْرٍ ),لازم,0,1,1, لسان العرب ,كَزَى
4161,كَسَأَ,كسء,فَعَلَ يَفْعَلُ ( فتحتان ),متعدي,0,1,1, لسان العرب ,كَسْأ
4162,كَسَبَ,كسب,فَعَلَ يَفْعِلُ ( فتحُ كَسْرٍ ),مشترك ,0,1,1, لسان العرب ,كَسْب
4163,كَسَحَ,كسح,فَعَلَ يَفْعَلُ ( فتحتان ),مشترك ,0,1,1, لسان العرب ,كَسْح
4164,خَرَّ,خرر,فَعَلَ يَفْعُلُ ( فتحُ ضمٍّ ),مشترك ,0,1,1, لسان العرب,خَرّ
4165,كَسِحَ,كسح,فَعِلَ يَفْعَلُ ( كسر فتح ),لازم,0,1,1, لسان العرب,كَسَح
4166,كَسَدَ,كسد,فَعَلَ يَفْعُلُ ( فتحُ ضمٍّ ),لازم,0,1,1, لسان العرب,كَسَاد
4167,كَسُدَ,كسد,فَعُلَ يَفْعُلُ ( ضمَ ضمٍَ ),لازم,0,1,1, لسان العرب,كُسُودَة
4168,كَسَرَ,كسر,فَعَلَ يَفْعِلُ ( فتحُ كَسْرٍ ),مشترك ,0,1,1, لسان العرب,كَسْر
4169,كَسَّ,كسس,فَعَلَ يَفْعُلُ ( فتحُ ضمٍّ ),متعدي,0,1,1, لسان العرب ,كَسّ
4170,كَسَّ,كسس,فَعِلَ يَفْعَلُ ( كسر فتح ),لازم,0,1,1, لسان العرب ,كَسّ
4171,كَسَعَ,كسع,فَعَلَ يَفْعَلُ ( فتحتان ),مشترك ,0,1,1, لسان العرب ,كَسْع
4172,كَسَفَ,كسف,فَعَلَ يَفْعِلُ ( فتحُ كَسْرٍ ),مشترك ,0,1,1, لسان العرب ,كَسَف
4173,كَسِلَ,كسل,فَعِلَ يَفْعَلُ ( كسر فتح ),لازم,0,1,1, لسان العرب,كَسَل
4174,كَسَمَ,كسم,فَعَلَ يَفْعِلُ ( فتحُ كَسْرٍ ),مشترك ,0,1,1, لسان العرب,كَسْم
4175,كَسَا,كسو,فَعَلَ يَفْعُلُ ( فتحُ ضمٍّ ),متعدي,0,1,1, لسان العرب,كَسْو
4176,كَسِيَ,كسو,فَعِلَ يَفْعَلُ ( كسر فتح ),مشترك ,0,1,1, لسان العرب,كَسَى
4177,كَشَأَ,كشء,فَعَلَ يَفْعَلُ ( فتحتان ),مشترك ,0,1,1, لسان العرب,كَشْأ
4178,كَشِئَ,كشء,فَعِلَ يَفْعَلُ ( كسر فتح ),لازم,0,1,1, لسان العرب ,كَشَأ
4179,كَشَبَ,كشب,فَعَلَ يَفْعِلُ ( فتحُ كَسْرٍ ),متعدي,0,1,1, لسان العرب ,كَشْب
4180,كَشَحَ,كشح,فَعَلَ يَفْعَلُ ( فتحتان ),مشترك ,0,1,1, لسان العرب ,كَشْح
4181,كَشِحَ,كشح,فَعِلَ يَفْعَلُ ( كسر فتح ),لازم,0,1,1, لسان العرب ,كَشَح
4182,كَشَدَ,كشد,فَعَلَ يَفْعِلُ ( فتحُ كَسْرٍ ),مشترك ,0,1,1, لسان العرب ,كَشْد
4183,كَشَرَ,كشر,فَعَلَ يَفْعِلُ ( فتحُ كَسْرٍ ),لازم,0,1,1, لسان العرب ,كَشْر
4184,كَشِرَ,كشر,فَعِلَ يَفْعَلُ ( كسر فتح ),لازم,0,1,1, لسان العرب ,كَشَر
4185,كَشَّ,كشش,فَعَلَ يَفْعِلُ ( فتحُ كَسْرٍ ),مشترك ,0,1,1, لسان العرب,كَشّ
4186,كَشَطَ,كشط,فَعَلَ يَفْعِلُ ( فتحُ كَسْرٍ ),مشترك ,0,1,1, لسان العرب,كَشْط
4187,كَشَعَ,كشع,فَعَلَ يَفْعَلُ ( فتحتان ),لازم,0,1,1, لسان العرب,كَشْع
4188,كَشَفَ,كشف,فَعَلَ يَفْعِلُ ( فتحُ كَسْرٍ ),مشترك ,0,1,1, لسان العرب,كَشْف
4189,كَشِفَ,كشف,فَعِلَ يَفْعَلُ ( كسر فتح ),لازم,0,1,1, لسان العرب,كَشَف
4190,كَشَمَ,كشم,فَعَلَ يَفْعُلُ ( فتحُ ضمٍّ ),متعدي,0,1,1, لسان العرب ,كَشْم
4191,كَشِمَ,كشم,فَعِلَ يَفْعَلُ ( كسر فتح ),لازم,0,1,1, لسان العرب ,كَشَم
4192,كَشَا,كشو,فَعَلَ يَفْعُلُ ( فتحُ ضمٍّ ),متعدي,0,1,1, لسان العرب ,كَشْو
4193,كَصَّ,كصص,فَعَلَ يَفْعِلُ ( فتحُ كَسْرٍ ),لازم,0,1,1, لسان العرب ,كَصّ
4194,كَصَمَ,كصم,فَعَلَ يَفْعِلُ ( فتحُ كَسْرٍ ),مشترك ,0,1,1, لسان العرب,كَصْم
4195,كَصَى,كصي,فَعَلَ يَفْعِلُ ( فتحُ كَسْرٍ ),لازم,0,1,1, لسان العرب,كَصَى
4196,خَرَّ,خرر,فَعَلَ يَفْعِلُ ( فتحُ كَسْرٍ ),مشترك ,0,1,1, لسان العرب,خَرّ
4197,كَظَبَ,كظب,فَعَلَ يَفْعُلُ ( فتحُ ضمٍّ ),لازم,0,1,1, لسان العرب,كَظْب
4198,كَظَرَ,كظر,فَعَلَ يَفْعُلُ ( فتحُ ضمٍّ ),متعدي,0,1,1, لسان العرب,كَظْر
4199,كَظَّ,كظظ,فَعَلَ يَفْعُلُ ( فتحُ ضمٍّ ),مشترك ,0,1,1, لسان العرب ,كَظّ
4200,كَظَمَ,كظم,فَعَلَ يَفْعِلُ ( فتحُ كَسْرٍ ),مشترك ,0,1,1, لسان العرب ,كَظْم
4201,كَظُمَ,كظم,فَعُلَ يَفْعُلُ ( ضمَ ضمٍَ ),لازم,0,1,1, لسان العرب ,كَظَامَة
4202,كَظَا,كظو,فَعَلَ يَفْعُلُ ( فتحُ ضمٍّ ),لازم,0,1,1, لسان العرب ,كَظَا
4203,كَعَبَ,كعب,فَعَلَ يَفْعُلُ ( فتحُ ضمٍّ ),لازم,0,1,1, لسان العرب,كَعْب
4204,كَعَبَ,كعب,فَعَلَ يَفْعَلُ ( فتحتان ),متعدي,0,1,1, لسان العرب,كُعُوب
4205,كَعِرَ,كعر,فَعِلَ يَفْعَلُ ( كسر فتح ),لازم,0,1,1, لسان العرب,كَعَر
4206,كَعَزَ,كعز,فَعَلَ يَفْعَلُ ( فتحتان ),لازم,0,1,1, لسان العرب,كَعْز
4207,كَعَّ,كعع,فَعَلَ يَفْعِلُ ( فتحُ كَسْرٍ ),لازم,0,1,1, لسان العرب,كَعّ
4208,كَعُلَ,كعل,فَعُلَ يَفْعُلُ ( ضمَ ضمٍَ ),لازم,0,1,1, لسان العرب ,كَعَالَة
4209,كَعَمَ,كعم,فَعَلَ يَفْعَلُ ( فتحتان ),متعدي,0,1,1, لسان العرب ,كَعْم
4210,كَعَا,كعو,فَعَلَ يَفْعُلُ ( فتحُ ضمٍّ ),لازم,0,1,1, لسان العرب ,كَعْو
4211,كَفَأَ,كفء,فَعَلَ يَفْعَلُ ( فتحتان ),مشترك ,0,1,1, لسان العرب ,كَفْأ
4212,كَفَتَ,كفت,فَعَلَ يَفْعِلُ ( فتحُ كَسْرٍ ),مشترك ,0,1,1, لسان العرب,كَفْت
4213,كَفَحَ,كفح,فَعَلَ يَفْعَلُ ( فتحتان ),متعدي,0,1,1, لسان العرب,كَفْح
4214,كَفِحَ,كفح,فَعِلَ يَفْعَلُ ( كسر فتح ),لازم,0,1,1, لسان العرب,كَفَح
4215,كَفَخَ,كفخ,فَعَلَ يَفْعَلُ ( فتحتان ),متعدي,0,1,1, لسان العرب,كَفْخ
4216,كَفَرَ,كفر,فَعَلَ يَفْعُلُ ( فتحُ ضمٍّ ),مشترك ,0,1,1, لسان العرب,كَفْر
4217,كَفَرَ,كفر,فَعَلَ يَفْعِلُ ( فتحُ كَسْرٍ ),مشترك ,0,1,1, لسان العرب ,كُفْر
4218,كَفِسَ,كفس,فَعِلَ يَفْعَلُ ( كسر فتح ),لازم,0,1,1, لسان العرب ,كَفَس
4219,كَفَّ,كفف,فَعَلَ يَفْعُلُ ( فتحُ ضمٍّ ),مشترك ,0,1,1, لسان العرب ,كَفّ
4220,كَفَلَ,كفل,فَعَلَ يَفْعُلُ ( فتحُ ضمٍّ ),مشترك ,0,1,1, لسان العرب ,كَفْل
4221,كَفَلَ,كفل,فَعَلَ يَفْعِلُ ( فتحُ كَسْرٍ ),مشترك ,0,1,1, لسان العرب,كَفَالَة
4222,كَفِلَ,كفل,فَعِلَ يَفْعَلُ ( كسر فتح ),مشترك ,0,1,1, لسان العرب,كَفْل
4223,خَرَزَ,خرز,فَعَلَ يَفْعُلُ ( فتحُ ضمٍّ ),متعدي,0,1,1, لسان العرب ,خَرْز
4224,كَفُلَ,كفل,فَعُلَ يَفْعُلُ ( ضمَ ضمٍَ ),لازم,0,1,1, لسان العرب ,كَفَالَة
4225,كَفَنَ,كفن,فَعَلَ يَفْعِلُ ( فتحُ كَسْرٍ ),مشترك ,0,1,1, لسان العرب ,كَفْن
4226,كَفَى,كفي,فَعَلَ يَفْعِلُ ( فتحُ كَسْرٍ ),مشترك ,0,1,1, لسان العرب ,كِفَايَة
4227,كَلَأَ,كلء,فَعَلَ يَفْعَلُ ( فتحتان ),مشترك ,0,1,1, لسان العرب,كِلاءَة
4228,كَلِئَ,كلء,فَعِلَ يَفْعَلُ ( كسر فتح ),لازم,0,1,1, لسان العرب,كَلأ
4229,كَلَبَ,كلب,فَعَلَ يَفْعُلُ ( فتحُ ضمٍّ ),متعدي,0,1,1, لسان العرب,كَلْب
4230,كَلِبَ,كلب,فَعِلَ يَفْعَلُ ( كسر فتح ),لازم,0,1,1, لسان العرب,كَلَب
4231,كَلَتَ,كلت,فَعَلَ يَفْعِلُ ( فتحُ كَسْرٍ ),متعدي,0,1,1, لسان العرب,كَلْت
4232,كَلَحَ,كلح,فَعَلَ يَفْعَلُ ( فتحتان ),لازم,0,1,1, لسان العرب ,كُلُوح
4233,كَلَدَ,كلد,فَعَلَ يَفْعِلُ ( فتحُ كَسْرٍ ),متعدي,0,1,1, لسان العرب ,كَلْد
4234,كَلَزَ,كلز,فَعَلَ يَفْعِلُ ( فتحُ كَسْرٍ ),متعدي,0,1,1, لسان العرب ,كَلْز
4235,كَلَسَ,كلس,فَعَلَ يَفْعِلُ ( فتحُ كَسْرٍ ),متعدي,0,1,1, لسان العرب ,كَلْس
4236,كَلِسَ,كلس,فَعِلَ يَفْعَلُ ( كسر فتح ),لازم,0,1,1, لسان العرب,كَلَس
4237,كَلَعَ,كلع,فَعَلَ يَفْعَلُ ( فتحتان ),لازم,0,1,1, لسان العرب,كَلْع
4238,كَلِعَ,كلع,فَعِلَ يَفْعَلُ ( كسر فتح ),لازم,0,1,1, لسان العرب,كَلَع
4239,كَلِفَ,كلف,فَعِلَ يَفْعَلُ ( كسر فتح ),مشترك ,0,1,1, لسان العرب,كَلَف
4240,كَلَّ,كلل,فَعَلَ يَفْعِلُ ( فتحُ كَسْرٍ ),لازم,0,1,1, لسان العرب,كَلال
4241,كَلَمَ,كلم,فَعَلَ يَفْعِلُ ( فتحُ كَسْرٍ ),متعدي,0,1,1, لسان العرب ,كَلْم
4242,كَلِيَ,كلو,فَعِلَ يَفْعَلُ ( كسر فتح ),لازم,0,1,1, لسان العرب ,كَلًى
4243,كَلَى,كلي,فَعَلَ يَفْعِلُ ( فتحُ كَسْرٍ ),متعدي,0,1,1, لسان العرب ,كَلْي
4244,كَمَأَ,كمء,فَعَلَ يَفْعَلُ ( فتحتان ),متعدي,0,1,1, لسان العرب ,كَمْء
4245,كَمِئَ,كمء,فَعِلَ يَفْعَلُ ( كسر فتح ),لازم,0,1,1, لسان العرب,كَمأ
4246,كَمَتَ,كمت,فَعَلَ يَفْعُلُ ( فتحُ ضمٍّ ),متعدي,0,1,1, لسان العرب,كُمُوت
4247,كَمُتَ,كمت,فَعُلَ يَفْعُلُ ( ضمَ ضمٍَ ),لازم,0,1,1, لسان العرب,كُمْتَة
4248,كَمَحَ,كمح,فَعَلَ يَفْعَلُ ( فتحتان ),متعدي,0,1,1, لسان العرب,كَمْح
4249,كَمَخَ,كمخ,فَعَلَ يَفْعَلُ ( فتحتان ),مشترك ,0,1,1, لسان العرب,كُمُوخ
4250,كَمَدَ,كمد,فَعَلَ يَفْعُلُ ( فتحُ ضمٍّ ),مشترك ,0,1,1, لسان العرب ,كَمْد
4251,كَمِدَ,كمد,فَعِلَ يَفْعَلُ ( كسر فتح ),لازم,0,1,1, لسان العرب ,كَمَد
4252,كَمِرَ,كمر,فَعِلَ يَفْعَلُ ( كسر فتح ),لازم,0,1,1, لسان العرب ,كَمَر
4253,خَرَزَ,خرز,فَعَلَ يَفْعِلُ ( فتحُ كَسْرٍ ),متعدي,0,1,1, لسان العرب ,خَرْز
4254,كَمَزَ,كمز,فَعَلَ يَفْعِلُ ( فتحُ كَسْرٍ ),متعدي,0,1,1, لسان العرب ,كَمْز
4255,كَمَسَ,كمس,فَعَلَ يَفْعُلُ ( فتحُ ضمٍّ ),لازم,0,1,1, لسان العرب ,كُمُوس
4256,كَمَشَ,كمش,فَعَلَ يَفْعُلُ ( فتحُ ضمٍّ ),مشترك ,0,1,1, لسان العرب ,كَمْش
4257,كَمِشَ,كمش,فَعِلَ يَفْعَلُ ( كسر فتح ),لازم,0,1,1, لسان العرب,كَمَش
4258,كَمُشَ,كمش,فَعُلَ يَفْعُلُ ( ضمَ ضمٍَ ),لازم,0,1,1, لسان العرب,كَمَاشَة
4259,كَمَعَ,كمع,فَعَلَ يَفْعَلُ ( فتحتان ),مشترك ,0,1,1, لسان العرب,كَمْع
4260,كَمَلَ,كمل,فَعَلَ يَفْعُلُ ( فتحُ ضمٍّ ),لازم,0,1,1, لسان العرب,كَمَال
4261,كَمِلَ,كمل,فَعِلَ يَفْعَلُ ( كسر فتح ),لازم,0,1,1, لسان العرب,كَمَال
4262,كَمُلَ,كمل,فَعُلَ يَفْعُلُ ( ضمَ ضمٍَ ),لازم,0,1,1, لسان العرب ,كَمَال
4263,كَمَّ,كمم,فَعَلَ يَفْعُلُ ( فتحُ ضمٍّ ),متعدي,0,1,1, لسان العرب ,كَمّ
4264,كَمَّ,كمم,فَعَلَ يَفْعِلُ ( فتحُ كَسْرٍ ),لازم,0,1,1, لسان العرب ,كَمّ
4265,كَمَنَ,كمن,فَعَلَ يَفْعُلُ ( فتحُ ضمٍّ ),مشترك ,0,1,1, لسان العرب ,كُمُون
4266,كَمِنَ,كمن,فَعِلَ يَفْعَلُ ( كسر فتح ),لازم,0,1,1, لسان العرب,كَمَن
4267,كَمِهَ,كمه,فَعِلَ يَفْعَلُ ( كسر فتح ),لازم,0,1,1, لسان العرب,كَمَه
4268,كَمَى,كمي,فَعَلَ يَفْعِلُ ( فتحُ كَسْرٍ ),مشترك ,0,1,1, لسان العرب,كَمْي
4269,كَنَبَ,كنب,فَعَلَ يَفْعُلُ ( فتحُ ضمٍّ ),مشترك ,0,1,1, لسان العرب,كُنُوب
4270,كَنَبَ,كنب,فَعَلَ يَفْعِلُ ( فتحُ كَسْرٍ ),متعدي,0,1,1, لسان العرب,كُنُوب
4271,كَنِبَ,كنب,فَعِلَ يَفْعَلُ ( كسر فتح ),لازم,0,1,1, لسان العرب ,كَنَب
4272,كَنَتَ,كنت,فَعَلَ يَفْعُلُ ( فتحُ ضمٍّ ),لازم,0,1,1, لسان العرب ,كُنُوت
4273,كَنِتَ,كنت,فَعِلَ يَفْعَلُ ( كسر فتح ),لازم,0,1,1, لسان العرب ,كَنَت
4274,كَنَدَ,كند,فَعَلَ يَفْعُلُ ( فتحُ ضمٍّ ),مشترك ,0,1,1, لسان العرب ,كُنُود
4275,كَنَدَ,كند,فَعَلَ يَفْعِلُ ( فتحُ كَسْرٍ ),مشترك ,0,1,1, لسان العرب,كُنُود
4276,كَنَزَ,كنز,فَعَلَ يَفْعُلُ ( فتحُ ضمٍّ ),متعدي,0,1,1, لسان العرب,كَنْز
4277,كَنَزَ,كنز,فَعَلَ يَفْعِلُ ( فتحُ كَسْرٍ ),متعدي,0,1,1, لسان العرب,كَنْز
4278,كَنَسَ,كنس,فَعَلَ يَفْعُلُ ( فتحُ ضمٍّ ),مشترك ,0,1,1, لسان العرب,كَنْس
4279,كَنَسَ,كنس,فَعَلَ يَفْعِلُ ( فتحُ كَسْرٍ ),مشترك ,0,1,1, لسان العرب,كَنْس
4280,كَنَشَ,كنش,فَعَلَ يَفْعُلُ ( فتحُ ضمٍّ ),متعدي,0,1,1, لسان العرب ,كَنْش
4281,كَنَظَ,كنظ,فَعَلَ يَفْعُلُ ( فتحُ ضمٍّ ),متعدي,0,1,1, لسان العرب ,كَنْظ
4282,كَنَظَ,كنظ,فَعَلَ يَفْعِلُ ( فتحُ كَسْرٍ ),متعدي,0,1,1, لسان العرب ,كَنْظ
4283,كَنَعَ,كنع,فَعَلَ يَفْعَلُ ( فتحتان ),مشترك ,0,1,1, لسان العرب ,كُنُوع
4284,كَنِعَ,كنع,فَعِلَ يَفْعَلُ ( كسر فتح ),لازم,0,1,1, لسان العرب,كَنَع
4285,خَرِزَ,خرز,فَعِلَ يَفْعَلُ ( كسر فتح ),لازم,0,1,1, لسان العرب,خَرَز
4286,كَنَفَ,كنف,فَعَلَ يَفْعُلُ ( فتحُ ضمٍّ ),مشترك ,0,1,1, لسان العرب,كَنْف
4287,كَنَفَ,كنف,فَعَلَ يَفْعِلُ ( فتحُ كَسْرٍ ),مشترك ,0,1,1, لسان العرب,كَنْف
4288,كَنَّ,كنن,فَعَلَ يَفْعُلُ ( فتحُ ضمٍّ ),متعدي,0,1,1, لسان العرب,كَنّ
4289,كَنَهَ,كنه,فَعَلَ يَفْعُلُ ( فتحُ ضمٍّ ),متعدي,0,1,1, لسان العرب ,كَنْه
4290,كَنَا,كنو,فَعَلَ يَفْعُلُ ( فتحُ ضمٍّ ),مشترك ,0,1,1, لسان العرب ,كَنْو
4291,كَنَى,كني,فَعَلَ يَفْعِلُ ( فتحُ كَسْرٍ ),مشترك ,0,1,1, لسان العرب ,كِنَايَة
4292,كَهِبَ,كهب,فَعِلَ يَفْعَلُ ( كسر فتح ),لازم,0,1,1, لسان العرب ,كَهَب
4293,كَهُبَ,كهب,فَعُلَ يَفْعُلُ ( ضمَ ضمٍَ ),لازم,0,1,1, لسان العرب,كُهْبَة
4294,كَهَدَ,كهد,فَعَلَ يَفْعَلُ ( فتحتان ),مشترك ,0,1,1, لسان العرب,كَهْد
4295,كَهَرَ,كهر,فَعَلَ يَفْعَلُ ( فتحتان ),مشترك ,0,1,1, لسان العرب ,كَهْر
4296,كَهَمَ,كهم,فَعَلَ يَفْعَلُ ( فتحتان ),مشترك ,0,1,1, لسان العرب ,كُهُوم
4297,كَهُمَ,كهم,فَعُلَ يَفْعُلُ ( ضمَ ضمٍَ ),لازم,0,1,1, لسان العرب ,كَهَامة
4298,كَهَنَ,كهن,فَعَلَ يَفْعُلُ ( فتحُ ضمٍّ ),لازم,0,1,1, لسان العرب ,كَهَانَة
4299,كَهَنَ,كهن,فَعَلَ يَفْعَلُ ( فتحتان ),لازم,0,1,1, لسان العرب,كَهَانَة
4300,كَهُنَ,كهن,فَعُلَ يَفْعُلُ ( ضمَ ضمٍَ ),لازم,0,1,1, لسان العرب,كَهَانَة
4301,كَهَّ,كهه,فَعَلَ يَفْعُلُ ( فتحُ ضمٍّ ),لازم,0,1,1, لسان العرب,كَهِيح
4302,كَهَّ,كهه,فَعَلَ يَفْعِلُ ( فتحُ كَسْرٍ ),لازم,0,1,1, لسان العرب,كَهِيح
4303,كَهِيَ,كهي,فَعِلَ يَفْعَلُ ( كسر فتح ),لازم,0,1,1, لسان العرب,كَهى
4304,كَاءَ,كوء,فَعَلَ يَفْعُلُ ( فتحُ ضمٍّ ),مشترك ,0,1,1, لسان العرب ,كَيْء
4305,كَابَ,كوب,فَعَلَ يَفْعُلُ ( فتحُ ضمٍّ ),لازم,0,1,1, لسان العرب ,كَوْب
4306,كَوِبَ,كوب,فَعِلَ يَفْعَلُ ( كسر فتح ),لازم,0,1,1, لسان العرب ,كَوَب
4307,كَاحَ,كوح,فَعَلَ يَفْعُلُ ( فتحُ ضمٍّ ),مشترك ,0,1,1, لسان العرب ,كَوْح
4308,كَادَ,كود,فَعَلَ يَفْعُلُ ( فتحُ ضمٍّ ),مشترك ,0,1,1, لسان العرب,كَيْد
4309,كَوِدَ,كود,فَعِلَ يَفْعَلُ ( كسر فتح ),لازم,0,1,1, لسان العرب,كَوَد
4310,كَارَ,كور,فَعَلَ يَفْعُلُ ( فتحُ ضمٍّ ),مشترك ,0,1,1, لسان العرب,كَوْر
4311,كَازَ,كوز,فَعَلَ يَفْعُلُ ( فتحُ ضمٍّ ),مشترك ,0,1,1, لسان العرب,كَوْز
4312,كَاسَ,كوس,فَعَلَ يَفْعُلُ ( فتحُ ضمٍّ ),مشترك ,0,1,1, لسان العرب,كَوْس
4313,كَاشَ,كوش,فَعَلَ يَفْعُلُ ( فتحُ ضمٍّ ),مشترك ,0,1,1, لسان العرب ,كَوْش
4314,كَاعَ,كوع,فَعَلَ يَفْعُلُ ( فتحُ ضمٍّ ),لازم,0,1,1, لسان العرب ,كَوْع
4315,كَوِعَ,كوع,فَعِلَ يَفْعَلُ ( كسر فتح ),لازم,0,1,1, لسان العرب ,كَوَع
4316,خَرَسَ,خرس,فَعَلَ يَفْعُلُ ( فتحُ ضمٍّ ),مشترك ,0,1,1, لسان العرب ,خَرْس
4317,كَافَ,كوف,فَعَلَ يَفْعُلُ ( فتحُ ضمٍّ ),متعدي,0,1,1, لسان العرب,كَوْف
4318,كَامَ,كوم,فَعَلَ يَفْعُلُ ( فتحُ ضمٍّ ),متعدي,0,1,1, لسان العرب,كَوْم
4319,كَوِمَ,كوم,فَعِلَ يَفْعَلُ ( كسر فتح ),لازم,0,1,1, لسان العرب,كَوْم
4320,كَانَ,كون,فَعَلَ يَفْعُلُ ( فتحُ ضمٍّ ),مشترك ,0,1,0, لسان العرب,كَوَم
4321,كَاهَ,كوه,فَعَلَ يَفْعُلُ ( فتحُ ضمٍّ ),متعدي,0,1,0, لسان العرب,كَوْه
4322,كَوِهَ,كوه,فَعِلَ يَفْعَلُ ( كسر فتح ),لازم,0,1,0, لسان العرب,كَوَه
4323,كَوَى,كوي,فَعَلَ يَفْعِلُ ( فتحُ كَسْرٍ ),متعدي,0,1,0, لسان العرب,كَيّ
4324,كَاءَ,كيء,فَعَلَ يَفْعِلُ ( فتحُ كَسْرٍ ),مشترك ,0,1,0, لسان العرب,كَيْء
4325,كَاحَ,كيح,فَعَلَ يَفْعِلُ ( فتحُ كَسْرٍ ),لازم,0,1,0, لسان العرب,كَوْح
4326,كَيِحَ,كيح,فَعِلَ يَفْعَلُ ( كسر فتح ),لازم,0,1,0, لسان العرب,كَيْح
4327,كَادَ,كيد,فَعَلَ يَفْعِلُ ( فتحُ كَسْرٍ ),مشترك ,0,1,0, لسان العرب,كَيْد
4328,كَارَ,كير,فَعَلَ يَفْعِلُ ( فتحُ كَسْرٍ ),لازم,0,1,0, لسان العرب,كَوْر
4329,كَاسَ,كيس,فَعَلَ يَفْعِلُ ( فتحُ كَسْرٍ ),مشترك ,0,1,0, لسان العرب,كَيْس
4330,كَاصَ,كيص,فَعَلَ يَفْعِلُ ( فتحُ كَسْرٍ ),مشترك ,0,1,0, لسان العرب,كَيْص
4331,كَاعَ,كيع,فَعَلَ يَفْعِلُ ( فتحُ كَسْرٍ ),لازم,0,1,0, لسان العرب,كَوْع
4332,كَافَ,كيف,فَعَلَ يَفْعِلُ ( فتحُ كَسْرٍ ),متعدي,0,1,0, لسان العرب,كَيْف
4333,كَالَ,كيل,فَعَلَ يَفْعِلُ ( فتحُ كَسْرٍ ),مشترك ,0,1,0, لسان العرب,كَيْل
4334,كَانَ,كين,فَعَلَ يَفْعِلُ ( فتحُ كَسْرٍ ),لازم,0,1,0, لسان العرب,كَوْن
4335,كَاهَ,كيه,فَعَلَ يَفْعِلُ ( فتحُ كَسْرٍ ),متعدي,0,1,0, لسان العرب,كَوْه
4336,لَأَطَ,لءط,فَعَلَ يَفْعَلُ ( فتحتان ),مشترك ,0,1,0, لسان العرب,لَأْط
4337,لَأَظَ,لءظ,فَعَلَ يَفْعَلُ ( فتحتان ),متعدي,0,1,0, لسان العرب,لَأْظ
4338,لَأَفَ,لءف,فَعَلَ يَفْعَلُ ( فتحتان ),متعدي,0,1,0, لسان العرب,لَأْف
4339,لَأَمَ,لءم,فَعَلَ يَفْعَلُ ( فتحتان ),مشترك ,0,1,0, لسان العرب,لَأْم
4340,لَؤُمَ,لءم,فَعُلَ يَفْعُلُ ( ضمَ ضمٍَ ),لازم,0,1,0, لسان العرب,لُؤْم
4341,لَأَى,لءي,فَعَلَ يَفْعَلُ ( فتحتان ),لازم,0,1,0, لسان العرب,لَأْي
4342,لَبَأَ,لبء,فَعَلَ يَفْعَلُ ( فتحتان ),متعدي,0,1,0, لسان العرب,لَبْء
4343,لَبَّ,لبب,فَعَلَ يَفْعُلُ ( فتحُ ضمٍّ ),مشترك ,0,1,0, لسان العرب,لَبّ
4344,لَبَّ,لبب,فَعَلَ يَفْعِلُ ( فتحُ كَسْرٍ ),لازم,0,1,0, لسان العرب,لَبّ
4345,لَبَّ,لبب,فَعِلَ يَفْعَلُ ( كسر فتح ),لازم,0,1,0, لسان العرب,لَبّ
4346,لَبَّ,لبب,فَعِلَ يَفْعَلُ ( كسر فتح ),لازم,0,1,0, لسان العرب,لَبّ
4347,خَرِسَ,خرس,فَعِلَ يَفْعَلُ ( كسر فتح ),لازم,0,1,0, لسان العرب,خَرَس
4348,لَبَّ,لبب,فَعُلَ يَفْعُلُ ( ضمَ ضمٍَ ),لازم,0,1,0, لسان العرب,لَبّ
4349,لَبَّ,لبب,فَعُلَ يَفْعُلُ ( ضمَ ضمٍَ ),لازم,0,1,0, لسان العرب,لَبّ
4350,لَبَتَ,لبت,فَعَلَ يَفْعُلُ ( فتحُ ضمٍّ ),متعدي,0,1,0, لسان العرب,لَبْت
4351,لَبِثَ,لبث,فَعِلَ يَفْعَلُ ( كسر فتح ),لازم,0,1,0, لسان العرب,لَبْث
4352,لَبَجَ,لبج,فَعَلَ يَفْعُلُ ( فتحُ ضمٍّ ),مشترك ,0,1,0, لسان العرب,لَبْج
4353,لَبَحَ,لبح,فَعَلَ يَفْعَلُ ( فتحتان ),لازم,0,1,0, لسان العرب,لَبْح
4354,لَبَخَ,لبخ,فَعَلَ يَفْعَلُ ( فتحتان ),مشترك ,0,1,0, لسان العرب,لَبْخ
4355,لَبَدَ,لبد,فَعَلَ يَفْعُلُ ( فتحُ ضمٍّ ),مشترك ,0,1,0, لسان العرب,لَبْد
4356,لَبَدَ,لبد,فَعَلَ يَفْعِلُ ( فتحُ كَسْرٍ ),متعدي,0,1,0, لسان العرب,لَبْد
4357,لَبِدَ,لبد,فَعِلَ يَفْعَلُ ( كسر فتح ),لازم,0,1,0, لسان العرب,لُبُود
4358,لَبَزَ,لبز,فَعَلَ يَفْعِلُ ( فتحُ كَسْرٍ ),مشترك ,0,1,0, لسان العرب,لَبْز
4359,لَبَسَ,لبس,فَعَلَ يَفْعِلُ ( فتحُ كَسْرٍ ),مشترك ,0,1,0, لسان العرب,لَبْس
4360,لَبِسَ,لبس,فَعِلَ يَفْعَلُ ( كسر فتح ),متعدي,0,1,0, لسان العرب,لُبْس
4361,لَبَطَ,لبط,فَعَلَ يَفْعِلُ ( فتحُ كَسْرٍ ),مشترك ,0,1,0, لسان العرب,لَبْط
4362,لَبَقَ,لبق,فَعَلَ يَفْعُلُ ( فتحُ ضمٍّ ),متعدي,0,1,0, لسان العرب,لَبَاقَة
4363,لَبِقَ,لبق,فَعِلَ يَفْعَلُ ( كسر فتح ),لازم,0,1,0, لسان العرب,لَبَاقَة
4364,لَبُقَ,لبق,فَعُلَ يَفْعُلُ ( ضمَ ضمٍَ ),لازم,0,1,0, لسان العرب,لَبَاقَة
4365,لَبَكَ,لبك,فَعَلَ يَفْعُلُ ( فتحُ ضمٍّ ),مشترك ,0,1,0, لسان العرب,لَبْك
4366,لَبِكَ,لبك,فَعِلَ يَفْعَلُ ( كسر فتح ),لازم,0,1,0, لسان العرب,لَبَك
4367,لَبَنَ,لبن,فَعَلَ يَفْعُلُ ( فتحُ ضمٍّ ),متعدي,0,1,0, لسان العرب,لَبْن
4368,لَبَنَ,لبن,فَعَلَ يَفْعِلُ ( فتحُ كَسْرٍ ),مشترك ,0,1,0, لسان العرب,لَبْن
4369,لَبِنَ,لبن,فَعِلَ يَفْعَلُ ( كسر فتح ),لازم,0,1,0, لسان العرب,لَبَن
4370,لَبِيَ,لبي,فَعِلَ يَفْعَلُ ( كسر فتح ),لازم,0,1,0, لسان العرب,لَبَى
4371,لَتَأَ,لتء,فَعَلَ يَفْعَلُ ( فتحتان ),مشترك ,0,1,0, لسان العرب,لَتْأ
4372,لَتَبَ,لتب,فَعَلَ يَفْعُلُ ( فتحُ ضمٍّ ),مشترك ,0,1,0, لسان العرب,لَتْب
4373,لَتَّ,لتت,فَعَلَ يَفْعُلُ ( فتحُ ضمٍّ ),مشترك ,0,1,0, لسان العرب,لَتّ
4374,لَتَحَ,لتح,فَعَلَ يَفْعَلُ ( فتحتان ),متعدي,0,1,0, لسان العرب,لَتْح
4375,لَتِحَ,لتح,فَعِلَ يَفْعَلُ ( كسر فتح ),لازم,0,1,0, لسان العرب,لَتَح
4376,لَتَدَ,لتد,فَعَلَ يَفْعِلُ ( فتحُ كَسْرٍ ),متعدي,0,1,0, لسان العرب,لَتْد
4377,خَرَشَ,خرش,فَعَلَ يَفْعِلُ ( فتحُ كَسْرٍ ),مشترك ,0,1,0, لسان العرب,خَرْش
4378,لَتَزَ,لتز,فَعَلَ يَفْعُلُ ( فتحُ ضمٍّ ),متعدي,0,1,0, لسان العرب,لَتْز
4379,لَتَزَ,لتز,فَعَلَ يَفْعِلُ ( فتحُ كَسْرٍ ),متعدي,0,1,0, لسان العرب,لَتْز
4380,لَتَمَ,لتم,فَعَلَ يَفْعُلُ ( فتحُ ضمٍّ ),مشترك ,0,1,0, لسان العرب,لَتْم
4381,لَثَأَ,لثء,فَعَلَ يَفْعَلُ ( فتحتان ),لازم,0,1,0, لسان العرب,لَثْأ
4382,لَثَّ,لثث,فَعَلَ يَفْعِلُ ( فتحُ كَسْرٍ ),مشترك ,0,1,0, لسان العرب,لَثّ
4383,لَثَدَ,لثد,فَعَلَ يَفْعِلُ ( فتحُ كَسْرٍ ),متعدي,0,1,0, لسان العرب,لَثْد
4384,لَثَغَ,لثغ,فَعَلَ يَفْعُلُ ( فتحُ ضمٍّ ),متعدي,0,1,0, لسان العرب,لَثْغ
4385,لَثِغَ,لثغ,فَعِلَ يَفْعَلُ ( كسر فتح ),لازم,0,1,0, لسان العرب,لَثَغ
4386,لَثِقَ,لثق,فَعِلَ يَفْعَلُ ( كسر فتح ),لازم,0,1,0, لسان العرب,لَثَاقَة
4387,لَثَمَ,لثم,فَعَلَ يَفْعِلُ ( فتحُ كَسْرٍ ),مشترك ,0,1,0, لسان العرب,لَثْم
4388,لَثِمَ,لثم,فَعِلَ يَفْعَلُ ( كسر فتح ),مشترك ,0,1,0, لسان العرب,لَثَام
4389,لَثِيَ,لثي,فَعِلَ يَفْعَلُ ( كسر فتح ),لازم,0,1,0, لسان العرب,لَثَى
4390,لَجَأَ,لجء,فَعَلَ يَفْعَلُ ( فتحتان ),لازم,0,1,0, لسان العرب,لُجُوء
4391,لَجِئَ,لجء,فَعِلَ يَفْعَلُ ( كسر فتح ),لازم,0,1,0, لسان العرب,لُجُوء
4392,لَجِبَ,لجب,فَعِلَ يَفْعَلُ ( كسر فتح ),لازم,0,1,0, لسان العرب,لَجَب
4393,لَجُبَ,لجب,فَعُلَ يَفْعُلُ ( ضمَ ضمٍَ ),لازم,0,1,0, لسان العرب,لُجُوب
4394,لَجَّ,لجج,فَعَلَ يَفْعِلُ ( فتحُ كَسْرٍ ),لازم,0,1,0, لسان العرب,لَجّ
4395,لَجَّ,لجج,فَعِلَ يَفْعَلُ ( كسر فتح ),لازم,0,1,0, لسان العرب,لَجّ
4396,لَجَذَ,لجذ,فَعَلَ يَفْعُلُ ( فتحُ ضمٍّ ),مشترك ,0,1,0, لسان العرب,لَجْذ
4397,لَجِذَ,لجذ,فَعِلَ يَفْعَلُ ( كسر فتح ),مشترك ,0,1,0, لسان العرب,لَجَذ
4398,لَجَفَ,لجف,فَعَلَ يَفْعِلُ ( فتحُ كَسْرٍ ),مشترك ,0,1,0, لسان العرب,لَجْف
4399,لَجِفَ,لجف,فَعِلَ يَفْعَلُ ( كسر فتح ),لازم,0,1,0, لسان العرب,لَجَف
4400,لَجَمَ,لجم,فَعَلَ يَفْعُلُ ( فتحُ ضمٍّ ),متعدي,0,1,0, لسان العرب,لَجْم
4401,لَجَنَ,لجن,فَعَلَ يَفْعُلُ ( فتحُ ضمٍّ ),مشترك ,0,1,0, لسان العرب,لَجْن
4402,لَجِنَ,لجن,فَعِلَ يَفْعَلُ ( كسر فتح ),لازم,0,1,0, لسان العرب,لَجَن
4403,لَحَبَ,لحب,فَعَلَ يَفْعَلُ ( فتحتان ),مشترك ,0,1,0, لسان العرب,لَحْب
4404,لَحِبَ,لحب,فَعِلَ يَفْعَلُ ( كسر فتح ),لازم,0,1,0, لسان العرب,لَحَب
4405,لَحَتَ,لحت,فَعَلَ يَفْعَلُ ( فتحتان ),متعدي,0,1,0, لسان العرب,لَحْت
4406,خَرَصَ,خرص,فَعَلَ يَفْعُلُ ( فتحُ ضمٍّ ),مشترك ,0,1,0, لسان العرب,خَرْص
4407,لَحَجَ,لحج,فَعَلَ يَفْعَلُ ( فتحتان ),مشترك ,0,1,0, لسان العرب,لَحْج
4408,لَحِجَ,لحج,فَعِلَ يَفْعَلُ ( كسر فتح ),مشترك ,0,1,0, لسان العرب,لَحَج
4409,لَحَّ,لحح,فَعَلَ يَفْعِلُ ( فتحُ كَسْرٍ ),لازم,0,1,0, لسان العرب,لَحّ
4410,لَحَّ,لحح,فَعِلَ يَفْعَلُ ( كسر فتح ),لازم,0,1,0, لسان العرب,لَحّ
4411,لَحَّ,لحح,فَعِلَ يَفْعَلُ ( كسر فتح ),لازم,0,1,0, لسان العرب,لَحّ
4412,لَحَدَ,لحد,فَعَلَ يَفْعَلُ ( فتحتان ),مشترك ,0,1,0, لسان العرب,لَحْد
4413,لَحَزَ,لحز,فَعَلَ يَفْعَلُ ( فتحتان ),مشترك ,0,1,0, لسان العرب,لَحْز
4414,لَحِزَ,لحز,فَعِلَ يَفْعَلُ ( كسر فتح ),لازم,0,1,0, لسان العرب,لَحَز
4415,لَحَسَ,لحس,فَعَلَ يَفْعَلُ ( فتحتان ),متعدي,0,1,0, لسان العرب,لَحْس
4416,لَحِسَ,لحس,فَعِلَ يَفْعَلُ ( كسر فتح ),متعدي,0,1,0, لسان العرب,لَحْس
4417,لَحَصَ,لحص,فَعَلَ يَفْعَلُ ( فتحتان ),مشترك ,0,1,0, لسان العرب,لَحْص
4418,لَحِصَ,لحص,فَعِلَ يَفْعَلُ ( كسر فتح ),لازم,0,1,0, لسان العرب,لَحْص
4419,لَحَطَ,لحط,فَعَلَ يَفْعَلُ ( فتحتان ),متعدي,0,1,0, لسان العرب,لَحْط
4420,لَحَظَ,لحظ,فَعَلَ يَفْعَلُ ( فتحتان ),مشترك ,0,1,0, لسان العرب,لَحْظ
4421,لَحَفَ,لحف,فَعَلَ يَفْعَلُ ( فتحتان ),مشترك ,0,1,0, لسان العرب,لَحْف
4422,لَحِقَ,لحق,فَعِلَ يَفْعَلُ ( كسر فتح ),مشترك ,0,1,0, لسان العرب,لُحُوق
4423,لَحَكَ,لحك,فَعَلَ يَفْعَلُ ( فتحتان ),مشترك ,0,1,0, لسان العرب,لَحْك
4424,لَحِكَ,لحك,فَعِلَ يَفْعَلُ ( كسر فتح ),متعدي,0,1,0, لسان العرب,لَحَك
4425,لَحَمَ,لحم,فَعَلَ يَفْعُلُ ( فتحُ ضمٍّ ),متعدي,0,1,0, لسان العرب,لَحْم
4426,لَحَمَ,لحم,فَعَلَ يَفْعَلُ ( فتحتان ),متعدي,0,1,0, لسان العرب,لَحْم
4427,لَحِمَ,لحم,فَعِلَ يَفْعَلُ ( كسر فتح ),مشترك ,0,1,0, لسان العرب,لُحُوم
4428,لَحُمَ,لحم,فَعُلَ يَفْعُلُ ( ضمَ ضمٍَ ),لازم,0,1,0, لسان العرب,لُحُوم
4429,لَحَنَ,لحن,فَعَلَ يَفْعَلُ ( فتحتان ),مشترك ,0,1,0, لسان العرب,لَحْن
4430,لَحِنَ,لحن,فَعِلَ يَفْعَلُ ( كسر فتح ),مشترك ,0,1,0, لسان العرب,لَحَن
4431,لَحَا,لحو,فَعَلَ يَفْعُلُ ( فتحُ ضمٍّ ),متعدي,0,1,0, لسان العرب,لَحْي
4432,لَحَى,لحي,فَعَلَ يَفْعِلُ ( فتحُ كَسْرٍ ),متعدي,0,1,0, لسان العرب,لَحْي
4433,لَحَى,لحي,فَعَلَ يَفْعَلُ ( فتحتان ),متعدي,0,1,0, لسان العرب,لَحْي
4434,لَخَبَ,لخب,فَعَلَ يَفْعُلُ ( فتحُ ضمٍّ ),متعدي,0,1,0, لسان العرب,لَخْب
4435,لَخَبَ,لخب,فَعَلَ يَفْعَلُ ( فتحتان ),متعدي,0,1,0, لسان العرب,لَخْب
4436,لَخَّ,لخخ,فَعَلَ يَفْعُلُ ( فتحُ ضمٍّ ),مشترك ,0,1,0, لسان العرب,لَخّ
4437,خَرَصَ,خرص,فَعَلَ يَفْعِلُ ( فتحُ كَسْرٍ ),مشترك ,0,1,0, لسان العرب,خَرْص
4438,لَخَّ,لخخ,فَعَلَ يَفْعِلُ ( فتحُ كَسْرٍ ),لازم,0,1,0, لسان العرب,لَخّ
4439,لَخَّ,لخخ,فَعِلَ يَفْعَلُ ( كسر فتح ),لازم,0,1,0, لسان العرب,لَخّ
4440,لَخَّ,لخخ,فَعِلَ يَفْعَلُ ( كسر فتح ),لازم,0,1,0, لسان العرب,لَخّ
4441,لَخَصَ,لخص,فَعَلَ يَفْعَلُ ( فتحتان ),متعدي,0,1,0, لسان العرب,لَخْص
4442,لَخِصَ,لخص,فَعِلَ يَفْعَلُ ( كسر فتح ),لازم,0,1,0, لسان العرب,لَخَاصَة
4443,لَخَفَ,لخف,فَعَلَ يَفْعَلُ ( فتحتان ),متعدي,0,1,0, لسان العرب,لَخْف
4444,لَخَمَ,لخم,فَعَلَ يَفْعَلُ ( فتحتان ),مشترك ,0,1,0, لسان العرب,لَخْم
4445,لَخُمَ,لخم,فَعُلَ يَفْعُلُ ( ضمَ ضمٍَ ),لازم,0,1,0, لسان العرب,لُخُوم
4446,لَخَنَ,لخن,فَعَلَ يَفْعَلُ ( فتحتان ),لازم,0,1,0, لسان العرب,لَخْن
4447,لَخِنَ,لخن,فَعِلَ يَفْعَلُ ( كسر فتح ),لازم,0,1,0, لسان العرب,لَخَن
4448,لَخَا,لخو,فَعَلَ يَفْعُلُ ( فتحُ ضمٍّ ),متعدي,0,1,0, لسان العرب,لَخْو
4449,لَخَى,لخي,فَعَلَ يَفْعِلُ ( فتحُ كَسْرٍ ),متعدي,0,1,0, لسان العرب,لَخْي
4450,لَخِيَ,لخي,فَعِلَ يَفْعَلُ ( كسر فتح ),لازم,0,1,0, لسان العرب,لَخَى
4451,لَدَّ,لدد,فَعَلَ يَفْعُلُ ( فتحُ ضمٍّ ),مشترك ,0,1,0, لسان العرب,لَدّ
4452,لَدَّ,لدد,فَعِلَ يَفْعَلُ ( كسر فتح ),لازم,0,1,0, لسان العرب,لَدّ
4453,لَدَّ,لدد,فَعِلَ يَفْعَلُ ( كسر فتح ),لازم,0,1,0, لسان العرب,لَدّ
4454,لَدَسَ,لدس,فَعَلَ يَفْعُلُ ( فتحُ ضمٍّ ),متعدي,0,1,0, لسان العرب,لَدْس
4455,لَدَغَ,لدغ,فَعَلَ يَفْعَلُ ( فتحتان ),مشترك ,0,1,0, لسان العرب,لَدْغ
4456,لَدِكَ,لدك,فَعِلَ يَفْعَلُ ( كسر فتح ),لازم,0,1,0, لسان العرب,لَدَك
4457,لَدَمَ,لدم,فَعَلَ يَفْعِلُ ( فتحُ كَسْرٍ ),مشترك ,0,1,0, لسان العرب,لَدْم
4458,لَدُنَ,لدن,فَعُلَ يَفْعُلُ ( ضمَ ضمٍَ ),لازم,0,1,0, لسان العرب,لُدُونَة
4459,لَذَجَ,لذج,فَعَلَ يَفْعُلُ ( فتحُ ضمٍّ ),متعدي,0,1,0, لسان العرب,لَذْج
4460,لَذَّ,لذذ,فَعِلَ يَفْعَلُ ( كسر فتح ),مشترك ,0,1,0, لسان العرب,لَذّ
4461,لَذَعَ,لذع,فَعَلَ يَفْعَلُ ( فتحتان ),مشترك ,0,1,0, لسان العرب,لَذْع
4462,لَذِمَ,لذم,فَعِلَ يَفْعَلُ ( كسر فتح ),مشترك ,0,1,0, لسان العرب,لَذَم
4463,لَذِيَ,لذي,فَعِلَ يَفْعَلُ ( كسر فتح ),لازم,0,1,0, لسان العرب,لَذَى
4464,لَزَأَ,لزء,فَعَلَ يَفْعَلُ ( فتحتان ),مشترك ,0,1,0, لسان العرب,لَزْأ
4465,لَزَبَ,لزب,فَعَلَ يَفْعُلُ ( فتحُ ضمٍّ ),مشترك ,0,1,0, لسان العرب,لَزْب
4466,لَزَبَ,لزب,فَعَلَ يَفْعِلُ ( فتحُ كَسْرٍ ),متعدي,0,1,0, لسان العرب,لَزْب
4467,خَرِصَ,خرص,فَعِلَ يَفْعَلُ ( كسر فتح ),لازم,0,1,0, لسان العرب,خَرْص
4468,لَزِبَ,لزب,فَعِلَ يَفْعَلُ ( كسر فتح ),لازم,0,1,0, لسان العرب,لَزَب
4469,لَزُبَ,لزب,فَعُلَ يَفْعُلُ ( ضمَ ضمٍَ ),لازم,0,1,0, لسان العرب,لُزُوب
4470,لَزِجَ,لزج,فَعِلَ يَفْعَلُ ( كسر فتح ),لازم,0,1,0, لسان العرب,لَزَاجَة
4471,لَزَّ,لزز,فَعَلَ يَفْعُلُ ( فتحُ ضمٍّ ),مشترك ,0,1,0, لسان العرب,لَزّ
4472,لَزِقَ,لزق,فَعِلَ يَفْعَلُ ( كسر فتح ),لازم,0,1,0, لسان العرب,لُزوق / لَزَق
4473,لَزِمَ,لزم,فَعِلَ يَفْعَلُ ( كسر فتح ),مشترك ,0,1,0, لسان العرب,لُزوم
4474,لَزَنَ,لزن,فَعَلَ يَفْعُلُ ( فتحُ ضمٍّ ),لازم,0,1,0, لسان العرب,لَزْن
4475,لَزِنَ,لزن,فَعِلَ يَفْعَلُ ( كسر فتح ),لازم,0,1,0, لسان العرب,لَزَن
4476,لَسَبَ,لسب,فَعَلَ يَفْعِلُ ( فتحُ كَسْرٍ ),متعدي,0,1,0, لسان العرب,لَسْب
4477,لَسِبَ,لسب,فَعِلَ يَفْعَلُ ( كسر فتح ),مشترك ,0,1,0, لسان العرب,لَسَب
4478,لَسَدَ,لسد,فَعَلَ يَفْعِلُ ( فتحُ كَسْرٍ ),متعدي,0,1,0, لسان العرب,لَسْد
4479,لَسِدَ,لسد,فَعِلَ يَفْعَلُ ( كسر فتح ),متعدي,0,1,0, لسان العرب,لَسَد
4480,لَسَّ,لسس,فَعَلَ يَفْعُلُ ( فتحُ ضمٍّ ),مشترك ,0,1,0, لسان العرب,لَسّ
4481,لَسَعَ,لسع,فَعَلَ يَفْعَلُ ( فتحتان ),مشترك ,0,1,0, لسان العرب,لَسْع
4482,لَسَمَ,لسم,فَعَلَ يَفْعُلُ ( فتحُ ضمٍّ ),متعدي,0,1,0, لسان العرب,لَسْم
4483,لَسِمَ,لسم,فَعِلَ يَفْعَلُ ( كسر فتح ),مشترك ,0,1,0, لسان العرب,لَسَم
4484,لَسَنَ,لسن,فَعَلَ يَفْعُلُ ( فتحُ ضمٍّ ),مشترك ,0,1,0, لسان العرب,لَسْن
4485,لَسِنَ,لسن,فَعِلَ يَفْعَلُ ( كسر فتح ),لازم,0,1,0, لسان العرب,لَسَن
4486,لَشَا,لشو,فَعَلَ يَفْعُلُ ( فتحُ ضمٍّ ),لازم,0,1,0, لسان العرب,لَشْو
4487,لَصِبَ,لصب,فَعِلَ يَفْعَلُ ( كسر فتح ),لازم,0,1,0, لسان العرب,لَصَب
4488,لَصَّ,لصص,فَعَلَ يَفْعُلُ ( فتحُ ضمٍّ ),مشترك ,0,1,0, لسان العرب,لَصّ
4489,لَصَّ,لصص,فَعِلَ يَفْعَلُ ( كسر فتح ),لازم,0,1,0, لسان العرب,لَصّ
4490,لَصَغَ,لصغ,فَعَلَ يَفْعَلُ ( فتحتان ),لازم,0,1,0, لسان العرب,لَصْغ
4491,لَصَفَ,لصف,فَعَلَ يَفْعُلُ ( فتحُ ضمٍّ ),مشترك ,0,1,0, لسان العرب,لَصْف
4492,لَصَفَ,لصف,فَعَلَ يَفْعِلُ ( فتحُ كَسْرٍ ),لازم,0,1,0, لسان العرب,لَصْف
4493,لَصِفَ,لصف,فَعِلَ يَفْعَلُ ( كسر فتح ),لازم,0,1,0, لسان العرب,لَصَف
4494,خَرَطَ,خرط,فَعَلَ يَفْعُلُ ( فتحُ ضمٍّ ),مشترك ,0,1,0, لسان العرب,خَرْط
4495,لَصِقَ,لصق,فَعِلَ يَفْعَلُ ( كسر فتح ),لازم,0,1,0, لسان العرب,لُصوق / لَصَق
4496,لَصَا,لصو,فَعَلَ يَفْعُلُ ( فتحُ ضمٍّ ),مشترك ,0,1,0, لسان العرب,لَصْو
4497,لَصَى,لصي,فَعَلَ يَفْعِلُ ( فتحُ كَسْرٍ ),مشترك ,0,1,0, لسان العرب,لَصْي
4498,لَصِيَ,لصي,فَعِلَ يَفْعَلُ ( كسر فتح ),لازم,0,1,0, لسان العرب,لَصَى
4499,لَضَمَ,لضم,فَعَلَ يَفْعِلُ ( فتحُ كَسْرٍ ),متعدي,0,1,0, لسان العرب,لَضْم
4500,لَضَا,لضو,فَعَلَ يَفْعُلُ ( فتحُ ضمٍّ ),لازم,0,1,0, لسان العرب,لَضْو
4501,لَطَأَ,لطء,فَعَلَ يَفْعَلُ ( فتحتان ),مشترك ,0,1,0, لسان العرب,لَطْء
4502,لَطِئَ,لطء,فَعِلَ يَفْعَلُ ( كسر فتح ),لازم,0,1,0, لسان العرب,لَطَأ
4503,لَطَثَ,لطث,فَعَلَ يَفْعُلُ ( فتحُ ضمٍّ ),مشترك ,0,1,0, لسان العرب,لَطْث
4504,لَطَحَ,لطح,فَعَلَ يَفْعَلُ ( فتحتان ),مشترك ,0,1,0, لسان العرب,لَطْح
4505,لَطَخَ,لطخ,فَعَلَ يَفْعَلُ ( فتحتان ),متعدي,0,1,0, لسان العرب,لَطْخ
4506,لَطَسَ,لطس,فَعَلَ يَفْعُلُ ( فتحُ ضمٍّ ),مشترك ,0,1,0, لسان العرب,لَطْس
4507,لَطَّ,لطط,فَعَلَ يَفْعُلُ ( فتحُ ضمٍّ ),مشترك ,0,1,0, لسان العرب,لَطّ
4508,لَطَّ,لطط,فَعَلَ يَفْعِلُ ( فتحُ كَسْرٍ ),لازم,0,1,0, لسان العرب,لَطّ
4509,لَطَعَ,لطع,فَعَلَ يَفْعَلُ ( فتحتان ),مشترك ,0,1,0, لسان العرب,لَطْع
4510,لَطِعَ,لطع,فَعِلَ يَفْعَلُ ( كسر فتح ),مشترك ,0,1,0, لسان العرب,لَطَع
4511,لَطَفَ,لطف,فَعَلَ يَفْعُلُ ( فتحُ ضمٍّ ),لازم,0,1,0, لسان العرب,لُطْف
4512,لَطُفَ,لطف,فَعُلَ يَفْعُلُ ( ضمَ ضمٍَ ),لازم,0,1,0, لسان العرب,لُطْف
4513,لَطَمَ,لطم,فَعَلَ يَفْعِلُ ( فتحُ كَسْرٍ ),متعدي,0,1,0, لسان العرب,لَطْم
4514,لَطَهَ,لطه,فَعَلَ يَفْعَلُ ( فتحتان ),متعدي,0,1,0, لسان العرب,لَطْه
4515,لَطَا,لطو,فَعَلَ يَفْعُلُ ( فتحُ ضمٍّ ),لازم,0,1,0, لسان العرب,لَطْو
4516,لَطَى,لطي,فَعَلَ يَفْعَلُ ( فتحتان ),لازم,0,1,0, لسان العرب,لَطْي
4517,لَطِيَ,لطي,فَعِلَ يَفْعَلُ ( كسر فتح ),متعدي,0,1,0, لسان العرب,لَطَى
4518,لَظَّ,لظظ,فَعَلَ يَفْعُلُ ( فتحُ ضمٍّ ),مشترك ,0,1,0, لسان العرب,لَظّ
4519,لَظِيَ,لظي,فَعِلَ يَفْعَلُ ( كسر فتح ),لازم,0,1,0, لسان العرب,لَظًى
4520,لَعَبَ,لعب,فَعَلَ يَفْعَلُ ( فتحتان ),لازم,0,1,0, لسان العرب,لَعِب
4521,لَعِبَ,لعب,فَعِلَ يَفْعَلُ ( كسر فتح ),لازم,0,1,0, لسان العرب,لَعِب
4522,لَعِثَ,لعث,فَعِلَ يَفْعَلُ ( كسر فتح ),لازم,0,1,0, لسان العرب,لَعَث
4523,لَعَجَ,لعج,فَعَلَ يَفْعَلُ ( فتحتان ),مشترك ,0,1,0, لسان العرب,لَعْج
4524,لَعَزَ,لعز,فَعَلَ يَفْعَلُ ( فتحتان ),متعدي,0,1,0, لسان العرب,لَعْز
4525,لَعَسَ,لعس,فَعَلَ يَفْعَلُ ( فتحتان ),متعدي,0,1,0, لسان العرب,لَعْس
4526,خَرَطَ,خرط,فَعَلَ يَفْعِلُ ( فتحُ كَسْرٍ ),مشترك ,0,1,0, لسان العرب,خَرْط
4527,لَعِسَ,لعس,فَعِلَ يَفْعَلُ ( كسر فتح ),لازم,0,1,0, لسان العرب,لَعَس
4528,لَعِصَ,لعص,فَعِلَ يَفْعَلُ ( كسر فتح ),لازم,0,1,0, لسان العرب,لَعْص
4529,لَعَضَ,لعض,فَعَلَ يَفْعَلُ ( فتحتان ),متعدي,0,1,0, لسان العرب,لَعْض
4530,لَعَطَ,لعط,فَعَلَ يَفْعَلُ ( فتحتان ),مشترك ,0,1,0, لسان العرب,لَعْط
4531,لَعِقَ,لعق,فَعِلَ يَفْعَلُ ( كسر فتح ),مشترك ,0,1,0, لسان العرب,لَعْق
4532,لَعَنَ,لعن,فَعَلَ يَفْعَلُ ( فتحتان ),متعدي,0,1,0, لسان العرب,لَعْن
4533,لَغَبَ,لغب,فَعَلَ يَفْعُلُ ( فتحُ ضمٍّ ),لازم,0,1,0, لسان العرب,لَغَب
4534,لَغَبَ,لغب,فَعَلَ يَفْعَلُ ( فتحتان ),مشترك ,0,1,0, لسان العرب,لَغَب
4535,لَغِبَ,لغب,فَعِلَ يَفْعَلُ ( كسر فتح ),لازم,0,1,0, لسان العرب,لَغَب
4536,لَغَدَ,لغد,فَعَلَ يَفْعَلُ ( فتحتان ),متعدي,0,1,0, لسان العرب,لَغْد
4537,لَغَزَ,لغز,فَعَلَ يَفْعُلُ ( فتحُ ضمٍّ ),متعدي,0,1,0, لسان العرب,لَغْز
4538,لَغَطَ,لغط,فَعَلَ يَفْعَلُ ( فتحتان ),لازم,0,1,0, لسان العرب,لَغَط
4539,لَغَفَ,لغف,فَعَلَ يَفْعَلُ ( فتحتان ),مشترك ,0,1,0, لسان العرب,لَغْف
4540,لَغِفَ,لغف,فَعِلَ يَفْعَلُ ( كسر فتح ),متعدي,0,1,0, لسان العرب,لَغَف
4541,لَغَمَ,لغم,فَعَلَ يَفْعَلُ ( فتحتان ),مشترك ,0,1,0, لسان العرب,لَغْم
4542,لَغِمَ,لغم,فَعِلَ يَفْعَلُ ( كسر فتح ),لازم,0,1,0, لسان العرب,لَغَم
4543,لَغَا,لغو,فَعَلَ يَفْعُلُ ( فتحُ ضمٍّ ),مشترك ,0,1,0, لسان العرب,لَغْو
4544,لَغِيَ,لغو,فَعِلَ يَفْعَلُ ( كسر فتح ),لازم,0,1,0, لسان العرب,لَغًى
4545,لَفَأَ,لفء,فَعَلَ يَفْعَلُ ( فتحتان ),متعدي,0,1,0, لسان العرب,لَفْء
4546,لَفِئَ,لفء,فَعِلَ يَفْعَلُ ( كسر فتح ),لازم,0,1,0, لسان العرب,لَفَأ
4547,لَفَتَ,لفت,فَعَلَ يَفْعِلُ ( فتحُ كَسْرٍ ),مشترك ,0,1,0, لسان العرب,لَفْت
4548,لَفِتَ,لفت,فَعِلَ يَفْعَلُ ( كسر فتح ),لازم,0,1,0, لسان العرب,لَفَت
4549,لَفَحَ,لفح,فَعَلَ يَفْعَلُ ( فتحتان ),مشترك ,0,1,0, لسان العرب,لَفْح
4550,لَفَخَ,لفخ,فَعَلَ يَفْعَلُ ( فتحتان ),مشترك ,0,1,0, لسان العرب,لَفْخ
4551,لَفَظَ,لفظ,فَعَلَ يَفْعِلُ ( فتحُ كَسْرٍ ),مشترك ,0,1,0, لسان العرب,لَفْظ
4552,لَفَعَ,لفع,فَعَلَ يَفْعَلُ ( فتحتان ),متعدي,0,1,0, لسان العرب,لَفْع
4553,لَفَّ,لفف,فَعَلَ يَفْعُلُ ( فتحُ ضمٍّ ),مشترك ,0,1,0, لسان العرب,لَفّ
4554,لَفَّ,لفف,فَعِلَ يَفْعَلُ ( كسر فتح ),لازم,0,1,0, لسان العرب,لَفّ
4555,لَفَقَ,لفق,فَعَلَ يَفْعِلُ ( فتحُ كَسْرٍ ),مشترك ,0,1,0, لسان العرب,لَفْق
4556,خَرِطَ,خرط,فَعِلَ يَفْعَلُ ( كسر فتح ),لازم,0,1,0, لسان العرب,خَرَط
4557,لَفِقَ,لفق,فَعِلَ يَفْعَلُ ( كسر فتح ),مشترك ,0,1,0, لسان العرب,لَفَق
4558,لَفَمَ,لفم,فَعَلَ يَفْعِلُ ( فتحُ كَسْرٍ ),مشترك ,0,1,0, لسان العرب,لَفْم
4559,لَفَا,لفو,فَعَلَ يَفْعُلُ ( فتحُ ضمٍّ ),متعدي,0,1,0, لسان العرب,لَفْو
4560,لَقَثَ,لقث,فَعَلَ يَفْعُلُ ( فتحُ ضمٍّ ),مشترك ,0,1,0, لسان العرب,لَقْث
4561,لَقِثَ,لقث,فَعِلَ يَفْعَلُ ( كسر فتح ),متعدي,0,1,0, لسان العرب,لَقَث
4562,لَقِحَ,لقح,فَعِلَ يَفْعَلُ ( كسر فتح ),لازم,0,1,0, لسان العرب,لَقَح
4563,لَقَزَ,لقز,فَعَلَ يَفْعُلُ ( فتحُ ضمٍّ ),متعدي,0,1,0, لسان العرب,لَقْز
4564,لَقَسَ,لقس,فَعَلَ يَفْعُلُ ( فتحُ ضمٍّ ),متعدي,0,1,0, لسان العرب,لَقْس
4565,لَقَسَ,لقس,فَعَلَ يَفْعِلُ ( فتحُ كَسْرٍ ),متعدي,0,1,0, لسان العرب,لَقْس
4566,لَقِسَ,لقس,فَعِلَ يَفْعَلُ ( كسر فتح ),لازم,0,1,0, لسان العرب,لَقَس
4567,لَقَصَ,لقص,فَعَلَ يَفْعِلُ ( فتحُ كَسْرٍ ),متعدي,0,1,0, لسان العرب,لَقْص
4568,لَقِصَ,لقص,فَعِلَ يَفْعَلُ ( كسر فتح ),لازم,0,1,0, لسان العرب,لَقَص
4569,لَقَطَ,لقط,فَعَلَ يَفْعُلُ ( فتحُ ضمٍّ ),مشترك ,0,1,0, لسان العرب,لَقْط
4570,لَقَعَ,لقع,فَعَلَ يَفْعَلُ ( فتحتان ),مشترك ,0,1,0, لسان العرب,لَقْع
4571,لَقِفَ,لقف,فَعِلَ يَفْعَلُ ( كسر فتح ),مشترك ,0,1,0, لسان العرب,لَقَف
4572,لَقَّ,لقق,فَعَلَ يَفْعُلُ ( فتحُ ضمٍّ ),متعدي,0,1,0, لسان العرب,لَقّ
4573,لَقَمَ,لقم,فَعَلَ يَفْعُلُ ( فتحُ ضمٍّ ),متعدي,0,1,0, لسان العرب,لَقْم
4574,لَقِمَ,لقم,فَعِلَ يَفْعَلُ ( كسر فتح ),متعدي,0,1,0, لسان العرب,لَقَم
4575,لَقِنَ,لقن,فَعِلَ يَفْعَلُ ( كسر فتح ),مشترك ,0,1,0, لسان العرب,لَقَن
4576,لَقَا,لقو,فَعَلَ يَفْعُلُ ( فتحُ ضمٍّ ),مشترك ,0,1,0, لسان العرب,لَقْو
4577,لَقِيَ,لقي,فَعِلَ يَفْعَلُ ( كسر فتح ),متعدي,0,1,0, لسان العرب,لِقاء
4578,لَكَأَ,لكء,فَعَلَ يَفْعَلُ ( فتحتان ),مشترك ,0,1,0, لسان العرب,لَكْء
4579,لَكِئَ,لكء,فَعِلَ يَفْعَلُ ( كسر فتح ),لازم,0,1,0, لسان العرب,لَكَأ
4580,لَكَثَ,لكث,فَعَلَ يَفْعُلُ ( فتحُ ضمٍّ ),متعدي,0,1,0, لسان العرب,لَكْث
4581,لَكِثَ,لكث,فَعِلَ يَفْعَلُ ( كسر فتح ),لازم,0,1,0, لسان العرب,لَكَث
4582,لَكَحَ,لكح,فَعَلَ يَفْعَلُ ( فتحتان ),متعدي,0,1,0, لسان العرب,لَكْح
4583,لَكَدَ,لكد,فَعَلَ يَفْعُلُ ( فتحُ ضمٍّ ),متعدي,0,1,0, لسان العرب,لَكْد
4584,لَكِدَ,لكد,فَعِلَ يَفْعَلُ ( كسر فتح ),لازم,0,1,0, لسان العرب,لَكَد
4585,لَكَزَ,لكز,فَعَلَ يَفْعُلُ ( فتحُ ضمٍّ ),متعدي,0,1,0, لسان العرب,لَكْز
4586,خَرَعَ,خرع,فَعَلَ يَفْعَلُ ( فتحتان ),متعدي,0,1,0, لسان العرب,خَرْع
4587,لَكَشَ,لكش,فَعَلَ يَفْعُلُ ( فتحُ ضمٍّ ),متعدي,0,1,0, لسان العرب,لَكْش
4588,لَكَعَ,لكع,فَعَلَ يَفْعَلُ ( فتحتان ),مشترك ,0,1,0, لسان العرب,لَكْع
4589,لَكِعَ,لكع,فَعِلَ يَفْعَلُ ( كسر فتح ),لازم,0,1,0, لسان العرب,لَكَع
4590,لَكُعَ,لكع,فَعُلَ يَفْعُلُ ( ضمَ ضمٍَ ),لازم,0,1,0, لسان العرب,لُكوع
4591,لَكَّ,لكك,فَعَلَ يَفْعُلُ ( فتحُ ضمٍّ ),مشترك ,0,1,0, لسان العرب,لَكّ
4592,لَكَمَ,لكم,فَعَلَ يَفْعُلُ ( فتحُ ضمٍّ ),متعدي,0,1,0, لسان العرب,لَكْم
4593,لَكِنَ,لكن,فَعِلَ يَفْعَلُ ( كسر فتح ),لازم,0,1,0, لسان العرب,لَكَن
4594,لَكِيَ,لكي,فَعِلَ يَفْعَلُ ( كسر فتح ),لازم,0,1,0, لسان العرب,لَكًى
4595,لَمَأَ,لمء,فَعَلَ يَفْعَلُ ( فتحتان ),مشترك ,0,1,0, لسان العرب,لَمْء
4596,لَمَجَ,لمج,فَعَلَ يَفْعُلُ ( فتحُ ضمٍّ ),مشترك ,0,1,0, لسان العرب,لَمْج
4597,لَمَحَ,لمح,فَعَلَ يَفْعَلُ ( فتحتان ),مشترك ,0,1,0, لسان العرب,لَمْح
4598,لَمَخَ,لمخ,فَعَلَ يَفْعَلُ ( فتحتان ),متعدي,0,1,0, لسان العرب,لَمْخ
4599,لَمَزَ,لمز,فَعَلَ يَفْعُلُ ( فتحُ ضمٍّ ),مشترك ,0,1,0, لسان العرب,لَمْز
4600,لَمَزَ,لمز,فَعَلَ يَفْعِلُ ( فتحُ كَسْرٍ ),مشترك ,0,1,0, لسان العرب,لَمْز
4601,لَمَسَ,لمس,فَعَلَ يَفْعُلُ ( فتحُ ضمٍّ ),متعدي,0,1,0, لسان العرب,لَمْس
4602,لَمَسَ,لمس,فَعَلَ يَفْعِلُ ( فتحُ كَسْرٍ ),متعدي,0,1,0, لسان العرب,لَمْس
4603,لَمَصَ,لمص,فَعَلَ يَفْعُلُ ( فتحُ ضمٍّ ),متعدي,0,1,0, لسان العرب,لَمْص
4604,لَمَطَ,لمط,فَعَلَ يَفْعُلُ ( فتحُ ضمٍّ ),مشترك ,0,1,0, لسان العرب,لَمْط
4605,لَمَظَ,لمظ,فَعَلَ يَفْعُلُ ( فتحُ ضمٍّ ),مشترك ,0,1,0, لسان العرب,لَمْظ
4606,لَمَعَ,لمع,فَعَلَ يَفْعَلُ ( فتحتان ),مشترك ,0,1,0, لسان العرب,لَمَعان
4607,لَمَقَ,لمق,فَعَلَ يَفْعُلُ ( فتحُ ضمٍّ ),متعدي,0,1,0, لسان العرب,لَمْق
4608,لَمَكَ,لمك,فَعَلَ يَفْعُلُ ( فتحُ ضمٍّ ),متعدي,0,1,0, لسان العرب,لَمْك
4609,لَمَّ,لمم,فَعَلَ يَفْعُلُ ( فتحُ ضمٍّ ),مشترك ,0,1,0, لسان العرب,لَمّ
4610,لَمَا,لمو,فَعَلَ يَفْعُلُ ( فتحُ ضمٍّ ),مشترك ,0,1,0, لسان العرب,لَمْو
4611,لَمَى,لمي,فَعَلَ يَفْعِلُ ( فتحُ كَسْرٍ ),لازم,0,1,0, لسان العرب,لَمْي
4612,لَمِيَ,لمي,فَعِلَ يَفْعَلُ ( كسر فتح ),لازم,0,1,0, لسان العرب,لَمَى
4613,لَهِبَ,لهب,فَعِلَ يَفْعَلُ ( كسر فتح ),لازم,0,1,0, لسان العرب,لَهَب
4614,لَهَثَ,لهث,فَعَلَ يَفْعَلُ ( فتحتان ),لازم,0,1,0, لسان العرب,لَهَث
4615,خَرِعَ,خرع,فَعِلَ يَفْعَلُ ( كسر فتح ),لازم,0,1,0, لسان العرب,خَرَع
4616,لَهِثَ,لهث,فَعِلَ يَفْعَلُ ( كسر فتح ),لازم,0,1,0, لسان العرب,لَهَث
4617,لَهِجَ,لهج,فَعِلَ يَفْعَلُ ( كسر فتح ),مشترك ,0,1,0, لسان العرب,لَهَج
4618,لَهَدَ,لهد,فَعَلَ يَفْعَلُ ( فتحتان ),متعدي,0,1,0, لسان العرب,لَهْد
4619,لَهَزَ,لهز,فَعَلَ يَفْعَلُ ( فتحتان ),مشترك ,0,1,0, لسان العرب,لَهْز
4620,لَهَسَ,لهس,فَعَلَ يَفْعَلُ ( فتحتان ),مشترك ,0,0,0, , 
4621,لَهَطَ,لهط,فَعَلَ يَفْعَلُ ( فتحتان ),مشترك ,0,0,0, , 
4622,لَهِعَ,لهع,فَعِلَ يَفْعَلُ ( كسر فتح ),لازم,0,0,0, , 
4623,لَهِفَ,لهف,فَعِلَ يَفْعَلُ ( كسر فتح ),لازم,0,0,0, , 
4624,لَهَقَ,لهق,فَعَلَ يَفْعَلُ ( فتحتان ),لازم,0,0,0, , 
4625,لَهِقَ,لهق,فَعِلَ يَفْعَلُ ( كسر فتح ),لازم,0,0,0, , 
4626,لَهِمَ,لهم,فَعِلَ يَفْعَلُ ( كسر فتح ),متعدي,0,0,0, , 
4627,لَهَّ,لهه,فَعَلَ يَفْعُلُ ( فتحُ ضمٍّ ),متعدي,0,0,0, , 
4628,لَهَا,لهو,فَعَلَ يَفْعُلُ ( فتحُ ضمٍّ ),لازم,0,0,0, , 
4629,لَهِيَ,لهو,فَعِلَ يَفْعَلُ ( كسر فتح ),لازم,0,0,0, , 
4630,لَابَ,لوب,فَعَلَ يَفْعُلُ ( فتحُ ضمٍّ ),لازم,0,0,0, , 
4631,لَاتَ,لوت,فَعَلَ يَفْعُلُ ( فتحُ ضمٍّ ),مشترك ,0,0,0, , 
4632,لَاثَ,لوث,فَعَلَ يَفْعُلُ ( فتحُ ضمٍّ ),مشترك ,0,0,0, , 
4633,لَوِثَ,لوث,فَعِلَ يَفْعَلُ ( كسر فتح ),مشترك ,0,0,0, , 
4634,لَاجَ,لوج,فَعَلَ يَفْعُلُ ( فتحُ ضمٍّ ),متعدي,0,0,0, , 
4635,لَاحَ,لوح,فَعَلَ يَفْعُلُ ( فتحُ ضمٍّ ),مشترك ,0,0,0, , 
4636,لَاخَ,لوخ,فَعَلَ يَفْعُلُ ( فتحُ ضمٍّ ),متعدي,0,0,0, , 
4637,لَوِدَ,لود,فَعِلَ يَفْعَلُ ( كسر فتح ),لازم,0,0,0, , 
4638,لَاذَ,لوذ,فَعَلَ يَفْعُلُ ( فتحُ ضمٍّ ),لازم,0,0,0, , 
4639,لَازَ,لوز,فَعَلَ يَفْعُلُ ( فتحُ ضمٍّ ),مشترك ,0,0,0, , 
4640,لَاسَ,لوس,فَعَلَ يَفْعُلُ ( فتحُ ضمٍّ ),مشترك ,0,0,0, , 
4641,لَاصَ,لوص,فَعَلَ يَفْعُلُ ( فتحُ ضمٍّ ),مشترك ,0,0,0, , 
4642,لَاطَ,لوط,فَعَلَ يَفْعُلُ ( فتحُ ضمٍّ ),مشترك ,0,0,0, , 
4643,لَاظَ,لوظ,فَعَلَ يَفْعُلُ ( فتحُ ضمٍّ ),متعدي,0,0,0, , 
4644,لَاعَ,لوع,فَعَلَ يَفْعُلُ ( فتحُ ضمٍّ ),مشترك ,0,0,0, , 
4645,خَرُعَ,خرع,فَعُلَ يَفْعُلُ ( ضمَ ضمٍَ ),لازم,0,0,0, , 
4646,لَاغَ,لوغ,فَعَلَ يَفْعُلُ ( فتحُ ضمٍّ ),متعدي,0,0,0, , 
4647,لَافَ,لوف,فَعَلَ يَفْعُلُ ( فتحُ ضمٍّ ),مشترك ,0,0,0, , 
4648,لَاقَ,لوق,فَعَلَ يَفْعُلُ ( فتحُ ضمٍّ ),مشترك ,0,0,0, , 
4649,لَوِقَ,لوق,فَعِلَ يَفْعَلُ ( كسر فتح ),لازم,0,0,0, , 
4650,لَاكَ,لوك,فَعَلَ يَفْعُلُ ( فتحُ ضمٍّ ),متعدي,0,0,0, , 
4651,لَامَ,لوم,فَعَلَ يَفْعُلُ ( فتحُ ضمٍّ ),متعدي,0,0,0, , 
4652,لَاهَ,لوه,فَعَلَ يَفْعُلُ ( فتحُ ضمٍّ ),مشترك ,0,0,0, , 
4653,لَوَى,لوي,فَعَلَ يَفْعِلُ ( فتحُ كَسْرٍ ),مشترك ,0,0,0, , 
4654,لَوِيَ,لوي,فَعِلَ يَفْعَلُ ( كسر فتح ),مشترك ,0,0,0, , 
4655,لَاتَ,ليت,فَعَلَ يَفْعِلُ ( فتحُ كَسْرٍ ),مشترك ,0,0,0, , 
4656,لَازَ,ليز,فَعَلَ يَفْعِلُ ( فتحُ كَسْرٍ ),لازم,0,0,0, , 
4657,لَيِسَ,ليس,فَعِلَ يَفْعَلُ ( كسر فتح ),لازم,0,0,0, , 
4658,لَاصَ,ليص,فَعَلَ يَفْعِلُ ( فتحُ كَسْرٍ ),مشترك ,0,0,0, , 
4659,لَاطَ,ليط,فَعَلَ يَفْعِلُ ( فتحُ كَسْرٍ ),مشترك ,0,0,0, , 
4660,لَاعَ,ليع,فَعَلَ يَفْعِلُ ( فتحُ كَسْرٍ ),مشترك ,0,0,0, , 
4661,لَاغَ,ليغ,فَعَلَ يَفْعِلُ ( فتحُ كَسْرٍ ),متعدي,0,0,0, , 
4662,لَافَ,ليف,فَعَلَ يَفْعِلُ ( فتحُ كَسْرٍ ),متعدي,0,0,0, , 
4663,لَاقَ,ليق,فَعَلَ يَفْعِلُ ( فتحُ كَسْرٍ ),مشترك ,0,0,0, , 
4664,لَانَ,لين,فَعَلَ يَفْعِلُ ( فتحُ كَسْرٍ ),لازم,0,0,0, , 
4665,لَاهَ,ليه,فَعَلَ يَفْعِلُ ( فتحُ كَسْرٍ ),لازم,0,0,0, , 
4666,مَأَجَ,مءج,فَعَلَ يَفْعَلُ ( فتحتان ),لازم,0,0,0, , 
4667,مَؤُجَ,مءج,فَعُلَ يَفْعُلُ ( ضمَ ضمٍَ ),لازم,0,0,0, , 
4668,مَأَدَ,مءد,فَعَلَ يَفْعَلُ ( فتحتان ),لازم,0,0,0, , 
4669,مَأَرَ,مءر,فَعَلَ يَفْعَلُ ( فتحتان ),مشترك ,0,0,0, , 
4670,مَئِرَ,مءر,فَعِلَ يَفْعَلُ ( كسر فتح ),لازم,0,0,0, , 
4671,مَأَسَ,مءس,فَعَلَ يَفْعَلُ ( فتحتان ),مشترك ,0,0,0, , 
4672,مَئِسَ,مءس,فَعِلَ يَفْعَلُ ( كسر فتح ),لازم,0,0,0, , 
4673,مَأَشَ,مءش,فَعَلَ يَفْعَلُ ( فتحتان ),متعدي,0,0,0, , 
4674,مَئِقَ,مءق,فَعِلَ يَفْعَلُ ( كسر فتح ),لازم,0,0,0, , 
4675,خَرَفَ,خرف,فَعَلَ يَفْعُلُ ( فتحُ ضمٍّ ),مشترك ,0,0,0, , 
4676,مَأَلَ,مءل,فَعَلَ يَفْعَلُ ( فتحتان ),مشترك ,0,0,0, , 
4677,مَئِلَ,مءل,فَعِلَ يَفْعَلُ ( كسر فتح ),لازم,0,0,0, , 
4678,مَؤُلَ,مءل,فَعُلَ يَفْعُلُ ( ضمَ ضمٍَ ),لازم,0,0,0, , 
4679,مَأَنَ,مءن,فَعَلَ يَفْعَلُ ( فتحتان ),مشترك ,0,0,0, , 
4680,مَآ,مءو,فَعَلَ يَفْعُلُ ( فتحُ ضمٍّ ),مشترك ,0,0,0, , 
4681,مَأَى,مءي,فَعَلَ يَفْعَلُ ( فتحتان ),مشترك ,0,0,0, , 
4682,مَتَّ,متت,فَعَلَ يَفْعُلُ ( فتحُ ضمٍّ ),مشترك ,0,0,0, , 
4683,مَتَحَ,متح,فَعَلَ يَفْعَلُ ( فتحتان ),مشترك ,0,0,0, , 
4684,مَتَخَ,متخ,فَعَلَ يَفْعُلُ ( فتحُ ضمٍّ ),مشترك ,0,0,0, , 
4685,مَتَخَ,متخ,فَعَلَ يَفْعَلُ ( فتحتان ),مشترك ,0,0,0, , 
4686,مَتَدَ,متد,فَعَلَ يَفْعُلُ ( فتحُ ضمٍّ ),لازم,0,0,0, , 
4687,مَتَرَ,متر,فَعَلَ يَفْعُلُ ( فتحُ ضمٍّ ),مشترك ,0,0,0, , 
4688,مَتَشَ,متش,فَعَلَ يَفْعِلُ ( فتحُ كَسْرٍ ),متعدي,0,0,0, , 
4689,مَتِشَ,متش,فَعِلَ يَفْعَلُ ( كسر فتح ),لازم,0,0,0, , 
4690,مَتَعَ,متع,فَعَلَ يَفْعَلُ ( فتحتان ),مشترك ,0,0,0, , 
4691,مَتُعَ,متع,فَعُلَ يَفْعُلُ ( ضمَ ضمٍَ ),لازم,0,0,0, , 
4692,مَتَكَ,متك,فَعَلَ يَفْعُلُ ( فتحُ ضمٍّ ),متعدي,0,0,0, , 
4693,مَتَلَ,متل,فَعَلَ يَفْعُلُ ( فتحُ ضمٍّ ),متعدي,0,0,0, , 
4694,مَتَنَ,متن,فَعَلَ يَفْعُلُ ( فتحُ ضمٍّ ),مشترك ,0,0,0, , 
4695,مَتُنَ,متن,فَعُلَ يَفْعُلُ ( ضمَ ضمٍَ ),لازم,0,0,0, , 
4696,مَتَهَ,مته,فَعَلَ يَفْعَلُ ( فتحتان ),مشترك ,0,0,0, , 
4697,مَتِهَ,مته,فَعِلَ يَفْعَلُ ( كسر فتح ),لازم,0,0,0, , 
4698,مَتَا,متو,فَعَلَ يَفْعُلُ ( فتحُ ضمٍّ ),مشترك ,0,0,0, , 
4699,مَتَى,متي,فَعَلَ يَفْعِلُ ( فتحُ كَسْرٍ ),متعدي,0,0,0, , 
4700,مَثَّ,مثث,فَعَلَ يَفْعُلُ ( فتحُ ضمٍّ ),مشترك ,0,0,0, , 
4701,مَثَجَ,مثج,فَعَلَ يَفْعُلُ ( فتحُ ضمٍّ ),مشترك ,0,0,0, , 
4702,مَثَدَ,مثد,فَعَلَ يَفْعُلُ ( فتحُ ضمٍّ ),مشترك ,0,0,0, , 
4703,خَرِفَ,خرف,فَعِلَ يَفْعَلُ ( كسر فتح ),لازم,0,0,0, , 
4704,مَثَعَ,مثع,فَعَلَ يَفْعُلُ ( فتحُ ضمٍّ ),لازم,0,0,0, , 
4705,مَثَعَ,مثع,فَعَلَ يَفْعَلُ ( فتحتان ),لازم,0,0,0, , 
4706,مَثِعَ,مثع,فَعِلَ يَفْعَلُ ( كسر فتح ),لازم,0,0,0, , 
4707,مَثَلَ,مثل,فَعَلَ يَفْعُلُ ( فتحُ ضمٍّ ),مشترك ,0,0,0, , 
4708,مَثَلَ,مثل,فَعَلَ يَفْعِلُ ( فتحُ كَسْرٍ ),لازم,0,0,0, , 
4709,مَثُلَ,مثل,فَعُلَ يَفْعُلُ ( ضمَ ضمٍَ ),لازم,0,0,0, , 
4710,مَثَنَ,مثن,فَعَلَ يَفْعُلُ ( فتحُ ضمٍّ ),متعدي,0,0,0, , 
4711,مَثَنَ,مثن,فَعَلَ يَفْعِلُ ( فتحُ كَسْرٍ ),متعدي,0,0,0, , 
4712,مَثِنَ,مثن,فَعِلَ يَفْعَلُ ( كسر فتح ),لازم,0,0,0, , 
4713,مَجَّ,مجج,فَعَلَ يَفْعُلُ ( فتحُ ضمٍّ ),مشترك ,0,0,0, , 
4714,مَجَّ,مجج,فَعِلَ يَفْعَلُ ( كسر فتح ),لازم,0,0,0, , 
4715,مَجَّ,مجج,فَعِلَ يَفْعَلُ ( كسر فتح ),لازم,0,0,0, , 
4716,مَجَحَ,مجح,فَعَلَ يَفْعَلُ ( فتحتان ),مشترك ,0,0,0, , 
4717,مَجِحَ,مجح,فَعِلَ يَفْعَلُ ( كسر فتح ),مشترك ,0,0,0, , 
4718,مَجَدَ,مجد,فَعَلَ يَفْعُلُ ( فتحُ ضمٍّ ),مشترك ,0,0,0, , 
4719,مَجُدَ,مجد,فَعُلَ يَفْعُلُ ( ضمَ ضمٍَ ),لازم,0,0,0, , 
4720,مَجِرَ,مجر,فَعِلَ يَفْعَلُ ( كسر فتح ),لازم,0,0,0, , 
4721,مَجَعَ,مجع,فَعَلَ يَفْعُلُ ( فتحُ ضمٍّ ),لازم,0,0,0, , 
4722,مَجَعَ,مجع,فَعَلَ يَفْعَلُ ( فتحتان ),لازم,0,0,0, , 
4723,مَجِعَ,مجع,فَعِلَ يَفْعَلُ ( كسر فتح ),لازم,0,0,0, , 
4724,مَجُعَ,مجع,فَعُلَ يَفْعُلُ ( ضمَ ضمٍَ ),لازم,0,0,0, , 
4725,مَجَلَ,مجل,فَعَلَ يَفْعُلُ ( فتحُ ضمٍّ ),لازم,0,0,0, , 
4726,مَجِلَ,مجل,فَعِلَ يَفْعَلُ ( كسر فتح ),لازم,0,0,0, , 
4727,مَجَنَ,مجن,فَعَلَ يَفْعُلُ ( فتحُ ضمٍّ ),لازم,0,0,0, , 
4728,مَحَتَ,محت,فَعَلَ يَفْعَلُ ( فتحتان ),متعدي,0,0,0, , 
4729,مَحُتَ,محت,فَعُلَ يَفْعُلُ ( ضمَ ضمٍَ ),لازم,0,0,0, , 
4730,مَحَجَ,محج,فَعَلَ يَفْعَلُ ( فتحتان ),مشترك ,0,0,0, , 
4731,مَحَّ,محح,فَعَلَ يَفْعُلُ ( فتحُ ضمٍّ ),لازم,0,0,0, , 
4732,مَحَّ,محح,فَعَلَ يَفْعِلُ ( فتحُ كَسْرٍ ),لازم,0,0,0, , 
4733,خَرُفَ,خرف,فَعُلَ يَفْعُلُ ( ضمَ ضمٍَ ),لازم,0,0,0, , 
4734,مَحَّ,محح,فَعِلَ يَفْعَلُ ( كسر فتح ),لازم,0,0,0, , 
4735,مَحَزَ,محز,فَعَلَ يَفْعَلُ ( فتحتان ),متعدي,0,0,0, , 
4736,مَحَشَ,محش,فَعَلَ يَفْعَلُ ( فتحتان ),مشترك ,0,0,0, , 
4737,مَحَصَ,محص,فَعَلَ يَفْعَلُ ( فتحتان ),مشترك ,0,0,0, , 
4738,مَحَضَ,محض,فَعَلَ يَفْعَلُ ( فتحتان ),متعدي,0,0,0, , 
4739,مَحِضَ,محض,فَعِلَ يَفْعَلُ ( كسر فتح ),لازم,0,0,0, , 
4740,مَحُضَ,محض,فَعُلَ يَفْعُلُ ( ضمَ ضمٍَ ),لازم,0,0,0, , 
4741,مَحَطَ,محط,فَعَلَ يَفْعَلُ ( فتحتان ),متعدي,0,0,0, , 
4742,مَحَقَ,محق,فَعَلَ يَفْعَلُ ( فتحتان ),متعدي,0,0,0, , 
4743,مَحَكَ,محك,فَعَلَ يَفْعَلُ ( فتحتان ),لازم,0,0,0, , 
4744,مَحِكَ,محك,فَعِلَ يَفْعَلُ ( كسر فتح ),لازم,0,0,0, , 
4745,مَحَلَ,محل,فَعَلَ يَفْعَلُ ( فتحتان ),لازم,0,0,0, , 
4746,مَحِلَ,محل,فَعِلَ يَفْعَلُ ( كسر فتح ),لازم,0,0,0, , 
4747,مَحُلَ,محل,فَعُلَ يَفْعُلُ ( ضمَ ضمٍَ ),لازم,0,0,0, , 
4748,مَحَنَ,محن,فَعَلَ يَفْعَلُ ( فتحتان ),متعدي,0,0,0, , 
4749,مَحَا,محو,فَعَلَ يَفْعُلُ ( فتحُ ضمٍّ ),متعدي,0,0,0, , 
4750,مَحَى,محي,فَعَلَ يَفْعِلُ ( فتحُ كَسْرٍ ),مشترك ,0,0,0, , 
4751,مَحَى,محي,فَعَلَ يَفْعَلُ ( فتحتان ),مشترك ,0,0,0, , 
4752,مَخَجَ,مخج,فَعَلَ يَفْعَلُ ( فتحتان ),مشترك ,0,0,0, , 
4753,مَخَرَ,مخر,فَعَلَ يَفْعُلُ ( فتحُ ضمٍّ ),مشترك ,0,0,0, , 
4754,مَخَرَ,مخر,فَعَلَ يَفْعَلُ ( فتحتان ),مشترك ,0,0,0, , 
4755,مَخَضَ,مخض,فَعَلَ يَفْعُلُ ( فتحُ ضمٍّ ),مشترك ,0,0,0, , 
4756,مَخَضَ,مخض,فَعَلَ يَفْعِلُ ( فتحُ كَسْرٍ ),مشترك ,0,0,0, , 
4757,مَخَضَ,مخض,فَعَلَ يَفْعَلُ ( فتحتان ),مشترك ,0,0,0, , 
4758,مَخِضَ,مخض,فَعِلَ يَفْعَلُ ( كسر فتح ),لازم,0,0,0, , 
4759,مَخَطَ,مخط,فَعَلَ يَفْعُلُ ( فتحُ ضمٍّ ),مشترك ,0,0,0, , 
4760,مَخَطَ,مخط,فَعَلَ يَفْعَلُ ( فتحتان ),مشترك ,0,0,0, , 
4761,مَخِقَ,مخق,فَعِلَ يَفْعَلُ ( كسر فتح ),لازم,0,0,0, , 
4762,مَخَنَ,مخن,فَعَلَ يَفْعُلُ ( فتحُ ضمٍّ ),مشترك ,0,0,0, , 
4763,مَدَحَ,مدح,فَعَلَ يَفْعَلُ ( فتحتان ),متعدي,0,0,0, , 
4764,خَرَقَ,خرق,فَعَلَ يَفْعُلُ ( فتحُ ضمٍّ ),مشترك ,0,0,0, , 
4765,مَدَخَ,مدخ,فَعَلَ يَفْعَلُ ( فتحتان ),مشترك ,0,0,0, , 
4766,مَدَّ,مدد,فَعَلَ يَفْعُلُ ( فتحُ ضمٍّ ),مشترك ,0,0,0, , 
4767,مَدَرَ,مدر,فَعَلَ يَفْعُلُ ( فتحُ ضمٍّ ),متعدي,0,0,0, , 
4768,مَدِرَ,مدر,فَعِلَ يَفْعَلُ ( كسر فتح ),لازم,0,0,0, , 
4769,مَدَسَ,مدس,فَعَلَ يَفْعُلُ ( فتحُ ضمٍّ ),متعدي,0,0,0, , 
4770,مَدَشَ,مدش,فَعَلَ يَفْعُلُ ( فتحُ ضمٍّ ),مشترك ,0,0,0, , 
4771,مَدِشَ,مدش,فَعِلَ يَفْعَلُ ( كسر فتح ),لازم,0,0,0, , 
4772,مَدَقَ,مدق,فَعَلَ يَفْعُلُ ( فتحُ ضمٍّ ),متعدي,0,0,0, , 
4773,مَدَنَ,مدن,فَعَلَ يَفْعُلُ ( فتحُ ضمٍّ ),مشترك ,0,0,0, , 
4774,مَدَهَ,مده,فَعَلَ يَفْعَلُ ( فتحتان ),متعدي,0,0,0, , 
4775,مَذِحَ,مذح,فَعِلَ يَفْعَلُ ( كسر فتح ),مشترك ,0,0,0, , 
4776,مَذِرَ,مذر,فَعِلَ يَفْعَلُ ( كسر فتح ),لازم,0,0,0, , 
4777,مَذَعَ,مذع,فَعَلَ يَفْعَلُ ( فتحتان ),مشترك ,0,0,0, , 
4778,مَذَقَ,مذق,فَعَلَ يَفْعُلُ ( فتحُ ضمٍّ ),مشترك ,0,0,0, , 
4779,مَذَلَ,مذل,فَعَلَ يَفْعُلُ ( فتحُ ضمٍّ ),لازم,0,0,0, , 
4780,مَذِلَ,مذل,فَعِلَ يَفْعَلُ ( كسر فتح ),لازم,0,0,0, , 
4781,مَذُلَ,مذل,فَعُلَ يَفْعُلُ ( ضمَ ضمٍَ ),لازم,0,0,0, , 
4782,مَذَى,مذي,فَعَلَ يَفْعِلُ ( فتحُ كَسْرٍ ),مشترك ,0,0,0, , 
4783,مَرَأَ,مرء,فَعَلَ يَفْعَلُ ( فتحتان ),مشترك ,0,0,0, , 
4784,مَرِئَ,مرء,فَعِلَ يَفْعَلُ ( كسر فتح ),مشترك ,0,0,0, , 
4785,مَرُؤَ,مرء,فَعُلَ يَفْعُلُ ( ضمَ ضمٍَ ),لازم,0,0,0, , 
4786,مَرَتَ,مرت,فَعَلَ يَفْعِلُ ( فتحُ كَسْرٍ ),متعدي,0,0,0, , 
4787,مَرَثَ,مرث,فَعَلَ يَفْعُلُ ( فتحُ ضمٍّ ),متعدي,0,0,0, , 
4788,مَرَثَ,مرث,فَعَلَ يَفْعِلُ ( فتحُ كَسْرٍ ),متعدي,0,0,0, , 
4789,مَرِثَ,مرث,فَعِلَ يَفْعَلُ ( كسر فتح ),لازم,0,0,0, , 
4790,مَرَجَ,مرج,فَعَلَ يَفْعُلُ ( فتحُ ضمٍّ ),مشترك ,0,0,0, , 
4791,مَرِجَ,مرج,فَعِلَ يَفْعَلُ ( كسر فتح ),لازم,0,0,0, , 
4792,مَرِحَ,مرح,فَعِلَ يَفْعَلُ ( كسر فتح ),لازم,0,0,0, , 
4793,مَرَخَ,مرخ,فَعَلَ يَفْعُلُ ( فتحُ ضمٍّ ),متعدي,0,0,0, , 
4794,مَرَخَ,مرخ,فَعَلَ يَفْعَلُ ( فتحتان ),مشترك ,0,0,0, , 
4795,مَرِخَ,مرخ,فَعِلَ يَفْعَلُ ( كسر فتح ),لازم,0,0,0, , 
4796,خَرَقَ,خرق,فَعَلَ يَفْعِلُ ( فتحُ كَسْرٍ ),مشترك ,0,0,0, , 
4797,مَرَدَ,مرد,فَعَلَ يَفْعُلُ ( فتحُ ضمٍّ ),مشترك ,0,0,0, , 
4798,مَرِدَ,مرد,فَعِلَ يَفْعَلُ ( كسر فتح ),لازم,0,0,0, , 
4799,مَرُدَ,مرد,فَعُلَ يَفْعُلُ ( ضمَ ضمٍَ ),لازم,0,0,0, , 
4800,مَرَذَ,مرذ,فَعَلَ يَفْعُلُ ( فتحُ ضمٍّ ),متعدي,0,0,0, , 
4801,مَرَّ,مرر,فَعَلَ يَفْعُلُ ( فتحُ ضمٍّ ),مشترك ,0,0,0, , 
4802,مَرَّ,مرر,فَعِلَ يَفْعَلُ ( كسر فتح ),لازم,0,0,0, , 
4803,مَرَزَ,مرز,فَعَلَ يَفْعُلُ ( فتحُ ضمٍّ ),متعدي,0,0,0, , 
4804,مَرَسَ,مرس,فَعَلَ يَفْعُلُ ( فتحُ ضمٍّ ),مشترك ,0,0,0, , 
4805,مَرِسَ,مرس,فَعِلَ يَفْعَلُ ( كسر فتح ),لازم,0,0,0, , 
4806,مَرَشَ,مرش,فَعَلَ يَفْعُلُ ( فتحُ ضمٍّ ),مشترك ,0,0,0, , 
4807,مَرَصَ,مرص,فَعَلَ يَفْعُلُ ( فتحُ ضمٍّ ),متعدي,0,0,0, , 
4808,مَرِصَ,مرص,فَعِلَ يَفْعَلُ ( كسر فتح ),لازم,0,0,0, , 
4809,مَرِضَ,مرض,فَعِلَ يَفْعَلُ ( كسر فتح ),لازم,0,0,0, , 
4810,مَرَطَ,مرط,فَعَلَ يَفْعُلُ ( فتحُ ضمٍّ ),مشترك ,0,0,0, , 
4811,مَرِطَ,مرط,فَعِلَ يَفْعَلُ ( كسر فتح ),لازم,0,0,0, , 
4812,مَرَعَ,مرع,فَعَلَ يَفْعَلُ ( فتحتان ),مشترك ,0,0,0, , 
4813,مَرِعَ,مرع,فَعِلَ يَفْعَلُ ( كسر فتح ),لازم,0,0,0, , 
4814,مَرُعَ,مرع,فَعُلَ يَفْعُلُ ( ضمَ ضمٍَ ),لازم,0,0,0, , 
4815,مَرَغَ,مرغ,فَعَلَ يَفْعَلُ ( فتحتان ),مشترك ,0,0,0, , 
4816,مَرِغَ,مرغ,فَعِلَ يَفْعَلُ ( كسر فتح ),لازم,0,0,0, , 
4817,مَرَقَ,مرق,فَعَلَ يَفْعُلُ ( فتحُ ضمٍّ ),مشترك ,0,0,0, , 
4818,مَرَقَ,مرق,فَعَلَ يَفْعِلُ ( فتحُ كَسْرٍ ),مشترك ,0,0,0, , 
4819,مَرِقَ,مرق,فَعِلَ يَفْعَلُ ( كسر فتح ),لازم,0,0,0, , 
4820,مَرَنَ,مرن,فَعَلَ يَفْعُلُ ( فتحُ ضمٍّ ),مشترك ,0,0,0, , 
4821,مَرِهَ,مره,فَعِلَ يَفْعَلُ ( كسر فتح ),لازم,0,0,0, , 
4822,مَرَى,مري,فَعَلَ يَفْعِلُ ( فتحُ كَسْرٍ ),مشترك ,0,0,0, , 
4823,مَزَجَ,مزج,فَعَلَ يَفْعُلُ ( فتحُ ضمٍّ ),مشترك ,0,0,0, , 
4824,مَزَحَ,مزح,فَعَلَ يَفْعَلُ ( فتحتان ),لازم,0,0,0, , 
4825,مَزَرَ,مزر,فَعَلَ يَفْعُلُ ( فتحُ ضمٍّ ),مشترك ,0,0,0, , 
4826,مَزُرَ,مزر,فَعُلَ يَفْعُلُ ( ضمَ ضمٍَ ),لازم,0,0,0, , 
4827,خَرِقَ,خرق,فَعِلَ يَفْعَلُ ( كسر فتح ),لازم,0,0,0, , 
4828,مَزَّ,مزز,فَعَلَ يَفْعُلُ ( فتحُ ضمٍّ ),مشترك ,0,0,0, , 
4829,مَزَّ,مزز,فَعِلَ يَفْعَلُ ( كسر فتح ),لازم,0,0,0, , 
4830,مَزَعَ,مزع,فَعَلَ يَفْعَلُ ( فتحتان ),مشترك ,0,0,0, , 
4831,مَزَقَ,مزق,فَعَلَ يَفْعُلُ ( فتحُ ضمٍّ ),لازم,0,0,0, , 
4832,مَزَقَ,مزق,فَعَلَ يَفْعِلُ ( فتحُ كَسْرٍ ),مشترك ,0,0,0, , 
4833,مَزَنَ,مزن,فَعَلَ يَفْعُلُ ( فتحُ ضمٍّ ),مشترك ,0,0,0, , 
4834,مَزَا,مزو,فَعَلَ يَفْعُلُ ( فتحُ ضمٍّ ),مشترك ,0,0,0, , 
4835,مَزَى,مزي,فَعَلَ يَفْعِلُ ( فتحُ كَسْرٍ ),مشترك ,0,0,0, , 
4836,مَسَأَ,مسء,فَعَلَ يَفْعَلُ ( فتحتان ),مشترك ,0,0,0, , 
4837,مَسَحَ,مسح,فَعَلَ يَفْعَلُ ( فتحتان ),مشترك ,0,0,0, , 
4838,مَسِحَ,مسح,فَعِلَ يَفْعَلُ ( كسر فتح ),لازم,0,0,0, , 
4839,مَسَخَ,مسخ,فَعَلَ يَفْعَلُ ( فتحتان ),مشترك ,0,0,0, , 
4840,مَسُخَ,مسخ,فَعُلَ يَفْعُلُ ( ضمَ ضمٍَ ),لازم,0,0,0, , 
4841,مَسَدَ,مسد,فَعَلَ يَفْعُلُ ( فتحُ ضمٍّ ),مشترك ,0,0,0, , 
4842,مَسَرَ,مسر,فَعَلَ يَفْعُلُ ( فتحُ ضمٍّ ),مشترك ,0,0,0, , 
4843,مَسَّ,مسس,فَعِلَ يَفْعَلُ ( كسر فتح ),مشترك ,0,0,0, , 
4844,مَسَطَ,مسط,فَعَلَ يَفْعُلُ ( فتحُ ضمٍّ ),متعدي,0,0,0, , 
4845,مَسَكَ,مسك,فَعَلَ يَفْعُلُ ( فتحُ ضمٍّ ),مشترك ,0,0,0, , 
4846,مَسَكَ,مسك,فَعَلَ يَفْعِلُ ( فتحُ كَسْرٍ ),مشترك ,0,0,0, , 
4847,مَسَلَ,مسل,فَعَلَ يَفْعُلُ ( فتحُ ضمٍّ ),لازم,0,0,0, , 
4848,مَسَنَ,مسن,فَعَلَ يَفْعُلُ ( فتحُ ضمٍّ ),مشترك ,0,0,0, , 
4849,مَسَا,مسو,فَعَلَ يَفْعُلُ ( فتحُ ضمٍّ ),مشترك ,0,0,0, , 
4850,مَسَى,مسي,فَعَلَ يَفْعِلُ ( فتحُ كَسْرٍ ),مشترك ,0,0,0, , 
4851,مَشَجَ,مشج,فَعَلَ يَفْعُلُ ( فتحُ ضمٍّ ),مشترك ,0,0,0, , 
4852,مَشِحَ,مشح,فَعِلَ يَفْعَلُ ( كسر فتح ),لازم,0,0,0, , 
4853,مَشَرَ,مشر,فَعَلَ يَفْعُلُ ( فتحُ ضمٍّ ),متعدي,0,0,0, , 
4854,مَشِرَ,مشر,فَعِلَ يَفْعَلُ ( كسر فتح ),لازم,0,0,0, , 
4855,مَشَّ,مشش,فَعَلَ يَفْعُلُ ( فتحُ ضمٍّ ),مشترك ,0,0,0, , 
4856,مَشَّ,مشش,فَعِلَ يَفْعَلُ ( كسر فتح ),لازم,0,0,0, , 
4857,خَرُقَ,خرق,فَعُلَ يَفْعُلُ ( ضمَ ضمٍَ ),لازم,0,0,0, , 
4858,مَشَطَ,مشط,فَعَلَ يَفْعُلُ ( فتحُ ضمٍّ ),مشترك ,0,0,0, , 
4859,مَشَطَ,مشط,فَعَلَ يَفْعِلُ ( فتحُ كَسْرٍ ),متعدي,0,0,0, , 
4860,مَشِطَ,مشط,فَعِلَ يَفْعَلُ ( كسر فتح ),لازم,0,0,0, , 
4861,مَشَظَ,مشظ,فَعَلَ يَفْعُلُ ( فتحُ ضمٍّ ),مشترك ,0,0,0, , 
4862,مَشِظَ,مشظ,فَعِلَ يَفْعَلُ ( كسر فتح ),لازم,0,0,0, , 
4863,مَشَعَ,مشع,فَعَلَ يَفْعَلُ ( فتحتان ),مشترك ,0,0,0, , 
4864,مَشَغَ,مشغ,فَعَلَ يَفْعَلُ ( فتحتان ),مشترك ,0,0,0, , 
4865,مَشَقَ,مشق,فَعَلَ يَفْعُلُ ( فتحُ ضمٍّ ),مشترك ,0,0,0, , 
4866,مَشِقَ,مشق,فَعِلَ يَفْعَلُ ( كسر فتح ),لازم,0,0,0, , 
4867,مَشَلَ,مشل,فَعَلَ يَفْعُلُ ( فتحُ ضمٍّ ),مشترك ,0,0,0, , 
4868,مَشَنَ,مشن,فَعَلَ يَفْعُلُ ( فتحُ ضمٍّ ),متعدي,0,0,0, , 
4869,مَشَى,مشي,فَعَلَ يَفْعِلُ ( فتحُ كَسْرٍ ),لازم,0,0,0, , 
4870,مَصَتَ,مصت,فَعَلَ يَفْعُلُ ( فتحُ ضمٍّ ),متعدي,0,0,0, , 
4871,مَصَحَ,مصح,فَعَلَ يَفْعَلُ ( فتحتان ),مشترك ,0,0,0, , 
4872,مَصَخَ,مصخ,فَعَلَ يَفْعَلُ ( فتحتان ),متعدي,0,0,0, , 
4873,مَصَدَ,مصد,فَعَلَ يَفْعُلُ ( فتحُ ضمٍّ ),متعدي,0,0,0, , 
4874,مَصَرَ,مصر,فَعَلَ يَفْعُلُ ( فتحُ ضمٍّ ),مشترك ,0,0,0, , 
4875,مَصَّ,مصص,فَعَلَ يَفْعُلُ ( فتحُ ضمٍّ ),متعدي,0,0,0, , 
4876,مَصَّ,مصص,فَعِلَ يَفْعَلُ ( كسر فتح ),مشترك ,0,0,0, , 
4877,مَصَطَ,مصط,فَعَلَ يَفْعُلُ ( فتحُ ضمٍّ ),متعدي,0,0,0, , 
4878,مَصَعَ,مصع,فَعَلَ يَفْعَلُ ( فتحتان ),مشترك ,0,0,0, , 
4879,مَصَلَ,مصل,فَعَلَ يَفْعُلُ ( فتحُ ضمٍّ ),مشترك ,0,0,0, , 
4880,مَضَحَ,مضح,فَعَلَ يَفْعَلُ ( فتحتان ),مشترك ,0,0,0, , 
4881,مَضَرَ,مضر,فَعَلَ يَفْعُلُ ( فتحُ ضمٍّ ),لازم,0,0,0, , 
4882,مَضَّ,مضض,فَعَلَ يَفْعُلُ ( فتحُ ضمٍّ ),مشترك ,0,0,0, , 
4883,مَضَّ,مضض,فَعِلَ يَفْعَلُ ( كسر فتح ),مشترك ,0,0,0, , 
4884,مَضَّ,مضض,فَعِلَ يَفْعَلُ ( كسر فتح ),مشترك ,0,0,0, , 
4885,خَرِكَ,خرك,فَعِلَ يَفْعَلُ ( كسر فتح ),لازم,0,0,0, , 
4886,مَضَغَ,مضغ,فَعَلَ يَفْعُلُ ( فتحُ ضمٍّ ),متعدي,0,0,0, , 
4887,مَضَغَ,مضغ,فَعَلَ يَفْعَلُ ( فتحتان ),متعدي,0,0,0, , 
4888,مَضَا,مضو,فَعَلَ يَفْعُلُ ( فتحُ ضمٍّ ),مشترك ,0,0,0, , 
4889,مَضَى,مضي,فَعَلَ يَفْعِلُ ( فتحُ كَسْرٍ ),مشترك ,0,0,0, , 
4890,مَطَأَ,مطء,فَعَلَ يَفْعَلُ ( فتحتان ),متعدي,0,0,0, , 
4891,مَطَحَ,مطح,فَعَلَ يَفْعَلُ ( فتحتان ),متعدي,0,0,0, , 
4892,مَطَخَ,مطخ,فَعَلَ يَفْعَلُ ( فتحتان ),مشترك ,0,0,0, , 
4893,مَطَرَ,مطر,فَعَلَ يَفْعُلُ ( فتحُ ضمٍّ ),مشترك ,0,0,0, , 
4894,مَطَسَ,مطس,فَعَلَ يَفْعِلُ ( فتحُ كَسْرٍ ),متعدي,0,0,0, , 
4895,مَطَّ,مطط,فَعَلَ يَفْعُلُ ( فتحُ ضمٍّ ),مشترك ,0,0,0, , 
4896,مَطَعَ,مطع,فَعَلَ يَفْعَلُ ( فتحتان ),مشترك ,0,0,0, , 
4897,مَطَلَ,مطل,فَعَلَ يَفْعُلُ ( فتحُ ضمٍّ ),متعدي,0,0,0, , 
4898,مَطَهَ,مطه,فَعَلَ يَفْعَلُ ( فتحتان ),لازم,0,0,0, , 
4899,مَطَا,مطو,فَعَلَ يَفْعُلُ ( فتحُ ضمٍّ ),مشترك ,0,0,0, , 
4900,مَظَّ,مظظ,فَعَلَ يَفْعُلُ ( فتحُ ضمٍّ ),متعدي,0,0,0, , 
4901,مَظَعَ,مظع,فَعَلَ يَفْعَلُ ( فتحتان ),مشترك ,0,0,0, , 
4902,مَعَتَ,معت,فَعَلَ يَفْعَلُ ( فتحتان ),متعدي,0,0,0, , 
4903,مَعَجَ,معج,فَعَلَ يَفْعَلُ ( فتحتان ),مشترك ,0,0,0, , 
4904,مَعَدَ,معد,فَعَلَ يَفْعَلُ ( فتحتان ),مشترك ,0,0,0, , 
4905,مَعِدَ,معد,فَعِلَ يَفْعَلُ ( كسر فتح ),لازم,0,0,0, , 
4906,مَعِرَ,معر,فَعِلَ يَفْعَلُ ( كسر فتح ),لازم,0,0,0, , 
4907,مَعَزَ,معز,فَعَلَ يَفْعَلُ ( فتحتان ),متعدي,0,0,0, , 
4908,مَعِزَ,معز,فَعِلَ يَفْعَلُ ( كسر فتح ),لازم,0,0,0, , 
4909,مَعَسَ,معس,فَعَلَ يَفْعَلُ ( فتحتان ),مشترك ,0,0,0, , 
4910,مَعِصَ,معص,فَعِلَ يَفْعَلُ ( كسر فتح ),لازم,0,0,0, , 
4911,مَعِضَ,معض,فَعِلَ يَفْعَلُ ( كسر فتح ),لازم,0,0,0, , 
4912,مَعَطَ,معط,فَعَلَ يَفْعَلُ ( فتحتان ),مشترك ,0,0,0, , 
4913,مَعِطَ,معط,فَعِلَ يَفْعَلُ ( كسر فتح ),لازم,0,0,0, , 
4914,مَعَّ,معع,فَعَلَ يَفْعُلُ ( فتحُ ضمٍّ ),لازم,0,0,0, , 
4915,مَعَقَ,معق,فَعَلَ يَفْعَلُ ( فتحتان ),مشترك ,0,0,0, , 
4916,مَعُقَ,معق,فَعُلَ يَفْعُلُ ( ضمَ ضمٍَ ),لازم,0,0,0, , 
4917,خَرَمَ,خرم,فَعَلَ يَفْعِلُ ( فتحُ كَسْرٍ ),مشترك ,0,0,0, , 
4918,مَعَكَ,معك,فَعَلَ يَفْعَلُ ( فتحتان ),مشترك ,0,0,0, , 
4919,مَعُكَ,معك,فَعُلَ يَفْعُلُ ( ضمَ ضمٍَ ),لازم,0,0,0, , 
4920,مَعَلَ,معل,فَعَلَ يَفْعَلُ ( فتحتان ),مشترك ,0,0,0, , 
4921,مَعَنَ,معن,فَعَلَ يَفْعَلُ ( فتحتان ),مشترك ,0,0,0, , 
4922,مَعِنَ,معن,فَعِلَ يَفْعَلُ ( كسر فتح ),لازم,0,0,0, , 
4923,مَعُنَ,معن,فَعُلَ يَفْعُلُ ( ضمَ ضمٍَ ),لازم,0,0,0, , 
4924,مَعَا,معو,فَعَلَ يَفْعُلُ ( فتحُ ضمٍّ ),لازم,0,0,0, , 
4925,مَغَثَ,مغث,فَعَلَ يَفْعَلُ ( فتحتان ),متعدي,0,0,0, , 
4926,مَغَدَ,مغد,فَعَلَ يَفْعَلُ ( فتحتان ),مشترك ,0,0,0, , 
4927,مَغِدَ,مغد,فَعِلَ يَفْعَلُ ( كسر فتح ),لازم,0,0,0, , 
4928,مَغَرَ,مغر,فَعَلَ يَفْعَلُ ( فتحتان ),مشترك ,0,0,0, , 
4929,مَغَسَ,مغس,فَعَلَ يَفْعَلُ ( فتحتان ),متعدي,0,0,0, , 
4930,مَغِصَ,مغص,فَعِلَ يَفْعَلُ ( كسر فتح ),لازم,0,0,0, , 
4931,مَغَطَ,مغط,فَعَلَ يَفْعُلُ ( فتحُ ضمٍّ ),مشترك ,0,0,0, , 
4932,مَغَطَ,مغط,فَعَلَ يَفْعَلُ ( فتحتان ),مشترك ,0,0,0, , 
4933,مَغَلَ,مغل,فَعَلَ يَفْعُلُ ( فتحُ ضمٍّ ),لازم,0,0,0, , 
4934,مَغَلَ,مغل,فَعَلَ يَفْعَلُ ( فتحتان ),لازم,0,0,0, , 
4935,مَغِلَ,مغل,فَعِلَ يَفْعَلُ ( كسر فتح ),لازم,0,0,0, , 
4936,مَغَا,مغو,فَعَلَ يَفْعُلُ ( فتحُ ضمٍّ ),لازم,0,0,0, , 
4937,مَغَى,مغي,فَعَلَ يَفْعَلُ ( فتحتان ),لازم,0,0,0, , 
4938,مَقَتَ,مقت,فَعَلَ يَفْعُلُ ( فتحُ ضمٍّ ),مشترك ,0,0,0, , 
4939,مَقُتَ,مقت,فَعُلَ يَفْعُلُ ( ضمَ ضمٍَ ),لازم,0,0,0, , 
4940,مَقَرَ,مقر,فَعَلَ يَفْعُلُ ( فتحُ ضمٍّ ),متعدي,0,0,0, , 
4941,مَقِرَ,مقر,فَعِلَ يَفْعَلُ ( كسر فتح ),لازم,0,0,0, , 
4942,مَقَسَ,مقس,فَعَلَ يَفْعُلُ ( فتحُ ضمٍّ ),مشترك ,0,0,0, , 
4943,مَقِسَ,مقس,فَعِلَ يَفْعَلُ ( كسر فتح ),لازم,0,0,0, , 
4944,مَقَطَ,مقط,فَعَلَ يَفْعُلُ ( فتحُ ضمٍّ ),مشترك ,0,0,0, , 
4945,مَقَطَ,مقط,فَعَلَ يَفْعِلُ ( فتحُ كَسْرٍ ),مشترك ,0,0,0, , 
4946,مَقَعَ,مقع,فَعَلَ يَفْعَلُ ( فتحتان ),مشترك ,0,0,0, , 
4947,مَقَّ,مقق,فَعَلَ يَفْعُلُ ( فتحُ ضمٍّ ),متعدي,0,0,0, , 
4948,خَرِمَ,خرم,فَعِلَ يَفْعَلُ ( كسر فتح ),لازم,0,0,0, , 
4949,مَقَّ,مقق,فَعِلَ يَفْعَلُ ( كسر فتح ),لازم,0,0,0, , 
4950,مَقَلَ,مقل,فَعَلَ يَفْعُلُ ( فتحُ ضمٍّ ),مشترك ,0,0,0, , 
4951,مَقِهَ,مقه,فَعِلَ يَفْعَلُ ( كسر فتح ),لازم,0,0,0, , 
4952,مَقَا,مقو,فَعَلَ يَفْعُلُ ( فتحُ ضمٍّ ),متعدي,0,0,0, , 
4953,مَقَى,مقي,فَعَلَ يَفْعِلُ ( فتحُ كَسْرٍ ),متعدي,0,0,0, , 
4954,مَكَتَ,مكت,فَعَلَ يَفْعُلُ ( فتحُ ضمٍّ ),لازم,0,0,0, , 
4955,مَكَثَ,مكث,فَعَلَ يَفْعُلُ ( فتحُ ضمٍّ ),لازم,0,0,0, , 
4956,مَكُثَ,مكث,فَعُلَ يَفْعُلُ ( ضمَ ضمٍَ ),لازم,0,0,0, , 
4957,مَكَدَ,مكد,فَعَلَ يَفْعُلُ ( فتحُ ضمٍّ ),لازم,0,0,0, , 
4958,مَكَرَ,مكر,فَعَلَ يَفْعُلُ ( فتحُ ضمٍّ ),مشترك ,0,0,0, , 
4959,مَكِرَ,مكر,فَعِلَ يَفْعَلُ ( كسر فتح ),لازم,0,0,0, , 
4960,مَكَسَ,مكس,فَعَلَ يَفْعِلُ ( فتحُ كَسْرٍ ),مشترك ,0,0,0, , 
4961,مَكَّ,مكك,فَعَلَ يَفْعُلُ ( فتحُ ضمٍّ ),مشترك ,0,0,0, , 
4962,مَكَلَ,مكل,فَعَلَ يَفْعُلُ ( فتحُ ضمٍّ ),لازم,0,0,0, , 
4963,مَكِنَ,مكن,فَعِلَ يَفْعَلُ ( كسر فتح ),لازم,0,0,0, , 
4964,مَكُنَ,مكن,فَعُلَ يَفْعُلُ ( ضمَ ضمٍَ ),لازم,0,0,0, , 
4965,مَكَا,مكو,فَعَلَ يَفْعُلُ ( فتحُ ضمٍّ ),لازم,0,0,0, , 
4966,مَكِيَ,مكو,فَعِلَ يَفْعَلُ ( كسر فتح ),لازم,0,0,0, , 
4967,مَلَأَ,ملء,فَعَلَ يَفْعَلُ ( فتحتان ),مشترك ,0,0,0, , 
4968,مَلِئَ,ملء,فَعِلَ يَفْعَلُ ( كسر فتح ),لازم,0,0,0, , 
4969,مَلُؤَ,ملء,فَعُلَ يَفْعُلُ ( ضمَ ضمٍَ ),لازم,0,0,0, , 
4970,مَلَثَ,ملث,فَعَلَ يَفْعُلُ ( فتحُ ضمٍّ ),مشترك ,0,0,0, , 
4971,مَلَجَ,ملج,فَعَلَ يَفْعُلُ ( فتحُ ضمٍّ ),مشترك ,0,0,0, , 
4972,مَلِجَ,ملج,فَعِلَ يَفْعَلُ ( كسر فتح ),مشترك ,0,0,0, , 
4973,مَلَحَ,ملح,فَعَلَ يَفْعِلُ ( فتحُ كَسْرٍ ),متعدي,0,0,0, , 
4974,مَلَحَ,ملح,فَعَلَ يَفْعَلُ ( فتحتان ),مشترك ,0,0,0, , 
4975,مَلِحَ,ملح,فَعِلَ يَفْعَلُ ( كسر فتح ),لازم,0,0,0, , 
4976,خَرُمَ,خرم,فَعُلَ يَفْعُلُ ( ضمَ ضمٍَ ),لازم,0,0,0, , 
4977,مَلُحَ,ملح,فَعُلَ يَفْعُلُ ( ضمَ ضمٍَ ),لازم,0,0,0, , 
4978,مَلَخَ,ملخ,فَعَلَ يَفْعَلُ ( فتحتان ),مشترك ,0,0,0, , 
4979,مَلُخَ,ملخ,فَعُلَ يَفْعُلُ ( ضمَ ضمٍَ ),لازم,0,0,0, , 
4980,مَلَدَ,ملد,فَعَلَ يَفْعُلُ ( فتحُ ضمٍّ ),متعدي,0,0,0, , 
4981,مَلِدَ,ملد,فَعِلَ يَفْعَلُ ( كسر فتح ),لازم,0,0,0, , 
4982,مَلَذَ,ملذ,فَعَلَ يَفْعُلُ ( فتحُ ضمٍّ ),مشترك ,0,0,0, , 
4983,مَلِذَ,ملذ,فَعِلَ يَفْعَلُ ( كسر فتح ),لازم,0,0,0, , 
4984,مَلَزَ,ملز,فَعَلَ يَفْعُلُ ( فتحُ ضمٍّ ),لازم,0,0,0, , 
4985,مَلَسَ,ملس,فَعَلَ يَفْعُلُ ( فتحُ ضمٍّ ),مشترك ,0,0,0, , 
4986,مَلِسَ,ملس,فَعِلَ يَفْعَلُ ( كسر فتح ),لازم,0,0,0, , 
4987,مَلُسَ,ملس,فَعُلَ يَفْعُلُ ( ضمَ ضمٍَ ),لازم,0,0,0, , 
4988,مَلَشَ,ملش,فَعَلَ يَفْعُلُ ( فتحُ ضمٍّ ),مشترك ,0,0,0, , 
4989,مَلَصَ,ملص,فَعَلَ يَفْعُلُ ( فتحُ ضمٍّ ),لازم,0,0,0, , 
4990,مَلِصَ,ملص,فَعِلَ يَفْعَلُ ( كسر فتح ),لازم,0,0,0, , 
4991,مَلَطَ,ملط,فَعَلَ يَفْعُلُ ( فتحُ ضمٍّ ),لازم,0,0,0, , 
4992,مَلِطَ,ملط,فَعِلَ يَفْعَلُ ( كسر فتح ),لازم,0,0,0, , 
4993,مَلُطَ,ملط,فَعُلَ يَفْعُلُ ( ضمَ ضمٍَ ),لازم,0,0,0, , 
4994,مَلَعَ,ملع,فَعَلَ يَفْعَلُ ( فتحتان ),مشترك ,0,0,0, , 
4995,مَلَقَ,ملق,فَعَلَ يَفْعُلُ ( فتحُ ضمٍّ ),مشترك ,0,0,0, , 
4996,مَلَقَ,ملق,فَعَلَ يَفْعِلُ ( فتحُ كَسْرٍ ),مشترك ,0,0,0, , 
4997,مَلِقَ,ملق,فَعِلَ يَفْعَلُ ( كسر فتح ),مشترك ,0,0,0, , 
4998,مَلَكَ,ملك,فَعَلَ يَفْعِلُ ( فتحُ كَسْرٍ ),مشترك ,0,0,0, , 
4999,مَلَّ,ملل,فَعَلَ يَفْعُلُ ( فتحُ ضمٍّ ),مشترك ,0,0,0, , 
5000,مَلَّ,ملل,فَعَلَ يَفْعِلُ ( فتحُ كَسْرٍ ),لازم,0,0,0, , 
5001,مَلَّ,ملل,فَعِلَ يَفْعَلُ ( كسر فتح ),مشترك ,0,0,0, , 
5002,مَلَا,ملو,فَعَلَ يَفْعُلُ ( فتحُ ضمٍّ ),لازم,0,0,0, , 
5003,مَنَأَ,منء,فَعَلَ يَفْعَلُ ( فتحتان ),متعدي,0,0,0, , 
5004,مَنَحَ,منح,فَعَلَ يَفْعِلُ ( فتحُ كَسْرٍ ),متعدي,0,0,0, , 
5005,مَنَحَ,منح,فَعَلَ يَفْعَلُ ( فتحتان ),متعدي,0,0,0, , 
5006,مَنَعَ,منع,فَعَلَ يَفْعَلُ ( فتحتان ),متعدي,0,0,0, , 
5007,خَزِبَ,خزب,فَعِلَ يَفْعَلُ ( كسر فتح ),لازم,0,0,0, , 
5008,مَنُعَ,منع,فَعُلَ يَفْعُلُ ( ضمَ ضمٍَ ),لازم,0,0,0, , 
5009,مَنَّ,منن,فَعَلَ يَفْعُلُ ( فتحُ ضمٍّ ),مشترك ,0,0,0, , 
5010,مَنَا,منو,فَعَلَ يَفْعُلُ ( فتحُ ضمٍّ ),متعدي,0,0,0, , 
5011,مَنَى,مني,فَعَلَ يَفْعِلُ ( فتحُ كَسْرٍ ),مشترك ,0,0,0, , 
5012,مَهَجَ,مهج,فَعَلَ يَفْعَلُ ( فتحتان ),مشترك ,0,0,0, , 
5013,مَهَدَ,مهد,فَعَلَ يَفْعَلُ ( فتحتان ),مشترك ,0,0,0, , 
5014,مَهَرَ,مهر,فَعَلَ يَفْعُلُ ( فتحُ ضمٍّ ),مشترك ,0,0,0, , 
5015,مَهَرَ,مهر,فَعَلَ يَفْعَلُ ( فتحتان ),مشترك ,0,0,0, , 
5016,مَهَزَ,مهز,فَعَلَ يَفْعَلُ ( فتحتان ),متعدي,0,0,0, , 
5017,مَهِقَ,مهق,فَعِلَ يَفْعَلُ ( كسر فتح ),مشترك ,0,0,0, , 
5018,مَهَكَ,مهك,فَعَلَ يَفْعَلُ ( فتحتان ),مشترك ,0,0,0, , 
5019,مَهِكَ,مهك,فَعِلَ يَفْعَلُ ( كسر فتح ),لازم,0,0,0, , 
5020,مَهَلَ,مهل,فَعَلَ يَفْعَلُ ( فتحتان ),مشترك ,0,0,0, , 
5021,مَهَنَ,مهن,فَعَلَ يَفْعُلُ ( فتحُ ضمٍّ ),مشترك ,0,0,0, , 
5022,مَهَنَ,مهن,فَعَلَ يَفْعَلُ ( فتحتان ),مشترك ,0,0,0, , 
5023,مَهُنَ,مهن,فَعُلَ يَفْعُلُ ( ضمَ ضمٍَ ),لازم,0,0,0, , 
5024,مَهَّ,مهه,فَعِلَ يَفْعَلُ ( كسر فتح ),مشترك ,0,0,0, , 
5025,مَهَّ,مهه,فَعِلَ يَفْعَلُ ( كسر فتح ),مشترك ,0,0,0, , 
5026,مَهَا,مهو,فَعَلَ يَفْعُلُ ( فتحُ ضمٍّ ),مشترك ,0,0,0, , 
5027,مَهُوَ,مهو,فَعُلَ يَفْعُلُ ( ضمَ ضمٍَ ),لازم,0,0,0, , 
5028,مَهَى,مهي,فَعَلَ يَفْعِلُ ( فتحُ كَسْرٍ ),مشترك ,0,0,0, , 
5029,مَاءَ,موء,فَعَلَ يَفْعُلُ ( فتحُ ضمٍّ ),لازم,0,0,0, , 
5030,مَاتَ,موت,فَعَلَ يَفْعُلُ ( فتحُ ضمٍّ ),مشترك ,0,0,0, , 
5031,مَاثَ,موث,فَعَلَ يَفْعُلُ ( فتحُ ضمٍّ ),مشترك ,0,0,0, , 
5032,مَاجَ,موج,فَعَلَ يَفْعُلُ ( فتحُ ضمٍّ ),لازم,0,0,0, , 
5033,خَزِجَ,خزج,فَعِلَ يَفْعَلُ ( كسر فتح ),لازم,0,0,0, , 
5034,مَارَ,مور,فَعَلَ يَفْعُلُ ( فتحُ ضمٍّ ),مشترك ,0,0,0, , 
5035,مَاشَ,موش,فَعَلَ يَفْعُلُ ( فتحُ ضمٍّ ),مشترك ,0,0,0, , 
5036,مَاصَ,موص,فَعَلَ يَفْعُلُ ( فتحُ ضمٍّ ),متعدي,0,0,0, , 
5037,مَاغَ,موغ,فَعَلَ يَفْعُلُ ( فتحُ ضمٍّ ),لازم,0,0,0, , 
5038,مَاقَ,موق,فَعَلَ يَفْعُلُ ( فتحُ ضمٍّ ),مشترك ,0,0,0, , 
5039,مَالَ,مول,فَعَلَ يَفْعُلُ ( فتحُ ضمٍّ ),مشترك ,0,0,0, , 
5040,مَوِلَ,مول,فَعِلَ يَفْعَلُ ( كسر فتح ),لازم,0,0,0, , 
5041,مَانَ,مون,فَعَلَ يَفْعُلُ ( فتحُ ضمٍّ ),مشترك ,0,0,0, , 
5042,مَاهَ,موه,فَعَلَ يَفْعُلُ ( فتحُ ضمٍّ ),مشترك ,0,0,0, , 
5043,مَوِهَ,موه,فَعِلَ يَفْعَلُ ( كسر فتح ),مشترك ,0,0,0, , 
5044,مَاثَ,ميث,فَعَلَ يَفْعِلُ ( فتحُ كَسْرٍ ),مشترك ,0,0,0, , 
5045,مَاجَ,ميج,فَعَلَ يَفْعِلُ ( فتحُ كَسْرٍ ),لازم,0,0,0, , 
5046,مَاحَ,ميح,فَعَلَ يَفْعِلُ ( فتحُ كَسْرٍ ),مشترك ,0,0,0, , 
5047,مَاخَ,ميخ,فَعَلَ يَفْعِلُ ( فتحُ كَسْرٍ ),لازم,0,0,0, , 
5048,مَادَ,ميد,فَعَلَ يَفْعِلُ ( فتحُ كَسْرٍ ),مشترك ,0,0,0, , 
5049,مَارَ,مير,فَعَلَ يَفْعِلُ ( فتحُ كَسْرٍ ),مشترك ,0,0,0, , 
5050,مَازَ,ميز,فَعَلَ يَفْعِلُ ( فتحُ كَسْرٍ ),مشترك ,0,0,0, , 
5051,مَاسَ,ميس,فَعَلَ يَفْعِلُ ( فتحُ كَسْرٍ ),مشترك ,0,0,0, , 
5052,مَاشَ,ميش,فَعَلَ يَفْعِلُ ( فتحُ كَسْرٍ ),مشترك ,0,0,0, , 
5053,مَاطَ,ميط,فَعَلَ يَفْعِلُ ( فتحُ كَسْرٍ ),مشترك ,0,0,0, , 
5054,مَاعَ,ميع,فَعَلَ يَفْعِلُ ( فتحُ كَسْرٍ ),لازم,0,0,0, , 
5055,مَالَ,ميل,فَعَلَ يَفْعِلُ ( فتحُ كَسْرٍ ),مشترك ,0,0,0, , 
5056,مَيِلَ,ميل,فَعِلَ يَفْعَلُ ( كسر فتح ),لازم,0,0,0, , 
5057,مَانَ,مين,فَعَلَ يَفْعِلُ ( فتحُ كَسْرٍ ),مشترك ,0,0,0, , 
5058,مَاهَ,ميه,فَعَلَ يَفْعِلُ ( فتحُ كَسْرٍ ),مشترك ,0,0,0, , 
5059,نَأَتَ,نءت,فَعَلَ يَفْعَلُ ( فتحتان ),مشترك ,0,0,0, , 
5060,خَزَرَ,خزر,فَعَلَ يَفْعُلُ ( فتحُ ضمٍّ ),متعدي,0,0,0, , 
5061,نَأَثَ,نءث,فَعَلَ يَفْعَلُ ( فتحتان ),لازم,0,0,0, , 
5062,نَأَجَ,نءج,فَعَلَ يَفْعَلُ ( فتحتان ),مشترك ,0,0,0, , 
5063,نَأَدَ,نءد,فَعَلَ يَفْعَلُ ( فتحتان ),مشترك ,0,0,0, , 
5064,نَأَرَ,نءر,فَعَلَ يَفْعَلُ ( فتحتان ),لازم,0,0,0, , 
5065,نَأَشَ,نءش,فَعَلَ يَفْعَلُ ( فتحتان ),مشترك ,0,0,0, , 
5066,نَأَفَ,نءف,فَعَلَ يَفْعَلُ ( فتحتان ),لازم,0,0,0, , 
5067,نَئِفَ,نءف,فَعِلَ يَفْعَلُ ( كسر فتح ),مشترك ,0,0,0, , 
5068,نَأَلَ,نءل,فَعَلَ يَفْعَلُ ( فتحتان ),مشترك ,0,0,0, , 
5069,نَأَمَ,نءم,فَعَلَ يَفْعِلُ ( فتحُ كَسْرٍ ),لازم,0,0,0, , 
5070,نَأَمَ,نءم,فَعَلَ يَفْعَلُ ( فتحتان ),لازم,0,0,0, , 
5071,نَأَى,نءي,فَعَلَ يَفْعَلُ ( فتحتان ),مشترك ,0,0,0, , 
5072,نَبَأَ,نبء,فَعَلَ يَفْعَلُ ( فتحتان ),لازم,0,0,0, , 
5073,نَبَّ,نبب,فَعَلَ يَفْعِلُ ( فتحُ كَسْرٍ ),لازم,0,0,0, , 
5074,نَبَتَ,نبت,فَعَلَ يَفْعُلُ ( فتحُ ضمٍّ ),لازم,0,0,0, , 
5075,نَبَثَ,نبث,فَعَلَ يَفْعُلُ ( فتحُ ضمٍّ ),مشترك ,0,0,0, , 
5076,نَبَجَ,نبج,فَعَلَ يَفْعُلُ ( فتحُ ضمٍّ ),لازم,0,0,0, , 
5077,نَبَجَ,نبج,فَعَلَ يَفْعِلُ ( فتحُ كَسْرٍ ),لازم,0,0,0, , 
5078,نَبَحَ,نبح,فَعَلَ يَفْعِلُ ( فتحُ كَسْرٍ ),مشترك ,0,0,0, , 
5079,نَبَحَ,نبح,فَعَلَ يَفْعَلُ ( فتحتان ),مشترك ,0,0,0, , 
5080,نَبَخَ,نبخ,فَعَلَ يَفْعُلُ ( فتحُ ضمٍّ ),لازم,0,0,0, , 
5081,نَبَذَ,نبذ,فَعَلَ يَفْعِلُ ( فتحُ كَسْرٍ ),مشترك ,0,0,0, , 
5082,نَبَرَ,نبر,فَعَلَ يَفْعِلُ ( فتحُ كَسْرٍ ),مشترك ,0,0,0, , 
5083,نَبَزَ,نبز,فَعَلَ يَفْعِلُ ( فتحُ كَسْرٍ ),متعدي,0,0,0, , 
5084,نَبَسَ,نبس,فَعَلَ يَفْعِلُ ( فتحُ كَسْرٍ ),مشترك ,0,0,0, , 
5085,خَزِرَ,خزر,فَعِلَ يَفْعَلُ ( كسر فتح ),لازم,0,0,0, , 
5086,نَبَشَ,نبش,فَعَلَ يَفْعُلُ ( فتحُ ضمٍّ ),مشترك ,0,0,0, , 
5087,نَبَصَ,نبص,فَعَلَ يَفْعِلُ ( فتحُ كَسْرٍ ),مشترك ,0,0,0, , 
5088,نَبَضَ,نبض,فَعَلَ يَفْعِلُ ( فتحُ كَسْرٍ ),مشترك ,0,0,0, , 
5089,نَبَطَ,نبط,فَعَلَ يَفْعُلُ ( فتحُ ضمٍّ ),مشترك ,0,0,0, , 
5090,نَبَطَ,نبط,فَعَلَ يَفْعِلُ ( فتحُ كَسْرٍ ),مشترك ,0,0,0, , 
5091,نَبَعَ,نبع,فَعَلَ يَفْعُلُ ( فتحُ ضمٍّ ),لازم,0,0,0, , 
5092,نَبَعَ,نبع,فَعَلَ يَفْعِلُ ( فتحُ كَسْرٍ ),لازم,0,0,0, , 
5093,نَبَعَ,نبع,فَعَلَ يَفْعَلُ ( فتحتان ),لازم,0,0,0, , 
5094,نَبَغَ,نبغ,فَعَلَ يَفْعُلُ ( فتحُ ضمٍّ ),لازم,0,0,0, , 
5095,نَبَغَ,نبغ,فَعَلَ يَفْعِلُ ( فتحُ كَسْرٍ ),لازم,0,0,0, , 
5096,نَبَغَ,نبغ,فَعَلَ يَفْعَلُ ( فتحتان ),لازم,0,0,0, , 
5097,نَبَقَ,نبق,فَعَلَ يَفْعُلُ ( فتحُ ضمٍّ ),مشترك ,0,0,0, , 
5098,نَبَكَ,نبك,فَعَلَ يَفْعُلُ ( فتحُ ضمٍّ ),لازم,0,0,0, , 
5099,نَبَلَ,نبل,فَعَلَ يَفْعُلُ ( فتحُ ضمٍّ ),مشترك ,0,0,0, , 
5100,نَبُلَ,نبل,فَعُلَ يَفْعُلُ ( ضمَ ضمٍَ ),لازم,0,0,0, , 
5101,نَبَهَ,نبه,فَعَلَ يَفْعُلُ ( فتحُ ضمٍّ ),لازم,0,0,0, , 
5102,نَبِهَ,نبه,فَعِلَ يَفْعَلُ ( كسر فتح ),لازم,0,0,0, , 
5103,نَبُهَ,نبه,فَعُلَ يَفْعُلُ ( ضمَ ضمٍَ ),لازم,0,0,0, , 
5104,نَبَا,نبو,فَعَلَ يَفْعُلُ ( فتحُ ضمٍّ ),لازم,0,0,0, , 
5105,نَتَأَ,نتء,فَعَلَ يَفْعَلُ ( فتحتان ),لازم,0,0,0, , 
5106,نَتَّ,نتت,فَعَلَ يَفْعِلُ ( فتحُ كَسْرٍ ),مشترك ,0,0,0, , 
5107,نَتَجَ,نتج,فَعَلَ يَفْعِلُ ( فتحُ كَسْرٍ ),مشترك ,0,0,0, , 
5108,نَتَحَ,نتح,فَعَلَ يَفْعِلُ ( فتحُ كَسْرٍ ),مشترك ,0,0,0, , 
5109,نَتَخَ,نتخ,فَعَلَ يَفْعِلُ ( فتحُ كَسْرٍ ),مشترك ,0,0,0, , 
5110,نَتَرَ,نتر,فَعَلَ يَفْعُلُ ( فتحُ ضمٍّ ),مشترك ,0,0,0, , 
5111,نَتِرَ,نتر,فَعِلَ يَفْعَلُ ( كسر فتح ),لازم,0,0,0, , 
5112,خَزَّ,خزز,فَعَلَ يَفْعُلُ ( فتحُ ضمٍّ ),متعدي,0,0,0, , 
5113,نَتَسَ,نتس,فَعَلَ يَفْعِلُ ( فتحُ كَسْرٍ ),متعدي,0,0,0, , 
5114,نَتَشَ,نتش,فَعَلَ يَفْعِلُ ( فتحُ كَسْرٍ ),مشترك ,0,0,0, , 
5115,نَتَضَ,نتض,فَعَلَ يَفْعُلُ ( فتحُ ضمٍّ ),لازم,0,0,0, , 
5116,نَتَعَ,نتع,فَعَلَ يَفْعُلُ ( فتحُ ضمٍّ ),لازم,0,0,0, , 
5117,نَتَعَ,نتع,فَعَلَ يَفْعِلُ ( فتحُ كَسْرٍ ),لازم,0,0,0, , 
5118,نَتَغَ,نتغ,فَعَلَ يَفْعُلُ ( فتحُ ضمٍّ ),مشترك ,0,0,0, , 
5119,نَتَغَ,نتغ,فَعَلَ يَفْعِلُ ( فتحُ كَسْرٍ ),مشترك ,0,1,1, لسان العرب,نَتْغ
5120,نَتَفَ,نتف,فَعَلَ يَفْعِلُ ( فتحُ كَسْرٍ ),مشترك ,0,1,1, لسان العرب,نَتْف
5121,نَتَقَ,نتق,فَعَلَ يَفْعُلُ ( فتحُ ضمٍّ ),مشترك ,0,1,1, لسان العرب ,نَتْق
5122,نَتَقَ,نتق,فَعَلَ يَفْعِلُ ( فتحُ كَسْرٍ ),مشترك ,0,1,1, لسان العرب ,نُتُوق
5123,نَتَكَ,نتك,فَعَلَ يَفْعِلُ ( فتحُ كَسْرٍ ),مشترك ,0,1,1, لسان العرب ,نَتْك
5124,نَتَلَ,نتل,فَعَلَ يَفْعُلُ ( فتحُ ضمٍّ ),مشترك ,0,1,1, لسان العرب ,نَتْل
5125,نَتَلَ,نتل,فَعَلَ يَفْعِلُ ( فتحُ كَسْرٍ ),لازم,0,1,1, لسان العرب,نُتُول
5126,نَتَنَ,نتن,فَعَلَ يَفْعِلُ ( فتحُ كَسْرٍ ),لازم,0,1,1, لسان العرب,نَتْن
5127,نَتِنَ,نتن,فَعِلَ يَفْعَلُ ( كسر فتح ),لازم,0,1,1, لسان العرب ,نَتَن
5128,نَتُنَ,نتن,فَعُلَ يَفْعُلُ ( ضمَ ضمٍَ ),لازم,0,1,1, لسان العرب ,نَتَانَة
5129,نَتَا,نتو,فَعَلَ يَفْعُلُ ( فتحُ ضمٍّ ),لازم,0,1,1, لسان العرب ,نَتْو
5130,نَثَّ,نثث,فَعَلَ يَفْعُلُ ( فتحُ ضمٍّ ),مشترك ,0,1,1, لسان العرب ,نَثّ
5131,نَثَّ,نثث,فَعَلَ يَفْعِلُ ( فتحُ كَسْرٍ ),مشترك ,0,1,1, لسان العرب,نَثِيث
5132,نَثَجَ,نثج,فَعَلَ يَفْعِلُ ( فتحُ كَسْرٍ ),مشترك ,0,1,1, لسان العرب,نَثْج
5133,نَثَرَ,نثر,فَعَلَ يَفْعُلُ ( فتحُ ضمٍّ ),مشترك ,0,1,1, لسان العرب,نَثْر
5134,نَثَرَ,نثر,فَعَلَ يَفْعِلُ ( فتحُ كَسْرٍ ),مشترك ,0,1,1, لسان العرب,نِثَار
5135,نَثَطَ,نثط,فَعَلَ يَفْعُلُ ( فتحُ ضمٍّ ),مشترك ,0,1,1, لسان العرب,نَثْط
5136,نَثَلَ,نثل,فَعَلَ يَفْعُلُ ( فتحُ ضمٍّ ),لازم,0,1,1, لسان العرب ,نَثْل
5137,نَثَلَ,نثل,فَعَلَ يَفْعِلُ ( فتحُ كَسْرٍ ),متعدي,0,1,1, لسان العرب ,نُثُول
5138,نَثَمَ,نثم,فَعَلَ يَفْعِلُ ( فتحُ كَسْرٍ ),لازم,0,1,1, لسان العرب ,نَثْم
5139,نَثَا,نثو,فَعَلَ يَفْعُلُ ( فتحُ ضمٍّ ),مشترك ,0,1,1, لسان العرب ,نَثْو
5140,خَزَّ,خزز,فَعِلَ يَفْعَلُ ( كسر فتح ),لازم,0,1,1, لسان العرب,خَزّ
5141,نَثَى,نثي,فَعَلَ يَفْعِلُ ( فتحُ كَسْرٍ ),مشترك ,0,1,1, لسان العرب,نَثْي
5142,نَجَأَ,نجء,فَعَلَ يَفْعَلُ ( فتحتان ),متعدي,0,1,1, لسان العرب,نَجْأ
5143,نَجَبَ,نجب,فَعَلَ يَفْعُلُ ( فتحُ ضمٍّ ),مشترك ,0,1,1, لسان العرب,نَجْب
5144,نَجَبَ,نجب,فَعَلَ يَفْعِلُ ( فتحُ كَسْرٍ ),متعدي,0,1,1, لسان العرب,نُجُوب
5145,نَجُبَ,نجب,فَعُلَ يَفْعُلُ ( ضمَ ضمٍَ ),لازم,0,1,1, لسان العرب ,نَجَابَة
5146,نَجَثَ,نجث,فَعَلَ يَفْعُلُ ( فتحُ ضمٍّ ),مشترك ,0,1,1, لسان العرب ,نَجْث
5147,نَجَّ,نجج,فَعَلَ يَفْعِلُ ( فتحُ كَسْرٍ ),مشترك ,0,1,1, لسان العرب ,نَجّ
5148,نَجَحَ,نجح,فَعَلَ يَفْعَلُ ( فتحتان ),لازم,0,1,1, لسان العرب ,نَجَاح
5149,نَجَخَ,نجخ,فَعَلَ يَفْعَلُ ( فتحتان ),مشترك ,0,1,1, لسان العرب,نَجْخ
5150,نَجَدَ,نجد,فَعَلَ يَفْعُلُ ( فتحُ ضمٍّ ),مشترك ,0,1,1, لسان العرب,نَجْد
5151,نَجَدَ,نجد,فَعَلَ يَفْعِلُ ( فتحُ كَسْرٍ ),مشترك ,0,1,1, لسان العرب,نُجُود
5152,نَجِدَ,نجد,فَعِلَ يَفْعَلُ ( كسر فتح ),لازم,0,1,1, لسان العرب,نَجَد
5153,نَجُدَ,نجد,فَعُلَ يَفْعُلُ ( ضمَ ضمٍَ ),لازم,0,1,1, لسان العرب,نَجَادَة
5154,نَجَذَ,نجذ,فَعَلَ يَفْعُلُ ( فتحُ ضمٍّ ),متعدي,0,1,1, لسان العرب ,نَجْذ
5155,نَجَرَ,نجر,فَعَلَ يَفْعُلُ ( فتحُ ضمٍّ ),مشترك ,0,1,1, لسان العرب ,نَجْر
5156,نَجِرَ,نجر,فَعِلَ يَفْعَلُ ( كسر فتح ),لازم,0,1,1, لسان العرب ,نَجَر
5157,نَجَزَ,نجز,فَعَلَ يَفْعُلُ ( فتحُ ضمٍّ ),مشترك ,0,1,1, لسان العرب ,نَجْز
5158,نَجِزَ,نجز,فَعِلَ يَفْعَلُ ( كسر فتح ),لازم,0,1,1, لسان العرب ,نَجَز
5159,نَجِسَ,نجس,فَعِلَ يَفْعَلُ ( كسر فتح ),لازم,0,1,1, لسان العرب ,نَجَس
5160,نَجُسَ,نجس,فَعُلَ يَفْعُلُ ( ضمَ ضمٍَ ),لازم,0,1,1, لسان العرب ,نَجَاسة
5161,نَجَشَ,نجش,فَعَلَ يَفْعُلُ ( فتحُ ضمٍّ ),مشترك ,0,1,1, لسان العرب,نَجْش
5162,نَجَعَ,نجع,فَعَلَ يَفْعِلُ ( فتحُ كَسْرٍ ),مشترك ,0,1,1, لسان العرب,نَجْع
5163,نَجَعَ,نجع,فَعَلَ يَفْعَلُ ( فتحتان ),مشترك ,0,1,1, لسان العرب,نُجُوع
5164,نَجِعَ,نجع,فَعِلَ يَفْعَلُ ( كسر فتح ),لازم,0,1,1, لسان العرب,نَجَع
5165,نَجَفَ,نجف,فَعَلَ يَفْعُلُ ( فتحُ ضمٍّ ),متعدي,0,1,1, لسان العرب,نَجْف
5166,نَجَلَ,نجل,فَعَلَ يَفْعُلُ ( فتحُ ضمٍّ ),مشترك ,0,1,1, لسان العرب ,نَجْل
5167,نَجِلَ,نجل,فَعِلَ يَفْعَلُ ( كسر فتح ),لازم,0,1,1, لسان العرب ,نَجَل
5168,نَجَمَ,نجم,فَعَلَ يَفْعُلُ ( فتحُ ضمٍّ ),مشترك ,0,1,1, لسان العرب ,نُجُوم
5169,نَجَهَ,نجه,فَعَلَ يَفْعَلُ ( فتحتان ),مشترك ,0,1,1, لسان العرب ,نَجْه
5170,نَجَا,نجو,فَعَلَ يَفْعُلُ ( فتحُ ضمٍّ ),مشترك ,0,1,1, لسان العرب,نَجَاة
5171,خَزَعَ,خزع,فَعَلَ يَفْعَلُ ( فتحتان ),مشترك ,0,1,1, لسان العرب,خَزْع
5172,نَحَبَ,نحب,فَعَلَ يَفْعُلُ ( فتحُ ضمٍّ ),لازم,0,1,1, لسان العرب,نَحْب
5173,نَحَبَ,نحب,فَعَلَ يَفْعِلُ ( فتحُ كَسْرٍ ),لازم,0,1,1, لسان العرب,نَحِيب
5174,نَحَبَ,نحب,فَعَلَ يَفْعَلُ ( فتحتان ),لازم,0,1,1, لسان العرب,نُحَاب
5175,نَحَتَ,نحت,فَعَلَ يَفْعُلُ ( فتحُ ضمٍّ ),مشترك ,0,1,1, لسان العرب ,نَحْت
5176,نَحَتَ,نحت,فَعَلَ يَفْعِلُ ( فتحُ كَسْرٍ ),مشترك ,0,1,1, لسان العرب ,نَحْت
5177,نَحَتَ,نحت,فَعَلَ يَفْعَلُ ( فتحتان ),مشترك ,0,1,1, لسان العرب ,نَحْت
5178,نَحِتَ,نحت,فَعِلَ يَفْعَلُ ( كسر فتح ),مشترك ,0,1,1, لسان العرب ,نَحَت
5179,نَحَّ,نحح,فَعَلَ يَفْعُلُ ( فتحُ ضمٍّ ),متعدي,0,1,1, لسان العرب,نَحّ
5180,نَحَّ,نحح,فَعَلَ يَفْعِلُ ( فتحُ كَسْرٍ ),لازم,0,1,1, لسان العرب,نَحِيح
5181,نَحَرَ,نحر,فَعَلَ يَفْعَلُ ( فتحتان ),مشترك ,0,1,1, لسان العرب,نَحْر
5182,نَحَزَ,نحز,فَعَلَ يَفْعَلُ ( فتحتان ),مشترك ,0,1,1, لسان العرب,نَحْز
5183,نَحِزَ,نحز,فَعِلَ يَفْعَلُ ( كسر فتح ),لازم,0,1,1, لسان العرب,نَحَز
5184,نَحُزَ,نحز,فَعُلَ يَفْعُلُ ( ضمَ ضمٍَ ),لازم,0,1,1, لسان العرب ,نَحَازَة
5185,نَحَسَ,نحس,فَعَلَ يَفْعَلُ ( فتحتان ),متعدي,0,1,1, لسان العرب ,نَحْس
5186,نَحِسَ,نحس,فَعِلَ يَفْعَلُ ( كسر فتح ),لازم,0,1,1, لسان العرب ,نَحَس
5187,نَحُسَ,نحس,فَعُلَ يَفْعُلُ ( ضمَ ضمٍَ ),لازم,0,1,1, لسان العرب ,نُحُوسَة
5188,نَحَصَ,نحص,فَعَلَ يَفْعَلُ ( فتحتان ),لازم,0,1,1, لسان العرب,نَحْص
5189,نَحَضَ,نحض,فَعَلَ يَفْعِلُ ( فتحُ كَسْرٍ ),مشترك ,0,1,1, لسان العرب,نَحْض
5190,نَحَضَ,نحض,فَعَلَ يَفْعَلُ ( فتحتان ),مشترك ,0,1,1, لسان العرب ,نُحُوض
5191,نَحُضَ,نحض,فَعُلَ يَفْعُلُ ( ضمَ ضمٍَ ),لازم,0,1,1, لسان العرب ,نَحَاضَة
5192,نَحَطَ,نحط,فَعَلَ يَفْعِلُ ( فتحُ كَسْرٍ ),مشترك ,0,1,1, لسان العرب ,نَحْط
5193,نَحِفَ,نحف,فَعِلَ يَفْعَلُ ( كسر فتح ),لازم,0,1,1, لسان العرب ,نَحَف
5194,نَحُفَ,نحف,فَعُلَ يَفْعُلُ ( ضمَ ضمٍَ ),لازم,0,1,1, لسان العرب,نَحَافَة
5195,نَحَلَ,نحل,فَعَلَ يَفْعُلُ ( فتحُ ضمٍّ ),مشترك ,0,1,1, لسان العرب,نَحْل
5196,نَحَلَ,نحل,فَعَلَ يَفْعَلُ ( فتحتان ),مشترك ,0,1,1, لسان العرب ,نُحُول
5197,نَحِلَ,نحل,فَعِلَ يَفْعَلُ ( كسر فتح ),مشترك ,0,1,1, لسان العرب ,نَحَل
5198,نَحُلَ,نحل,فَعُلَ يَفْعُلُ ( ضمَ ضمٍَ ),لازم,0,1,1, لسان العرب ,نُحُولَة
5199,نَحَمَ,نحم,فَعَلَ يَفْعِلُ ( فتحُ كَسْرٍ ),لازم,0,1,1, لسان العرب ,نَحْم
5200,نَحَمَ,نحم,فَعَلَ يَفْعَلُ ( فتحتان ),لازم,0,1,1, لسان العرب,نَحِيم
5201,نَحَا,نحو,فَعَلَ يَفْعُلُ ( فتحُ ضمٍّ ),مشترك ,0,1,1, لسان العرب,نَحْو
5202,نَحَا,نحو,فَعَلَ يَفْعَلُ ( فتحتان ),مشترك ,0,1,1, لسان العرب,نَحْو
5203,خَزَفَ,خزف,فَعَلَ يَفْعِلُ ( فتحُ كَسْرٍ ),مشترك ,0,1,1, لسان العرب,خَزْف
5204,نَحَى,نحي,فَعَلَ يَفْعِلُ ( فتحُ كَسْرٍ ),مشترك ,0,1,1, لسان العرب,نَحْي
5205,نَحَى,نحي,فَعَلَ يَفْعَلُ ( فتحتان ),متعدي,0,1,1, لسان العرب ,نَحْي
5206,نَخَبَ,نخب,فَعَلَ يَفْعُلُ ( فتحُ ضمٍّ ),مشترك ,0,1,1, لسان العرب ,نَخْب
5207,نَخَبَ,نخب,فَعَلَ يَفْعَلُ ( فتحتان ),متعدي,0,1,1, لسان العرب ,نُخُوب
5208,نَخِبَ,نخب,فَعِلَ يَفْعَلُ ( كسر فتح ),لازم,0,1,1, لسان العرب ,نَخَب
5209,نَخَجَ,نخج,فَعَلَ يَفْعَلُ ( فتحتان ),متعدي,0,1,1, لسان العرب,نَخْج
5210,نَخَّ,نخخ,فَعَلَ يَفْعُلُ ( فتحُ ضمٍّ ),متعدي,0,1,1, لسان العرب,نَخّ
5211,نَخَّ,نخخ,فَعَلَ يَفْعِلُ ( فتحُ كَسْرٍ ),لازم,0,1,1, لسان العرب,نَخِيخ
5212,نَخَرَ,نخر,فَعَلَ يَفْعُلُ ( فتحُ ضمٍّ ),لازم,0,1,1, لسان العرب,نَخْر
5213,نَخَرَ,نخر,فَعَلَ يَفْعِلُ ( فتحُ كَسْرٍ ),مشترك ,0,1,1, لسان العرب,نُخُور
5214,نَخَرَ,نخر,فَعَلَ يَفْعَلُ ( فتحتان ),متعدي,0,1,1, لسان العرب ,نَخِير
5215,نَخِرَ,نخر,فَعِلَ يَفْعَلُ ( كسر فتح ),لازم,0,1,1, لسان العرب ,نَخَر
5216,نَخَزَ,نخز,فَعَلَ يَفْعَلُ ( فتحتان ),متعدي,0,1,1, لسان العرب ,نَخْز
5217,نَخَسَ,نخس,فَعَلَ يَفْعُلُ ( فتحُ ضمٍّ ),مشترك ,0,1,1, لسان العرب ,نَخْس
5218,نَخَسَ,نخس,فَعَلَ يَفْعَلُ ( فتحتان ),متعدي,0,1,1, لسان العرب,نُخُوس
5219,نَخَشَ,نخش,فَعَلَ يَفْعُلُ ( فتحُ ضمٍّ ),متعدي,0,1,1, لسان العرب,نَخْش
5220,نَخَشَ,نخش,فَعَلَ يَفْعَلُ ( فتحتان ),لازم,0,1,1, لسان العرب,نَخَش
5221,نَخِشَ,نخش,فَعِلَ يَفْعَلُ ( كسر فتح ),لازم,0,1,1, لسان العرب,نَخْص
5222,نَخَصَ,نخص,فَعَلَ يَفْعُلُ ( فتحُ ضمٍّ ),مشترك ,0,1,1, لسان العرب,نُخُوص
5223,نَخَصَ,نخص,فَعَلَ يَفْعَلُ ( فتحتان ),لازم,0,1,1, لسان العرب ,نَخَص
5224,نَخِصَ,نخص,فَعِلَ يَفْعَلُ ( كسر فتح ),لازم,0,1,1, لسان العرب ,نَخْط
5225,نَخَطَ,نخط,فَعَلَ يَفْعُلُ ( فتحُ ضمٍّ ),لازم,0,1,1, لسان العرب ,نَخْع
5226,نَخَعَ,نخع,فَعَلَ يَفْعَلُ ( فتحتان ),مشترك ,0,1,1, لسان العرب ,نَخَع
5227,نَخِعَ,نخع,فَعِلَ يَفْعَلُ ( كسر فتح ),لازم,0,1,1, لسان العرب ,نَخْف
5228,نَخَفَ,نخف,فَعَلَ يَفْعُلُ ( فتحُ ضمٍّ ),لازم,0,1,1, لسان العرب ,نُخَاف
5229,نَخَفَ,نخف,فَعَلَ يَفْعَلُ ( فتحتان ),لازم,0,1,1, لسان العرب ,نَخْل
5230,نَخَلَ,نخل,فَعَلَ يَفْعُلُ ( فتحُ ضمٍّ ),متعدي,0,1,1, لسان العرب,نَخْم
5231,نَخَمَ,نخم,فَعَلَ يَفْعُلُ ( فتحُ ضمٍّ ),لازم,0,1,1, لسان العرب,نَخَم
5232,نَخِمَ,نخم,فَعِلَ يَفْعَلُ ( كسر فتح ),لازم,0,1,1, لسان العرب,خَزْق
5233,خَزَقَ,خزق,فَعَلَ يَفْعِلُ ( فتحُ كَسْرٍ ),مشترك ,0,1,1, لسان العرب,نَخْو
5234,نَخَا,نخو,فَعَلَ يَفْعُلُ ( فتحُ ضمٍّ ),مشترك ,0,1,1, لسان العرب,نَدْأ
5235,نَدَأَ,ندء,فَعَلَ يَفْعَلُ ( فتحتان ),مشترك ,0,1,1, لسان العرب ,نَدْب
5236,نَدَبَ,ندب,فَعَلَ يَفْعُلُ ( فتحُ ضمٍّ ),متعدي,0,1,1, لسان العرب ,نَدَب
5237,نَدِبَ,ندب,فَعِلَ يَفْعَلُ ( كسر فتح ),لازم,0,1,1, لسان العرب ,نَدَابَة
5238,نَدُبَ,ندب,فَعُلَ يَفْعُلُ ( ضمَ ضمٍَ ),لازم,0,1,1, لسان العرب ,نَدْح
5239,نَدَحَ,ندح,فَعَلَ يَفْعَلُ ( فتحتان ),مشترك ,0,1,1, لسان العرب,نَدْخ
5240,نَدَخَ,ندخ,فَعَلَ يَفْعَلُ ( فتحتان ),متعدي,0,1,1, لسان العرب,نَدّ
5241,نَدَّ,ندد,فَعَلَ يَفْعِلُ ( فتحُ كَسْرٍ ),لازم,0,1,1, لسان العرب,نُدُور
5242,نَدَرَ,ندر,فَعَلَ يَفْعُلُ ( فتحُ ضمٍّ ),مشترك ,0,1,1, لسان العرب,نَدَارَة
5243,نَدُرَ,ندر,فَعُلَ يَفْعُلُ ( ضمَ ضمٍَ ),لازم,0,1,1, لسان العرب,نَدْس
5244,نَدَسَ,ندس,فَعَلَ يَفْعُلُ ( فتحُ ضمٍّ ),متعدي,0,1,1, لسان العرب ,نَدَس
5245,نَدِسَ,ندس,فَعِلَ يَفْعَلُ ( كسر فتح ),لازم,0,1,1, لسان العرب ,نَدْش
5246,نَدَشَ,ندش,فَعَلَ يَفْعُلُ ( فتحُ ضمٍّ ),مشترك ,0,1,1, لسان العرب ,نَدْص
5247,نَدَصَ,ندص,فَعَلَ يَفْعُلُ ( فتحُ ضمٍّ ),لازم,0,1,1, لسان العرب ,نَدَص
5248,نَدِصَ,ندص,فَعِلَ يَفْعَلُ ( كسر فتح ),لازم,0,1,1, لسان العرب,نَدْغ
5249,نَدَغَ,ندغ,فَعَلَ يَفْعَلُ ( فتحتان ),متعدي,0,1,1, لسان العرب,نَدْف
5250,نَدَفَ,ندف,فَعَلَ يَفْعِلُ ( فتحُ كَسْرٍ ),مشترك ,0,1,1, لسان العرب,نَدْل
5251,نَدَلَ,ندل,فَعَلَ يَفْعُلُ ( فتحُ ضمٍّ ),مشترك ,0,1,1, لسان العرب,نَدَل
5252,نَدِلَ,ندل,فَعِلَ يَفْعَلُ ( كسر فتح ),لازم,0,1,1, لسان العرب,نَدَم
5253,نَدِمَ,ندم,فَعِلَ يَفْعَلُ ( كسر فتح ),لازم,0,1,1, لسان العرب ,نَدْه
5254,نَدَهَ,نده,فَعَلَ يَفْعَلُ ( فتحتان ),مشترك ,0,1,1, لسان العرب ,نَدْو
5255,نَدَا,ندو,فَعَلَ يَفْعُلُ ( فتحُ ضمٍّ ),مشترك ,0,1,1, لسان العرب ,نَدَى
5256,نَدِيَ,ندو,فَعِلَ يَفْعَلُ ( كسر فتح ),مشترك ,0,1,1, لسان العرب ,نَذْخ
5257,نَذَخَ,نذخ,فَعَلَ يَفْعَلُ ( فتحتان ),لازم,0,0,1, لسان العرب,نَذّ
5258,نَذَّ,نذذ,فَعَلَ يَفْعِلُ ( فتحُ كَسْرٍ ),لازم,0,0,1, لسان العرب ,نَذْر
5259,نَذَرَ,نذر,فَعَلَ يَفْعُلُ ( فتحُ ضمٍّ ),متعدي,0,0,1, لسان العرب ,نُذُور
5260,نَذَرَ,نذر,فَعَلَ يَفْعِلُ ( فتحُ كَسْرٍ ),متعدي,0,0,1, لسان العرب ,نَذَر
5261,نَذِرَ,نذر,فَعِلَ يَفْعَلُ ( كسر فتح ),لازم,0,0,1, لسان العرب ,نَذْع
5262,نَذَعَ,نذع,فَعَلَ يَفْعَلُ ( فتحتان ),لازم,0,0,1, لسان العرب ,نَذَالَة
5263,نَذُلَ,نذل,فَعُلَ يَفْعُلُ ( ضمَ ضمٍَ ),لازم,0,0,1, لسان العرب ,خَزْل
5264,خَزَلَ,خزل,فَعَلَ يَفْعِلُ ( فتحُ كَسْرٍ ),متعدي,0,0,1, لسان العرب ,نَزْأ
5265,نَزَأَ,نزء,فَعَلَ يَفْعَلُ ( فتحتان ),مشترك ,0,0,1, لسان العرب,نَزْب
5266,نَزَبَ,نزب,فَعَلَ يَفْعِلُ ( فتحُ كَسْرٍ ),لازم,0,0,1, لسان العرب,نَزْج
5267,نَزَجَ,نزج,فَعَلَ يَفْعُلُ ( فتحُ ضمٍّ ),لازم,0,0,1, لسان العرب,نَزْح
5268,نَزَحَ,نزح,فَعَلَ يَفْعِلُ ( فتحُ كَسْرٍ ),مشترك ,0,0,1, لسان العرب,نُزُوح
5269,نَزَحَ,نزح,فَعَلَ يَفْعَلُ ( فتحتان ),مشترك ,0,0,1, لسان العرب,نَزْر
5270,نَزَرَ,نزر,فَعَلَ يَفْعُلُ ( فتحُ ضمٍّ ),مشترك ,0,0,1, لسان العرب ,نَزَارَة
5271,نَزُرَ,نزر,فَعُلَ يَفْعُلُ ( ضمَ ضمٍَ ),لازم,0,0,1, لسان العرب ,نَزّ
5272,نَزَّ,نزز,فَعَلَ يَفْعِلُ ( فتحُ كَسْرٍ ),لازم,0,0,1, لسان العرب ,نَزْع
5273,نَزَعَ,نزع,فَعَلَ يَفْعِلُ ( فتحُ كَسْرٍ ),مشترك ,0,0,1, لسان العرب ,نَزَع
5274,نَزِعَ,نزع,فَعِلَ يَفْعَلُ ( كسر فتح ),لازم,0,0,1, لسان العرب,نَزْغ
5275,نَزَغَ,نزغ,فَعَلَ يَفْعِلُ ( فتحُ كَسْرٍ ),مشترك ,0,0,1, لسان العرب,نُزُوغ
5276,نَزَغَ,نزغ,فَعَلَ يَفْعَلُ ( فتحتان ),مشترك ,0,0,1, لسان العرب,نَزْف
5277,نَزَفَ,نزف,فَعَلَ يَفْعُلُ ( فتحُ ضمٍّ ),متعدي,0,0,1, لسان العرب,نُزُوف
5278,نَزَفَ,نزف,فَعَلَ يَفْعِلُ ( فتحُ كَسْرٍ ),مشترك ,0,0,1, لسان العرب,نَزَف
5279,نَزِفَ,نزف,فَعِلَ يَفْعَلُ ( كسر فتح ),مشترك ,0,0,1, لسان العرب ,نَزْق
5280,نَزَقَ,نزق,فَعَلَ يَفْعُلُ ( فتحُ ضمٍّ ),مشترك ,0,0,1, لسان العرب ,نُزُوق
5281,نَزَقَ,نزق,فَعَلَ يَفْعِلُ ( فتحُ كَسْرٍ ),مشترك ,0,0,1, لسان العرب ,نَزَق
5282,نَزِقَ,نزق,فَعِلَ يَفْعَلُ ( كسر فتح ),مشترك ,0,0,1, لسان العرب ,نَزْك
5283,نَزَكَ,نزك,فَعَلَ يَفْعُلُ ( فتحُ ضمٍّ ),متعدي,0,0,1, لسان العرب,نُزُول
5284,نَزَلَ,نزل,فَعَلَ يَفْعِلُ ( فتحُ كَسْرٍ ),مشترك ,0,0,1, لسان العرب,نَزَل
5285,نَزِلَ,نزل,فَعِلَ يَفْعَلُ ( كسر فتح ),لازم,0,0,1, لسان العرب,نَزْه
5286,نَزَهَ,نزه,فَعَلَ يَفْعَلُ ( فتحتان ),متعدي,0,0,1, لسان العرب,نَزَه
5287,نَزِهَ,نزه,فَعِلَ يَفْعَلُ ( كسر فتح ),لازم,0,0,1, لسان العرب,نَزَاهَة
5288,نَزُهَ,نزه,فَعُلَ يَفْعُلُ ( ضمَ ضمٍَ ),لازم,0,0,1, لسان العرب ,نَزْو
5289,نَزَا,نزو,فَعَلَ يَفْعُلُ ( فتحُ ضمٍّ ),لازم,0,0,1, لسان العرب ,نَسْأ
5290,نَسَأَ,نسء,فَعَلَ يَفْعَلُ ( فتحتان ),مشترك ,0,0,1, لسان العرب ,خَزَل
5291,خَزِلَ,خزل,فَعِلَ يَفْعَلُ ( كسر فتح ),لازم,0,0,1, لسان العرب ,نَسْب
5292,نَسَبَ,نسب,فَعَلَ يَفْعُلُ ( فتحُ ضمٍّ ),مشترك ,0,0,1, لسان العرب ,نِسْبَة
5293,نَسَبَ,نسب,فَعَلَ يَفْعِلُ ( فتحُ كَسْرٍ ),مشترك ,0,0,1, لسان العرب ,نَسْج
5294,نَسَجَ,نسج,فَعَلَ يَفْعُلُ ( فتحُ ضمٍّ ),متعدي,0,0,1, لسان العرب ,نُسُوج
5295,نَسَجَ,نسج,فَعَلَ يَفْعِلُ ( فتحُ كَسْرٍ ),مشترك ,0,0,1, لسان العرب ,نَسْح
5296,نَسَحَ,نسح,فَعَلَ يَفْعَلُ ( فتحتان ),مشترك ,0,0,1, لسان العرب,نَسَح
5297,نَسِحَ,نسح,فَعِلَ يَفْعَلُ ( كسر فتح ),لازم,0,0,1, لسان العرب ,نَسْخ
5298,نَسَخَ,نسخ,فَعَلَ يَفْعَلُ ( فتحتان ),متعدي,0,0,1, لسان العرب ,نَسْر
5299,نَسَرَ,نسر,فَعَلَ يَفْعُلُ ( فتحُ ضمٍّ ),متعدي,0,0,1, لسان العرب ,نُسُور
5300,نَسَرَ,نسر,فَعَلَ يَفْعِلُ ( فتحُ كَسْرٍ ),مشترك ,0,0,1, لسان العرب ,نَسّ
5301,نَسَّ,نسس,فَعَلَ يَفْعُلُ ( فتحُ ضمٍّ ),مشترك ,0,0,1, لسان العرب ,نَسِيس
5302,نَسَّ,نسس,فَعَلَ يَفْعِلُ ( فتحُ كَسْرٍ ),مشترك ,0,0,1, لسان العرب ,نَسْع
5303,نَسَعَ,نسع,فَعَلَ يَفْعَلُ ( فتحتان ),لازم,0,0,1, لسان العرب ,نَسْغ
5304,نَسَغَ,نسغ,فَعَلَ يَفْعَلُ ( فتحتان ),مشترك ,0,0,1, لسان العرب,نَسْف
5305,نَسَفَ,نسف,فَعَلَ يَفْعُلُ ( فتحُ ضمٍّ ),متعدي,0,0,1, لسان العرب,نُسُوف
5306,نَسَفَ,نسف,فَعَلَ يَفْعِلُ ( فتحُ كَسْرٍ ),مشترك ,0,0,1, لسان العرب,نَسْق
5307,نَسَقَ,نسق,فَعَلَ يَفْعُلُ ( فتحُ ضمٍّ ),مشترك ,0,0,1, لسان العرب,نُسُك
5308,نَسَكَ,نسك,فَعَلَ يَفْعُلُ ( فتحُ ضمٍّ ),مشترك ,0,0,1, لسان العرب,نَسَاكَة
5309,نَسُكَ,نسك,فَعُلَ يَفْعُلُ ( ضمَ ضمٍَ ),لازم,0,0,1, لسان العرب ,نَسْل
5310,نَسَلَ,نسل,فَعَلَ يَفْعُلُ ( فتحُ ضمٍّ ),مشترك ,0,0,1, لسان العرب ,نُسُول
5311,نَسَلَ,نسل,فَعَلَ يَفْعِلُ ( فتحُ كَسْرٍ ),مشترك ,0,0,1, لسان العرب ,نَسْم
5312,نَسَمَ,نسم,فَعَلَ يَفْعِلُ ( فتحُ كَسْرٍ ),مشترك ,0,0,1, لسان العرب ,نَسَم
5313,نَسِمَ,نسم,فَعِلَ يَفْعَلُ ( كسر فتح ),لازم,0,0,1, لسان العرب,نَسْو
5314,نَسَا,نسو,فَعَلَ يَفْعُلُ ( فتحُ ضمٍّ ),مشترك ,0,0,1, لسان العرب,نَسْي
5315,نَسَى,نسي,فَعَلَ يَفْعِلُ ( فتحُ كَسْرٍ ),متعدي,0,0,1, لسان العرب,نِسْيَان
5316,نَسِيَ,نسي,فَعِلَ يَفْعَلُ ( كسر فتح ),مشترك ,0,0,1, لسان العرب,خَزْم
5317,خَزَمَ,خزم,فَعَلَ يَفْعِلُ ( فتحُ كَسْرٍ ),متعدي,0,0,1, لسان العرب,نَشْأ
5318,نَشَأَ,نشء,فَعَلَ يَفْعَلُ ( فتحتان ),لازم,0,0,1, لسان العرب ,نَشَاءَة
5319,نَشُؤَ,نشء,فَعُلَ يَفْعُلُ ( ضمَ ضمٍَ ),لازم,0,0,1, لسان العرب,نَشَاءَة
5320,نَشِبَ,نشب,فَعِلَ يَفْعَلُ ( كسر فتح ),مشترك ,0,0,1, لسان العرب ,نَشَب
5321,نَشَجَ,نشج,فَعَلَ يَفْعِلُ ( فتحُ كَسْرٍ ),لازم,0,0,1, لسان العرب ,نَشِيج
5322,نَشَحَ,نشح,فَعَلَ يَفْعَلُ ( فتحتان ),مشترك ,0,0,1, لسان العرب ,نَشْح
5323,نَشَدَ,نشد,فَعَلَ يَفْعُلُ ( فتحُ ضمٍّ ),مشترك ,0,0,1, لسان العرب ,نَشْد
5324,نَشَدَ,نشد,فَعَلَ يَفْعِلُ ( فتحُ كَسْرٍ ),متعدي,0,0,1, لسان العرب,نُشُود
5325,نَشَرَ,نشر,فَعَلَ يَفْعُلُ ( فتحُ ضمٍّ ),مشترك ,0,0,1, لسان العرب,نَشْر
5326,نَشَرَ,نشر,فَعَلَ يَفْعِلُ ( فتحُ كَسْرٍ ),متعدي,0,0,1, لسان العرب,نُشُور
5327,نَشِرَ,نشر,فَعِلَ يَفْعَلُ ( كسر فتح ),لازم,0,0,1, لسان العرب,نَشَر
5328,نَشَزَ,نشز,فَعَلَ يَفْعُلُ ( فتحُ ضمٍّ ),مشترك ,0,0,1, لسان العرب,نَشْز
5329,نَشَزَ,نشز,فَعَلَ يَفْعِلُ ( فتحُ كَسْرٍ ),مشترك ,0,0,1, لسان العرب ,نُشُوز
5330,نَشَّ,نشش,فَعَلَ يَفْعُلُ ( فتحُ ضمٍّ ),متعدي,0,0,1, لسان العرب ,نَشّ
5331,نَشَّ,نشش,فَعَلَ يَفْعِلُ ( فتحُ كَسْرٍ ),لازم,0,0,1, لسان العرب ,نَشِيش
5332,نَشَصَ,نشص,فَعَلَ يَفْعُلُ ( فتحُ ضمٍّ ),مشترك ,0,0,1, لسان العرب ,نَشْص
5333,نَشَصَ,نشص,فَعَلَ يَفْعِلُ ( فتحُ كَسْرٍ ),مشترك ,0,0,1, لسان العرب,نُشُوص
5334,نَشَطَ,نشط,فَعَلَ يَفْعُلُ ( فتحُ ضمٍّ ),مشترك ,0,0,1, لسان العرب,نَشْط
5335,نَشَطَ,نشط,فَعَلَ يَفْعِلُ ( فتحُ كَسْرٍ ),مشترك ,0,0,1, لسان العرب,نُشُوط
5336,نَشِطَ,نشط,فَعِلَ يَفْعَلُ ( كسر فتح ),لازم,0,0,1, لسان العرب,نَشَط
5337,نَشَعَ,نشع,فَعَلَ يَفْعَلُ ( فتحتان ),مشترك ,0,0,1, لسان العرب,نَشْع
5338,نَشَغَ,نشغ,فَعَلَ يَفْعَلُ ( فتحتان ),لازم,0,0,1, لسان العرب ,نَشْغ
5339,نَشَفَ,نشف,فَعَلَ يَفْعُلُ ( فتحُ ضمٍّ ),مشترك ,0,0,1, لسان العرب ,نَشْف
5340,نَشَفَ,نشف,فَعَلَ يَفْعِلُ ( فتحُ كَسْرٍ ),متعدي,0,0,1, لسان العرب ,نُشُوف
5341,نَشِفَ,نشف,فَعِلَ يَفْعَلُ ( كسر فتح ),مشترك ,0,0,1, لسان العرب ,نَشَف
5342,نَشِقَ,نشق,فَعِلَ يَفْعَلُ ( كسر فتح ),مشترك ,0,0,1, لسان العرب,نَشَق
5343,نَشَلَ,نشل,فَعَلَ يَفْعُلُ ( فتحُ ضمٍّ ),مشترك ,0,0,1, لسان العرب ,نَشْل
5344,خَزَنَ,خزن,فَعَلَ يَفْعُلُ ( فتحُ ضمٍّ ),مشترك ,0,0,1, لسان العرب ,خَزْن
5345,نَشَلَ,نشل,فَعَلَ يَفْعِلُ ( فتحُ كَسْرٍ ),متعدي,0,0,1, لسان العرب ,نَشْل
5346,نَشِمَ,نشم,فَعِلَ يَفْعَلُ ( كسر فتح ),لازم,0,0,1, لسان العرب ,نَشَم
5347,نَشِيَ,نشو,فَعِلَ يَفْعَلُ ( كسر فتح ),مشترك ,0,0,1, لسان العرب ,نَشْي
5348,نَصَبَ,نصب,فَعَلَ يَفْعُلُ ( فتحُ ضمٍّ ),مشترك ,0,0,1, لسان العرب ,نَصْب
5349,نَصَبَ,نصب,فَعَلَ يَفْعِلُ ( فتحُ كَسْرٍ ),مشترك ,0,0,1, لسان العرب ,نُصُوب
5350,نَصِبَ,نصب,فَعِلَ يَفْعَلُ ( كسر فتح ),لازم,0,0,1, لسان العرب,نَصَب
5351,نَصَتَ,نصت,فَعَلَ يَفْعِلُ ( فتحُ كَسْرٍ ),لازم,0,0,1, لسان العرب,نُصُوت
5352,نَصَحَ,نصح,فَعَلَ يَفْعَلُ ( فتحتان ),مشترك ,0,0,1, لسان العرب,نَصْح
5353,نَصَرَ,نصر,فَعَلَ يَفْعُلُ ( فتحُ ضمٍّ ),متعدي,0,0,1, لسان العرب,نَصْر
5354,نَصَّ,نصص,فَعَلَ يَفْعُلُ ( فتحُ ضمٍّ ),مشترك ,0,0,1, لسان العرب,نَصّ
5355,نَصَّ,نصص,فَعَلَ يَفْعِلُ ( فتحُ كَسْرٍ ),لازم,0,0,1, لسان العرب ,نَصِيص
5356,نَصَعَ,نصع,فَعَلَ يَفْعَلُ ( فتحتان ),لازم,0,0,1, لسان العرب ,نُصُوع
5357,نَصَفَ,نصف,فَعَلَ يَفْعُلُ ( فتحُ ضمٍّ ),مشترك ,0,0,1, لسان العرب ,نَصْف
5358,نَصَلَ,نصل,فَعَلَ يَفْعُلُ ( فتحُ ضمٍّ ),مشترك ,0,0,1, لسان العرب ,نُصُول
5359,نَصَا,نصو,فَعَلَ يَفْعُلُ ( فتحُ ضمٍّ ),مشترك ,0,0,1, لسان العرب,نَصْو
5360,نَضَبَ,نضب,فَعَلَ يَفْعُلُ ( فتحُ ضمٍّ ),مشترك ,0,0,1, لسان العرب,نَضْب
5361,نَضَبَ,نضب,فَعَلَ يَفْعِلُ ( فتحُ كَسْرٍ ),مشترك ,0,0,1, لسان العرب,نُضُوب
5362,نَضِجَ,نضج,فَعِلَ يَفْعَلُ ( كسر فتح ),لازم,0,0,1, لسان العرب,نَضْج
5363,نَضَحَ,نضح,فَعَلَ يَفْعِلُ ( فتحُ كَسْرٍ ),مشترك ,0,0,1, لسان العرب,نَضْح
5364,نَضَحَ,نضح,فَعَلَ يَفْعَلُ ( فتحتان ),مشترك ,0,0,1, لسان العرب ,نُضُوح
5365,نَضَخَ,نضخ,فَعَلَ يَفْعِلُ ( فتحُ كَسْرٍ ),مشترك ,0,0,1, لسان العرب ,نَضْخ
5366,نَضَخَ,نضخ,فَعَلَ يَفْعَلُ ( فتحتان ),مشترك ,0,0,1, لسان العرب ,نُضُوخ
5367,نَضَدَ,نضد,فَعَلَ يَفْعِلُ ( فتحُ كَسْرٍ ),متعدي,0,0,1, لسان العرب ,نَضْد
5368,نَضَرَ,نضر,فَعَلَ يَفْعُلُ ( فتحُ ضمٍّ ),مشترك ,0,0,1, لسان العرب,نَضْر
5369,خَزِنَ,خزن,فَعِلَ يَفْعَلُ ( كسر فتح ),لازم,0,0,1, لسان العرب,خَزْن
5370,نَضِرَ,نضر,فَعِلَ يَفْعَلُ ( كسر فتح ),لازم,0,0,1, لسان العرب,نَضَر
5371,نَضُرَ,نضر,فَعُلَ يَفْعُلُ ( ضمَ ضمٍَ ),لازم,0,0,1, لسان العرب,نَضَارَة
5372,نَضَّ,نضض,فَعَلَ يَفْعِلُ ( فتحُ كَسْرٍ ),مشترك ,0,0,1, لسان العرب,نَضّ
5373,نَضَفَ,نضف,فَعَلَ يَفْعُلُ ( فتحُ ضمٍّ ),مشترك ,0,0,1, لسان العرب ,نَضْف
5374,نَضَفَ,نضف,فَعَلَ يَفْعِلُ ( فتحُ كَسْرٍ ),مشترك ,0,0,1, لسان العرب ,نُضُوف
5375,نَضِفَ,نضف,فَعِلَ يَفْعَلُ ( كسر فتح ),مشترك ,0,0,1, لسان العرب ,نَضَف
5376,نَضَلَ,نضل,فَعَلَ يَفْعُلُ ( فتحُ ضمٍّ ),متعدي,0,0,1, لسان العرب ,نَضْل
5377,نَضِلَ,نضل,فَعِلَ يَفْعَلُ ( كسر فتح ),لازم,0,0,1, لسان العرب ,نَضَل
5378,نَضَا,نضو,فَعَلَ يَفْعُلُ ( فتحُ ضمٍّ ),مشترك ,0,0,1, لسان العرب ,نَضْو
5379,نَضَى,نضي,فَعَلَ يَفْعِلُ ( فتحُ كَسْرٍ ),متعدي,0,0,1, لسان العرب ,نَضْي
5380,نَطَبَ,نطب,فَعَلَ يَفْعُلُ ( فتحُ ضمٍّ ),متعدي,0,0,1, لسان العرب ,نَطْب
5381,نَطَحَ,نطح,فَعَلَ يَفْعِلُ ( فتحُ كَسْرٍ ),متعدي,0,0,1, لسان العرب,نَطْح
5382,نَطَحَ,نطح,فَعَلَ يَفْعَلُ ( فتحتان ),متعدي,0,0,1, لسان العرب ,نُطُوح
5383,نَطَرَ,نطر,فَعَلَ يَفْعُلُ ( فتحُ ضمٍّ ),متعدي,0,0,1, لسان العرب,نَطْر
5384,نَطِسَ,نطس,فَعِلَ يَفْعَلُ ( كسر فتح ),لازم,0,0,1, لسان العرب ,نَطَس
5385,نَطَّ,نطط,فَعَلَ يَفْعُلُ ( فتحُ ضمٍّ ),متعدي,0,0,1, لسان العرب ,نَطّ
5386,نَطَّ,نطط,فَعَلَ يَفْعِلُ ( فتحُ كَسْرٍ ),لازم,0,0,1, لسان العرب ,نَطِيط
5387,نَطَعَ,نطع,فَعَلَ يَفْعَلُ ( فتحتان ),متعدي,0,0,1, لسان العرب,نَطْع
5388,نَطَفَ,نطف,فَعَلَ يَفْعُلُ ( فتحُ ضمٍّ ),مشترك ,0,0,1, لسان العرب ,نَطْف
5389,نَطَفَ,نطف,فَعَلَ يَفْعِلُ ( فتحُ كَسْرٍ ),مشترك ,0,0,1, لسان العرب ,نُطُوف
5390,نَطِفَ,نطف,فَعِلَ يَفْعَلُ ( كسر فتح ),لازم,0,0,1, لسان العرب ,نَطَف
5391,نَطَقَ,نطق,فَعَلَ يَفْعِلُ ( فتحُ كَسْرٍ ),لازم,0,0,1, لسان العرب,نُطُوق
5392,نَطُقَ,نطق,فَعُلَ يَفْعُلُ ( ضمَ ضمٍَ ),لازم,0,0,1, لسان العرب,نَطَاقَة
5393,نَطَلَ,نطل,فَعَلَ يَفْعُلُ ( فتحُ ضمٍّ ),متعدي,0,0,1, لسان العرب,نَطْل
5394,نَطَا,نطو,فَعَلَ يَفْعُلُ ( فتحُ ضمٍّ ),مشترك ,0,0,1, لسان العرب ,نَطْو
5395,نَظَرَ,نظر,فَعَلَ يَفْعُلُ ( فتحُ ضمٍّ ),مشترك ,0,0,1, لسان العرب ,نَظَر
5396,نَظُفَ,نظف,فَعُلَ يَفْعُلُ ( ضمَ ضمٍَ ),لازم,0,0,1, لسان العرب ,نَظَافَة
5397,نَظَمَ,نظم,فَعَلَ يَفْعِلُ ( فتحُ كَسْرٍ ),مشترك ,0,0,1, لسان العرب ,نَظْم
5398,خَزُنَ,خزن,فَعُلَ يَفْعُلُ ( ضمَ ضمٍَ ),لازم,0,0,1, لسان العرب,خَزْن
5399,نَعَبَ,نعب,فَعَلَ يَفْعِلُ ( فتحُ كَسْرٍ ),لازم,0,0,1, لسان العرب,نَعْب
5400,نَعَبَ,نعب,فَعَلَ يَفْعَلُ ( فتحتان ),لازم,0,0,1, لسان العرب,نَعِيب
5401,نَعَتَ,نعت,فَعَلَ يَفْعَلُ ( فتحتان ),متعدي,0,0,1, لسان العرب,نَعْت
5402,نَعِتَ,نعت,فَعِلَ يَفْعَلُ ( كسر فتح ),لازم,0,0,1, لسان العرب,نَعَت
5403,نَعُتَ,نعت,فَعُلَ يَفْعُلُ ( ضمَ ضمٍَ ),لازم,0,0,1, لسان العرب ,نَعَاتَة
5404,نَعَثَ,نعث,فَعَلَ يَفْعَلُ ( فتحتان ),متعدي,0,0,1, لسان العرب,نَعْث
5405,نَعَجَ,نعج,فَعَلَ يَفْعُلُ ( فتحُ ضمٍّ ),لازم,0,0,1, لسان العرب ,نَعْج
5406,نَعِجَ,نعج,فَعِلَ يَفْعَلُ ( كسر فتح ),لازم,0,0,1, لسان العرب ,نَعَج
5407,نَعَرَ,نعر,فَعَلَ يَفْعِلُ ( فتحُ كَسْرٍ ),لازم,0,0,1, لسان العرب ,نَعْر
5408,نَعَرَ,نعر,فَعَلَ يَفْعَلُ ( فتحتان ),مشترك ,0,0,1, لسان العرب ,نُعَار
5409,نَعِرَ,نعر,فَعِلَ يَفْعَلُ ( كسر فتح ),لازم,0,0,1, لسان العرب,نَعَر
5410,نَعَسَ,نعس,فَعَلَ يَفْعُلُ ( فتحُ ضمٍّ ),لازم,0,0,1, لسان العرب,نَعْس
5411,نَعَسَ,نعس,فَعَلَ يَفْعَلُ ( فتحتان ),لازم,0,0,1, لسان العرب,نُعَاس
5412,نَعَشَ,نعش,فَعَلَ يَفْعَلُ ( فتحتان ),مشترك ,0,0,1, لسان العرب,نَعْش
5413,نَعَصَ,نعص,فَعَلَ يَفْعَلُ ( فتحتان ),متعدي,0,0,1, لسان العرب,نَعْص
5414,نَعَضَ,نعض,فَعَلَ يَفْعَلُ ( فتحتان ),مشترك ,0,0,1, لسان العرب ,نَعْض
5415,نَعَظَ,نعظ,فَعَلَ يَفْعَلُ ( فتحتان ),لازم,0,0,1, لسان العرب ,نَعْظ
5416,نَعَّ,نعع,فَعَلَ يَفْعِلُ ( فتحُ كَسْرٍ ),لازم,0,0,1, لسان العرب ,نَعّ
5417,نَعَقَ,نعق,فَعَلَ يَفْعِلُ ( فتحُ كَسْرٍ ),لازم,0,0,1, لسان العرب ,نَعْق
5418,نَعَقَ,نعق,فَعَلَ يَفْعَلُ ( فتحتان ),لازم,0,0,1, لسان العرب,نَعِيق
5419,نَعَلَ,نعل,فَعَلَ يَفْعَلُ ( فتحتان ),متعدي,0,0,1, لسان العرب,نَعْل
5420,نَعِلَ,نعل,فَعِلَ يَفْعَلُ ( كسر فتح ),لازم,0,0,1, لسان العرب,نَعْم
5421,نَعَمَ,نعم,فَعَلَ يَفْعُلُ ( فتحُ ضمٍّ ),مشترك ,0,0,1, لسان العرب,نَعَم
5422,نَعَمَ,نعم,فَعَلَ يَفْعِلُ ( فتحُ كَسْرٍ ),مشترك ,0,0,1, لسان العرب,نِعْمَة
5423,نَعِمَ,نعم,فَعِلَ يَفْعَلُ ( كسر فتح ),مشترك ,0,0,1, لسان العرب ,نَعَامَة
5424,نَعُمَ,نعم,فَعُلَ يَفْعُلُ ( ضمَ ضمٍَ ),لازم,0,0,1, لسان العرب ,نَعْو
5425,نَعَا,نعو,فَعَلَ يَفْعُلُ ( فتحُ ضمٍّ ),لازم,0,0,1, لسان العرب ,خَزَا
5426,خَزَا,خزو,فَعَلَ يَفْعُلُ ( فتحُ ضمٍّ ),متعدي,0,0,1, لسان العرب ,نَعْي
5427,نَعَى,نعي,فَعَلَ يَفْعَلُ ( فتحتان ),مشترك ,0,0,1, لسان العرب ,نَغْب
5428,نَغَبَ,نغب,فَعَلَ يَفْعُلُ ( فتحُ ضمٍّ ),مشترك ,0,0,1, لسان العرب ,نَغَب
5429,نَغَبَ,نغب,فَعَلَ يَفْعِلُ ( فتحُ كَسْرٍ ),مشترك ,0,0,1, لسان العرب ,نُغُوب
5430,نَغَبَ,نغب,فَعَلَ يَفْعَلُ ( فتحتان ),مشترك ,0,0,1, لسان العرب ,نَغْت
5431,نَغَتَ,نغت,فَعَلَ يَفْعَلُ ( فتحتان ),مشترك ,0,0,1, لسان العرب,نَغْر
5432,نَغَرَ,نغر,فَعَلَ يَفْعِلُ ( فتحُ كَسْرٍ ),مشترك ,0,0,1, لسان العرب ,نُغُور
5433,نَغَرَ,نغر,فَعَلَ يَفْعَلُ ( فتحتان ),لازم,0,0,1, لسان العرب,نَغَر
5434,نَغِرَ,نغر,فَعِلَ يَفْعَلُ ( كسر فتح ),مشترك ,0,0,1, لسان العرب ,نَغْز
5435,نَغَزَ,نغز,فَعَلَ يَفْعَلُ ( فتحتان ),مشترك ,0,0,1, لسان العرب ,نَغْش
5436,نَغَشَ,نغش,فَعَلَ يَفْعَلُ ( فتحتان ),لازم,0,0,1, لسان العرب ,نَغْص
5437,نَغَصَ,نغص,فَعَلَ يَفْعَلُ ( فتحتان ),مشترك ,0,0,1, لسان العرب,نَغَص
5438,نَغِصَ,نغص,فَعِلَ يَفْعَلُ ( كسر فتح ),لازم,0,0,1, لسان العرب ,نَغْض
5439,نَغَضَ,نغض,فَعَلَ يَفْعُلُ ( فتحُ ضمٍّ ),مشترك ,0,0,1, لسان العرب ,نُغُوض
5440,نَغَضَ,نغض,فَعَلَ يَفْعِلُ ( فتحُ كَسْرٍ ),مشترك ,0,0,1, لسان العرب ,نَغَف
5441,نَغِفَ,نغف,فَعِلَ يَفْعَلُ ( كسر فتح ),لازم,0,0,1, لسان العرب,نَغْق
5442,نَغَقَ,نغق,فَعَلَ يَفْعِلُ ( فتحُ كَسْرٍ ),لازم,0,0,1, لسان العرب ,نَغِيق
5443,نَغَقَ,نغق,فَعَلَ يَفْعَلُ ( فتحتان ),لازم,0,0,1, لسان العرب ,نَغَل
5444,نَغِلَ,نغل,فَعِلَ يَفْعَلُ ( كسر فتح ),لازم,0,0,1, لسان العرب ,نُغُولَة
5445,نَغُلَ,نغل,فَعُلَ يَفْعُلُ ( ضمَ ضمٍَ ),لازم,0,0,1, لسان العرب ,نَغْم
5446,نَغَمَ,نغم,فَعَلَ يَفْعُلُ ( فتحُ ضمٍّ ),لازم,0,0,1, لسان العرب,نَغَم
5447,نَغَمَ,نغم,فَعَلَ يَفْعِلُ ( فتحُ كَسْرٍ ),لازم,0,0,1, لسان العرب,نَغِيم
5448,نَغَمَ,نغم,فَعَلَ يَفْعَلُ ( فتحتان ),لازم,0,0,1, لسان العرب,نَغْي
5449,نَغَى,نغي,فَعَلَ يَفْعِلُ ( فتحُ كَسْرٍ ),لازم,0,0,1, لسان العرب,نَفْت
5450,نَفَتَ,نفت,فَعَلَ يَفْعِلُ ( فتحُ كَسْرٍ ),لازم,0,0,1, لسان العرب,نَفْث
5451,نَفَثَ,نفث,فَعَلَ يَفْعُلُ ( فتحُ ضمٍّ ),مشترك ,0,0,1, لسان العرب ,نَفِيث
5452,نَفَثَ,نفث,فَعَلَ يَفْعِلُ ( فتحُ كَسْرٍ ),مشترك ,0,0,1, لسان العرب ,نَفْج
5453,نَفَجَ,نفج,فَعَلَ يَفْعُلُ ( فتحُ ضمٍّ ),مشترك ,0,0,1, لسان العرب ,نُفُوج
5454,نَفَجَ,نفج,فَعَلَ يَفْعِلُ ( فتحُ كَسْرٍ ),مشترك ,0,0,1, لسان العرب ,خَزِي
5455,خَزِيَ,خزي,فَعِلَ يَفْعَلُ ( كسر فتح ),مشترك ,0,0,1, لسان العرب,نَفْح
5456,نَفَحَ,نفح,فَعَلَ يَفْعَلُ ( فتحتان ),مشترك ,0,0,1, لسان العرب,نَفْخ
5457,نَفَخَ,نفخ,فَعَلَ يَفْعُلُ ( فتحُ ضمٍّ ),مشترك ,0,0,1, لسان العرب,نَفَخ
5458,نَفِخَ,نفخ,فَعِلَ يَفْعَلُ ( كسر فتح ),لازم,0,0,1, لسان العرب,نَفَد
5459,نَفِدَ,نفد,فَعِلَ يَفْعَلُ ( كسر فتح ),لازم,0,0,1, لسان العرب,نُفُوذ
5460,نَفَذَ,نفذ,فَعَلَ يَفْعُلُ ( فتحُ ضمٍّ ),مشترك ,0,0,1, لسان العرب ,نَفْر
5461,نَفَرَ,نفر,فَعَلَ يَفْعُلُ ( فتحُ ضمٍّ ),مشترك ,0,0,1, لسان العرب ,نُفُور
5462,نَفَرَ,نفر,فَعَلَ يَفْعِلُ ( فتحُ كَسْرٍ ),مشترك ,0,0,1, لسان العرب ,نَفْز
5463,نَفَزَ,نفز,فَعَلَ يَفْعِلُ ( فتحُ كَسْرٍ ),لازم,0,0,1, لسان العرب ,نَفْس
5464,نَفَسَ,نفس,فَعَلَ يَفْعُلُ ( فتحُ ضمٍّ ),متعدي,0,0,1, لسان العرب ,نَفَاسَة
5465,نَفِسَ,نفس,فَعِلَ يَفْعَلُ ( كسر فتح ),مشترك ,0,0,1, لسان العرب ,نَفَاسَة
5466,نَفُسَ,نفس,فَعُلَ يَفْعُلُ ( ضمَ ضمٍَ ),لازم,0,0,1, لسان العرب ,نَفْش
5467,نَفَشَ,نفش,فَعَلَ يَفْعُلُ ( فتحُ ضمٍّ ),مشترك ,0,0,1, لسان العرب ,نُفُوش
5468,نَفَشَ,نفش,فَعَلَ يَفْعِلُ ( فتحُ كَسْرٍ ),مشترك ,0,0,1, لسان العرب,نَفَش
5469,نَفِشَ,نفش,فَعِلَ يَفْعَلُ ( كسر فتح ),لازم,0,0,1, لسان العرب ,نَفْص
5470,نَفَصَ,نفص,فَعَلَ يَفْعِلُ ( فتحُ كَسْرٍ ),مشترك ,0,0,1, لسان العرب,نَفْض
5471,نَفَضَ,نفض,فَعَلَ يَفْعُلُ ( فتحُ ضمٍّ ),مشترك ,0,0,1, لسان العرب ,نَفْط
5472,نَفَطَ,نفط,فَعَلَ يَفْعِلُ ( فتحُ كَسْرٍ ),لازم,0,0,1, لسان العرب ,نَفَط
5473,نَفِطَ,نفط,فَعِلَ يَفْعَلُ ( كسر فتح ),لازم,0,0,1, لسان العرب ,نَفْع
5474,نَفَعَ,نفع,فَعَلَ يَفْعَلُ ( فتحتان ),متعدي,0,0,1, لسان العرب,نَفْغ
5475,نَفَغَ,نفغ,فَعَلَ يَفْعَلُ ( فتحتان ),لازم,0,0,1, لسان العرب ,نَفَغ
5476,نَفِغَ,نفغ,فَعِلَ يَفْعَلُ ( كسر فتح ),لازم,0,0,1, لسان العرب ,نَفّ
5477,نَفَّ,نفف,فَعَلَ يَفْعُلُ ( فتحُ ضمٍّ ),متعدي,0,0,1, لسان العرب ,نُفُوق
5478,نَفَقَ,نفق,فَعَلَ يَفْعُلُ ( فتحُ ضمٍّ ),لازم,0,0,1, لسان العرب,نَفْل
5479,نَفَلَ,نفل,فَعَلَ يَفْعُلُ ( فتحُ ضمٍّ ),مشترك ,0,0,1, لسان العرب ,نَفْه
5480,نَفَهَ,نفه,فَعَلَ يَفْعَلُ ( فتحتان ),لازم,0,0,1, لسان العرب ,نَفَه
5481,نَفِهَ,نفه,فَعِلَ يَفْعَلُ ( كسر فتح ),لازم,0,0,1, لسان العرب ,خَسْأ
5482,خَسَأَ,خسء,فَعَلَ يَفْعَلُ ( فتحتان ),مشترك ,0,0,1, لسان العرب ,نَفْي
5483,نَفَى,نفي,فَعَلَ يَفْعِلُ ( فتحُ كَسْرٍ ),مشترك ,0,0,1, لسان العرب,نَقْب
5484,نَقَبَ,نقب,فَعَلَ يَفْعُلُ ( فتحُ ضمٍّ ),مشترك ,0,0,1, لسان العرب,نَقَب
5485,نَقِبَ,نقب,فَعِلَ يَفْعَلُ ( كسر فتح ),لازم,0,0,1, لسان العرب,نَقَابَة
5486,نَقُبَ,نقب,فَعُلَ يَفْعُلُ ( ضمَ ضمٍَ ),لازم,0,0,1, لسان العرب,نَقْث
5487,نَقَثَ,نقث,فَعَلَ يَفْعُلُ ( فتحُ ضمٍّ ),مشترك ,0,0,1, لسان العرب,نَقْح
5488,نَقَحَ,نقح,فَعَلَ يَفْعَلُ ( فتحتان ),متعدي,0,0,1, لسان العرب ,نَقْخ
5489,نَقَخَ,نقخ,فَعَلَ يَفْعَلُ ( فتحتان ),متعدي,0,0,1, لسان العرب ,نَقْد
5490,نَقَدَ,نقد,فَعَلَ يَفْعُلُ ( فتحُ ضمٍّ ),مشترك ,0,0,1, لسان العرب ,نَقَد
5491,نَقِدَ,نقد,فَعِلَ يَفْعَلُ ( كسر فتح ),لازم,0,0,1, لسان العرب ,نَقْذ
5492,نَقَذَ,نقذ,فَعَلَ يَفْعُلُ ( فتحُ ضمٍّ ),مشترك ,0,0,1, لسان العرب,نَقَذ
5493,نَقِذَ,نقذ,فَعِلَ يَفْعَلُ ( كسر فتح ),لازم,0,0,1, لسان العرب,نَقْر
5494,نَقَرَ,نقر,فَعَلَ يَفْعُلُ ( فتحُ ضمٍّ ),مشترك ,0,0,1, لسان العرب,نَقَر
5495,نَقِرَ,نقر,فَعِلَ يَفْعَلُ ( كسر فتح ),لازم,0,0,1, لسان العرب,نَقْز
5496,نَقَزَ,نقز,فَعَلَ يَفْعُلُ ( فتحُ ضمٍّ ),مشترك ,0,0,1, لسان العرب,نُقُوز
5497,نَقَزَ,نقز,فَعَلَ يَفْعِلُ ( فتحُ كَسْرٍ ),مشترك ,0,0,1, لسان العرب ,نَقْس
5498,نَقَسَ,نقس,فَعَلَ يَفْعُلُ ( فتحُ ضمٍّ ),مشترك ,0,0,1, لسان العرب ,نَقَس
5499,نَقِسَ,نقس,فَعِلَ يَفْعَلُ ( كسر فتح ),متعدي,0,0,1, لسان العرب ,نَقْش
5500,نَقَشَ,نقش,فَعَلَ يَفْعُلُ ( فتحُ ضمٍّ ),مشترك ,0,0,1, لسان العرب ,نَقْص
5501,نَقَصَ,نقص,فَعَلَ يَفْعُلُ ( فتحُ ضمٍّ ),مشترك ,0,0,1, لسان العرب ,نُقُوصَة
5502,نَقُصَ,نقص,فَعُلَ يَفْعُلُ ( ضمَ ضمٍَ ),لازم,0,0,1, لسان العرب ,نَقْض
5503,نَقَضَ,نقض,فَعَلَ يَفْعُلُ ( فتحُ ضمٍّ ),مشترك ,0,0,1, لسان العرب ,نُقُوض
5504,نَقَضَ,نقض,فَعَلَ يَفْعِلُ ( فتحُ كَسْرٍ ),لازم,0,0,1, لسان العرب ,نَقْط
5505,نَقَطَ,نقط,فَعَلَ يَفْعُلُ ( فتحُ ضمٍّ ),مشترك ,0,0,1, لسان العرب,نَقْع
5506,نَقَعَ,نقع,فَعَلَ يَفْعَلُ ( فتحتان ),مشترك ,0,0,1, لسان العرب ,نَقْف
5507,نَقَفَ,نقف,فَعَلَ يَفْعُلُ ( فتحُ ضمٍّ ),مشترك ,0,0,1, لسان العرب,نَقّ
5508,نَقَّ,نقق,فَعَلَ يَفْعِلُ ( فتحُ كَسْرٍ ),لازم,0,0,1, لسان العرب ,نَقْل
5509,نَقَلَ,نقل,فَعَلَ يَفْعُلُ ( فتحُ ضمٍّ ),مشترك ,0,0,1, لسان العرب ,نَقَل
5510,نَقِلَ,نقل,فَعِلَ يَفْعَلُ ( كسر فتح ),لازم,0,0,1, لسان العرب ,نَقْم
5511,نَقَمَ,نقم,فَعَلَ يَفْعِلُ ( فتحُ كَسْرٍ ),مشترك ,0,0,1, لسان العرب,خَسَأ
5512,خَسِئَ,خسء,فَعِلَ يَفْعَلُ ( كسر فتح ),لازم,0,0,1, لسان العرب ,نَقَم
5513,نَقِمَ,نقم,فَعِلَ يَفْعَلُ ( كسر فتح ),متعدي,0,0,1, لسان العرب ,نَقْه
5514,نَقَهَ,نقه,فَعَلَ يَفْعَلُ ( فتحتان ),مشترك ,0,0,1, لسان العرب ,نَقَه
5515,نَقِهَ,نقه,فَعِلَ يَفْعَلُ ( كسر فتح ),مشترك ,0,0,1, لسان العرب,نَقْو
5516,نَقَا,نقو,فَعَلَ يَفْعُلُ ( فتحُ ضمٍّ ),متعدي,0,0,1, لسان العرب ,نَقَى
5517,نَقِيَ,نقو,فَعِلَ يَفْعَلُ ( كسر فتح ),لازم,0,0,1, لسان العرب ,نَقْي
5518,نَقَى,نقي,فَعَلَ يَفْعِلُ ( فتحُ كَسْرٍ ),متعدي,0,0,1, لسان العرب ,نَقًى
5519,نَقِيَ,نقي,فَعِلَ يَفْعَلُ ( كسر فتح ),متعدي,0,0,1, لسان العرب ,نَقَى
5520,نَكَأَ,نكء,فَعَلَ يَفْعَلُ ( فتحتان ),مشترك ,0,0,1, لسان العرب,نَكْء
5521,نَكَبَ,نكب,فَعَلَ يَفْعُلُ ( فتحُ ضمٍّ ),مشترك ,0,0,1, لسان العرب,نَكَب
5522,نَكِبَ,نكب,فَعِلَ يَفْعَلُ ( كسر فتح ),لازم,0,0,1, لسان العرب,نَكْب
5523,نَكَتَ,نكت,فَعَلَ يَفْعُلُ ( فتحُ ضمٍّ ),مشترك ,0,0,1, لسان العرب,نَكْب
5524,نَكَثَ,نكث,فَعَلَ يَفْعُلُ ( فتحُ ضمٍّ ),متعدي,0,0,1, لسان العرب,نَكْت
5525,نَكَثَ,نكث,فَعَلَ يَفْعِلُ ( فتحُ كَسْرٍ ),متعدي,0,0,0, لسان العرب ,نَكْث
5526,نَكَحَ,نكح,فَعَلَ يَفْعِلُ ( فتحُ كَسْرٍ ),مشترك ,0,0,0, لسان العرب ,نُكُوث
5527,نَكَحَ,نكح,فَعَلَ يَفْعَلُ ( فتحتان ),مشترك ,0,0,0, لسان العرب ,نِكاح
5528,نَكَخَ,نكخ,فَعَلَ يَفْعَلُ ( فتحتان ),متعدي,0,0,0, لسان العرب ,نَكَح
5529,نَكَدَ,نكد,فَعَلَ يَفْعُلُ ( فتحُ ضمٍّ ),مشترك ,0,0,0, لسان العرب,نَكْخ
5530,نَكِدَ,نكد,فَعِلَ يَفْعَلُ ( كسر فتح ),لازم,0,0,0, لسان العرب,نَكْد
5531,نَكِرَ,نكر,فَعِلَ يَفْعَلُ ( كسر فتح ),مشترك ,0,0,0, لسان العرب,نَكَد
5532,نَكُرَ,نكر,فَعُلَ يَفْعُلُ ( ضمَ ضمٍَ ),لازم,0,0,0, لسان العرب,نَكْر
5533,نَكَزَ,نكز,فَعَلَ يَفْعُلُ ( فتحُ ضمٍّ ),مشترك ,0,0,0, لسان العرب,نَكارة
5534,نَكِزَ,نكز,فَعِلَ يَفْعَلُ ( كسر فتح ),لازم,0,0,0, لسان العرب ,نَكْز
5535,نَكَسَ,نكس,فَعَلَ يَفْعُلُ ( فتحُ ضمٍّ ),مشترك ,0,0,0, لسان العرب ,نَكَز
5536,نَكَشَ,نكش,فَعَلَ يَفْعُلُ ( فتحُ ضمٍّ ),مشترك ,0,0,0, لسان العرب ,نَكْس
5537,نَكَشَ,نكش,فَعَلَ يَفْعِلُ ( فتحُ كَسْرٍ ),مشترك ,0,0,0, لسان العرب ,نَكْش
5538,نَكَصَ,نكص,فَعَلَ يَفْعُلُ ( فتحُ ضمٍّ ),لازم,0,0,0, لسان العرب ,نُكُوش
5539,نَكَصَ,نكص,فَعَلَ يَفْعِلُ ( فتحُ كَسْرٍ ),لازم,0,0,0, لسان العرب ,نَكْص
5540,نَكَظَ,نكظ,فَعَلَ يَفْعُلُ ( فتحُ ضمٍّ ),مشترك ,0,0,0, لسان العرب ,نُكُوص
5541,خَسَرَ,خسر,فَعَلَ يَفْعِلُ ( فتحُ كَسْرٍ ),مشترك ,0,0,0, لسان العرب ,نَظْخ
5542,نَكِظَ,نكظ,فَعِلَ يَفْعَلُ ( كسر فتح ),لازم,0,0,0, لسان العرب,نَكْظ
5543,نَكَعَ,نكع,فَعَلَ يَفْعَلُ ( فتحتان ),مشترك ,0,0,0, لسان العرب ,نَعّ
5544,نَكِعَ,نكع,فَعِلَ يَفْعَلُ ( كسر فتح ),لازم,0,0,0, لسان العرب,نَعِيْع
5545,نَكَفَ,نكف,فَعَلَ يَفْعُلُ ( فتحُ ضمٍّ ),مشترك ,0,0,0, لسان العرب ,نَكْف
5546,نَكِفَ,نكف,فَعِلَ يَفْعَلُ ( كسر فتح ),لازم,0,0,0, لسان العرب ,نَكَف
5547,نَكَلَ,نكل,فَعَلَ يَفْعُلُ ( فتحُ ضمٍّ ),مشترك ,0,0,0, لسان العرب ,نَكْل
5548,نَكَلَ,نكل,فَعَلَ يَفْعِلُ ( فتحُ كَسْرٍ ),مشترك ,0,0,0, لسان العرب,نُكُول
5549,نَكِلَ,نكل,فَعِلَ يَفْعَلُ ( كسر فتح ),لازم,0,0,0, لسان العرب ,نَكَل
5550,نَكَهَ,نكه,فَعَلَ يَفْعِلُ ( فتحُ كَسْرٍ ),لازم,0,0,0, لسان العرب ,نَكْه
5551,نَكَهَ,نكه,فَعَلَ يَفْعَلُ ( فتحتان ),مشترك ,0,0,0, لسان العرب ,نُكُوه
5552,نَكِهَ,نكه,فَعِلَ يَفْعَلُ ( كسر فتح ),مشترك ,0,0,0, ,نَكَه
5553,نَكَى,نكي,فَعَلَ يَفْعِلُ ( فتحُ كَسْرٍ ),مشترك ,0,0,0, ,نَكْي
5554,نَكِيَ,نكي,فَعِلَ يَفْعَلُ ( كسر فتح ),لازم,0,0,0, ,نِكاية
5555,نَمَرَ,نمر,فَعَلَ يَفْعُلُ ( فتحُ ضمٍّ ),لازم,0,0,0, ,نَمْر
5556,نَمِرَ,نمر,فَعِلَ يَفْعَلُ ( كسر فتح ),لازم,0,0,0, ,نَمَر
5557,نَمَسَ,نمس,فَعَلَ يَفْعِلُ ( فتحُ كَسْرٍ ),مشترك ,0,0,0, ,نَمْس
5558,نَمِسَ,نمس,فَعِلَ يَفْعَلُ ( كسر فتح ),لازم,0,0,0, ,نَمَس
5559,نَمَشَ,نمش,فَعَلَ يَفْعُلُ ( فتحُ ضمٍّ ),مشترك ,0,0,0, ,نَمْش
5560,نَمِشَ,نمش,فَعِلَ يَفْعَلُ ( كسر فتح ),لازم,0,0,0, ,نَمَش
5561,نَمَصَ,نمص,فَعَلَ يَفْعُلُ ( فتحُ ضمٍّ ),مشترك ,0,0,0, ,نَمْص
5562,نَمِصَ,نمص,فَعِلَ يَفْعَلُ ( كسر فتح ),لازم,0,0,0, ,نَمَص
5563,نَمَقَ,نمق,فَعَلَ يَفْعُلُ ( فتحُ ضمٍّ ),متعدي,0,0,0, ,نَمْق
5564,نَمَلَ,نمل,فَعَلَ يَفْعُلُ ( فتحُ ضمٍّ ),لازم,0,0,0, ,نَمْل
5565,نَمِلَ,نمل,فَعِلَ يَفْعَلُ ( كسر فتح ),لازم,0,0,0, ,نَمَل
5566,نَمَّ,نمم,فَعَلَ يَفْعُلُ ( فتحُ ضمٍّ ),مشترك ,0,0,0, ,نَمّ
5567,نَمَّ,نمم,فَعَلَ يَفْعِلُ ( فتحُ كَسْرٍ ),مشترك ,0,0,0, ,نَمِيم
5568,نَمِهَ,نمه,فَعِلَ يَفْعَلُ ( كسر فتح ),لازم,0,0,0, ,نَمَه
5569,نَمَا,نمو,فَعَلَ يَفْعُلُ ( فتحُ ضمٍّ ),مشترك ,0,0,0, ,نَمْي
5570,نَمَى,نمي,فَعَلَ يَفْعِلُ ( فتحُ كَسْرٍ ),مشترك ,0,0,0, ,نَمْي
5571,خَسِرَ,خسر,فَعِلَ يَفْعَلُ ( كسر فتح ),مشترك ,0,0,0, ,نَـأْي
5572,نَهَأَ,نهء,فَعَلَ يَفْعَلُ ( فتحتان ),مشترك ,0,0,0, ,نَهْء
5573,نَهِئَ,نهء,فَعِلَ يَفْعَلُ ( كسر فتح ),لازم,0,0,0, ,نَهِيء
5574,نَهُؤَ,نهء,فَعُلَ يَفْعُلُ ( ضمَ ضمٍَ ),لازم,0,0,0, ,نُهوء
5575,نَهَبَ,نهب,فَعَلَ يَفْعُلُ ( فتحُ ضمٍّ ),مشترك ,0,0,0, ,نَهْب
5576,نَهَبَ,نهب,فَعَلَ يَفْعَلُ ( فتحتان ),مشترك ,0,0,0, ,نَهيب
5577,نَهِبَ,نهب,فَعِلَ يَفْعَلُ ( كسر فتح ),مشترك ,0,0,0, ,نَهَب
5578,نَهَتَ,نهت,فَعَلَ يَفْعِلُ ( فتحُ كَسْرٍ ),لازم,0,0,0, ,نَهْت
5579,نَهَجَ,نهج,فَعَلَ يَفْعَلُ ( فتحتان ),لازم,0,0,0, ,نَهْج
5580,نَهِجَ,نهج,فَعِلَ يَفْعَلُ ( كسر فتح ),لازم,0,0,0, ,نُهُوج
5581,نَهُجَ,نهج,فَعُلَ يَفْعُلُ ( ضمَ ضمٍَ ),لازم,0,0,0, ,نَهَج
5582,نَهَدَ,نهد,فَعَلَ يَفْعُلُ ( فتحُ ضمٍّ ),مشترك ,0,0,0, ,نَهْد
5583,نَهَدَ,نهد,فَعَلَ يَفْعَلُ ( فتحتان ),مشترك ,0,0,0, ,نُهُود
5584,نَهُدَ,نهد,فَعُلَ يَفْعُلُ ( ضمَ ضمٍَ ),لازم,0,0,0, ,نَهَد
5585,نَهَرَ,نهر,فَعَلَ يَفْعَلُ ( فتحتان ),مشترك ,0,0,0, ,نَهْر
5586,نَهِرَ,نهر,فَعِلَ يَفْعَلُ ( كسر فتح ),لازم,0,0,0, ,نَهِير
5587,نَهَزَ,نهز,فَعَلَ يَفْعَلُ ( فتحتان ),مشترك ,0,0,0, ,نَهْز
5588,نَهَسَ,نهس,فَعَلَ يَفْعَلُ ( فتحتان ),متعدي,0,0,0, ,نَهْس
5589,نَهِسَ,نهس,فَعِلَ يَفْعَلُ ( كسر فتح ),متعدي,0,0,0, ,نَهَس
5590,نَهَشَ,نهش,فَعَلَ يَفْعِلُ ( فتحُ كَسْرٍ ),مشترك ,0,0,0, ,نَهْش
5591,نَهَشَ,نهش,فَعَلَ يَفْعَلُ ( فتحتان ),مشترك ,0,0,0, ,نُهُوش
5592,نَهَضَ,نهض,فَعَلَ يَفْعَلُ ( فتحتان ),مشترك ,0,0,0, ,نَهْض
5593,نَهَطَ,نهط,فَعَلَ يَفْعَلُ ( فتحتان ),متعدي,0,0,0, ,نَهْط
5594,نَهَفَ,نهف,فَعَلَ يَفْعَلُ ( فتحتان ),لازم,0,0,0, ,نَهْف
5595,نَهَقَ,نهق,فَعَلَ يَفْعُلُ ( فتحُ ضمٍّ ),لازم,0,0,0, ,نَهْق
5596,نَهَقَ,نهق,فَعَلَ يَفْعِلُ ( فتحُ كَسْرٍ ),لازم,0,0,0, ,نُهاق
5597,نَهَقَ,نهق,فَعَلَ يَفْعَلُ ( فتحتان ),لازم,0,0,0, ,نَهِيق
5598,نَهِقَ,نهق,فَعِلَ يَفْعَلُ ( كسر فتح ),لازم,0,0,0, ,نَهَق
5599,خَسَّ,خسس,فَعَلَ يَفْعُلُ ( فتحُ ضمٍّ ),مشترك ,0,0,0, ,نَكّ
5600,نَهَكَ,نهك,فَعَلَ يَفْعَلُ ( فتحتان ),مشترك ,0,0,0, ,نَهْك
5601,نَهِكَ,نهك,فَعِلَ يَفْعَلُ ( كسر فتح ),متعدي,0,0,0, ,نَهَك
5602,نَهُكَ,نهك,فَعُلَ يَفْعُلُ ( ضمَ ضمٍَ ),لازم,0,0,0, ,نُهُوك
5603,نَهِلَ,نهل,فَعِلَ يَفْعَلُ ( كسر فتح ),لازم,0,0,0, ,نَهْل
5604,نَهَمَ,نهم,فَعَلَ يَفْعِلُ ( فتحُ كَسْرٍ ),مشترك ,0,0,0, ,نَهْم
5605,نَهَمَ,نهم,فَعَلَ يَفْعَلُ ( فتحتان ),مشترك ,0,0,0, ,نُهُوم
5606,نَهِمَ,نهم,فَعِلَ يَفْعَلُ ( كسر فتح ),لازم,0,0,0, ,نَهَم
5607,نَهَى,نهي,فَعَلَ يَفْعَلُ ( فتحتان ),مشترك ,0,0,0, ,نَهْي
5608,نَهِيَ,نهي,فَعِلَ يَفْعَلُ ( كسر فتح ),لازم,0,0,0, ,نَهْي
5609,نَاءَ,نوء,فَعَلَ يَفْعُلُ ( فتحُ ضمٍّ ),مشترك ,0,0,0, ,ناء
5610,نَابَ,نوب,فَعَلَ يَفْعُلُ ( فتحُ ضمٍّ ),مشترك ,0,0,0, ,نَوْب
5611,نَاتَ,نوت,فَعَلَ يَفْعُلُ ( فتحُ ضمٍّ ),لازم,0,0,0, ,نَوْت
5612,نَاجَ,نوج,فَعَلَ يَفْعُلُ ( فتحُ ضمٍّ ),لازم,0,0,0, ,نَوْج
5613,نَاحَ,نوح,فَعَلَ يَفْعُلُ ( فتحُ ضمٍّ ),مشترك ,0,0,0, ,نَوْح
5614,نَادَ,نود,فَعَلَ يَفْعُلُ ( فتحُ ضمٍّ ),لازم,0,0,0, ,نَوْد
5615,نَارَ,نور,فَعَلَ يَفْعُلُ ( فتحُ ضمٍّ ),مشترك ,0,0,0, ,نَوْر
5616,نَاسَ,نوس,فَعَلَ يَفْعُلُ ( فتحُ ضمٍّ ),مشترك ,0,0,0, ,نَوْس
5617,نَاشَ,نوش,فَعَلَ يَفْعُلُ ( فتحُ ضمٍّ ),مشترك ,0,0,0, ,نَوْش
5618,نَاصَ,نوص,فَعَلَ يَفْعُلُ ( فتحُ ضمٍّ ),مشترك ,0,0,0, ,نَوْص
5619,نَاضَ,نوض,فَعَلَ يَفْعُلُ ( فتحُ ضمٍّ ),مشترك ,0,0,0, ,نَوْض
5620,نَاطَ,نوط,فَعَلَ يَفْعُلُ ( فتحُ ضمٍّ ),مشترك ,0,0,0, ,نَوْط
5621,نَاعَ,نوع,فَعَلَ يَفْعُلُ ( فتحُ ضمٍّ ),مشترك ,0,0,0, ,نَوْع
5622,نَافَ,نوف,فَعَلَ يَفْعُلُ ( فتحُ ضمٍّ ),مشترك ,0,0,0, ,نَوْف
5623,نَاقَ,نوق,فَعَلَ يَفْعُلُ ( فتحُ ضمٍّ ),متعدي,0,0,0, ,نَوْق
5624,نَوِقَ,نوق,فَعِلَ يَفْعَلُ ( كسر فتح ),لازم,0,0,0, ,نَوْق
5625,نَوِكَ,نوك,فَعِلَ يَفْعَلُ ( كسر فتح ),لازم,0,0,0, ,نَوْك
5626,خَسَّ,خسس,فَعَلَ يَفْعِلُ ( فتحُ كَسْرٍ ),لازم,0,0,0, ,نَكّ
5627,نَالَ,نول,فَعَلَ يَفْعُلُ ( فتحُ ضمٍّ ),مشترك ,0,0,0, ,نَوْل
5628,نَوِلَ,نول,فَعِلَ يَفْعَلُ ( كسر فتح ),لازم,0,0,0, ,نَوْل
5629,نَوِمَ,نوم,فَعِلَ يَفْعَلُ ( كسر فتح ),لازم,0,0,0, ,نَوْم
5630,نَاهَ,نوه,فَعَلَ يَفْعُلُ ( فتحُ ضمٍّ ),مشترك ,0,0,0, ,نَوْه
5631,نَوِهَ,نوه,فَعِلَ يَفْعَلُ ( كسر فتح ),لازم,0,0,0, ,نَوْه
5632,نَوَى,نوي,فَعَلَ يَفْعِلُ ( فتحُ كَسْرٍ ),مشترك ,0,0,0, ,نَوْي
5633,نَاءَ,نيء,فَعَلَ يَفْعِلُ ( فتحُ كَسْرٍ ),لازم,0,0,0, ,ناء
5634,نَابَ,نيب,فَعَلَ يَفْعِلُ ( فتحُ كَسْرٍ ),متعدي,0,0,0, ,نيْب
5635,نَاتَ,نيت,فَعَلَ يَفْعِلُ ( فتحُ كَسْرٍ ),لازم,0,0,0, ,نَيْت
5636,نَاحَ,نيح,فَعَلَ يَفْعِلُ ( فتحُ كَسْرٍ ),لازم,0,0,0, ,نَيْح
5637,نَارَ,نير,فَعَلَ يَفْعِلُ ( فتحُ كَسْرٍ ),متعدي,0,0,0, ,نَيْر
5638,نَاصَ,نيص,فَعَلَ يَفْعِلُ ( فتحُ كَسْرٍ ),لازم,0,0,0, ,نَيْص
5639,نَاضَ,نيض,فَعَلَ يَفْعِلُ ( فتحُ كَسْرٍ ),لازم,0,0,0, ,نَيْض
5640,نَاطَ,نيط,فَعَلَ يَفْعِلُ ( فتحُ كَسْرٍ ),لازم,0,0,0, ,نَيْط
5641,نَاعَ,نيع,فَعَلَ يَفْعِلُ ( فتحُ كَسْرٍ ),لازم,0,0,0, ,نَيْع
5642,نَاكَ,نيك,فَعَلَ يَفْعِلُ ( فتحُ كَسْرٍ ),متعدي,0,0,0, ,نَيْك
5643,نَالَ,نيل,فَعَلَ يَفْعِلُ ( فتحُ كَسْرٍ ),مشترك ,0,0,0, ,نَيْل
5644,نَيِلَ,نيل,فَعِلَ يَفْعَلُ ( كسر فتح ),مشترك ,0,0,0, ,نَيْل
5645,نَيِهَ,نيه,فَعِلَ يَفْعَلُ ( كسر فتح ),لازم,0,0,0, ,نَيْه
5646,هَبَّ,هبب,فَعَلَ يَفْعُلُ ( فتحُ ضمٍّ ),مشترك ,0,0,0, ,هَبّ
5647,هَبَّ,هبب,فَعَلَ يَفْعِلُ ( فتحُ كَسْرٍ ),مشترك ,0,0,0, ,هَبِيب
5648,هَبَتَ,هبت,فَعَلَ يَفْعِلُ ( فتحُ كَسْرٍ ),مشترك ,0,0,0, ,هَبْت
5649,هَبَثَ,هبث,فَعَلَ يَفْعُلُ ( فتحُ ضمٍّ ),متعدي,0,0,0, ,هَبْث
5650,هَبَجَ,هبج,فَعَلَ يَفْعِلُ ( فتحُ كَسْرٍ ),متعدي,0,0,0, ,هَبْج
5651,هَبِجَ,هبج,فَعِلَ يَفْعَلُ ( كسر فتح ),لازم,0,0,0, ,هَبَج
5652,هَبَدَ,هبد,فَعَلَ يَفْعِلُ ( فتحُ كَسْرٍ ),متعدي,0,0,0, ,هَبْد
5653,هَبَذَ,هبذ,فَعَلَ يَفْعِلُ ( فتحُ كَسْرٍ ),لازم,0,0,0, ,هَبْذ
5654,هَبَرَ,هبر,فَعَلَ يَفْعُلُ ( فتحُ ضمٍّ ),متعدي,0,0,0, ,هَبْر
5655,هَبِرَ,هبر,فَعِلَ يَفْعَلُ ( كسر فتح ),لازم,0,0,0, ,هَبَر
5656,خَسَّ,خسس,فَعِلَ يَفْعَلُ ( كسر فتح ),لازم,0,0,0, ,هَبّ
5657,هَبَزَ,هبز,فَعَلَ يَفْعِلُ ( فتحُ كَسْرٍ ),لازم,0,0,0, ,هَبْز
5658,هَبَشَ,هبش,فَعَلَ يَفْعِلُ ( فتحُ كَسْرٍ ),مشترك ,0,0,0, ,هَبْش
5659,هَبِشَ,هبش,فَعِلَ يَفْعَلُ ( كسر فتح ),لازم,0,0,0, ,هَبَش
5660,هَبَصَ,هبص,فَعَلَ يَفْعِلُ ( فتحُ كَسْرٍ ),لازم,0,0,0, ,هَبْص
5661,هَبِصَ,هبص,فَعِلَ يَفْعَلُ ( كسر فتح ),لازم,0,0,0, ,هَبَص
5662,هَبَطَ,هبط,فَعَلَ يَفْعُلُ ( فتحُ ضمٍّ ),مشترك ,0,0,0, ,هَبْط
5663,هَبَطَ,هبط,فَعَلَ يَفْعِلُ ( فتحُ كَسْرٍ ),مشترك ,0,0,0, ,هُبُوط
5664,هَبَعَ,هبع,فَعَلَ يَفْعِلُ ( فتحُ كَسْرٍ ),لازم,0,0,0, ,هَبْع
5665,هَبَعَ,هبع,فَعَلَ يَفْعَلُ ( فتحتان ),لازم,0,0,0, ,هُبُوع
5666,هَبَغَ,هبغ,فَعَلَ يَفْعَلُ ( فتحتان ),لازم,0,0,0, ,هَبْغ
5667,هَبِلَ,هبل,فَعِلَ يَفْعَلُ ( كسر فتح ),مشترك ,0,0,0, ,هَبْل
5668,هَبُلَ,هبل,فَعُلَ يَفْعُلُ ( ضمَ ضمٍَ ),لازم,0,0,0, ,هَبَل
5669,هَبَا,هبو,فَعَلَ يَفْعُلُ ( فتحُ ضمٍّ ),لازم,0,0,0, ,هَبْي
5670,هَتَأَ,هتء,فَعَلَ يَفْعَلُ ( فتحتان ),متعدي,0,0,0, ,هَتْء
5671,هَتِئَ,هتء,فَعِلَ يَفْعَلُ ( كسر فتح ),لازم,0,0,0, ,هَتِيء
5672,هَتَّ,هتت,فَعَلَ يَفْعُلُ ( فتحُ ضمٍّ ),لازم,0,0,0, ,هَتّ
5673,هَتَّ,هتت,فَعَلَ يَفْعِلُ ( فتحُ كَسْرٍ ),متعدي,0,0,0, ,هَتِيت
5674,هَتَرَ,هتر,فَعَلَ يَفْعِلُ ( فتحُ كَسْرٍ ),مشترك ,0,0,0, ,هَتْر
5675,هَتَشَ,هتش,فَعَلَ يَفْعِلُ ( فتحُ كَسْرٍ ),متعدي,0,0,0, ,هَتْش
5676,هَتَعَ,هتع,فَعَلَ يَفْعَلُ ( فتحتان ),لازم,0,0,0, ,هَتْع
5677,هَتَفَ,هتف,فَعَلَ يَفْعِلُ ( فتحُ كَسْرٍ ),مشترك ,0,0,0, ,هَتْف
5678,هَتَكَ,هتك,فَعَلَ يَفْعِلُ ( فتحُ كَسْرٍ ),متعدي,0,0,0, ,هَتْك
5679,هَتَلَ,هتل,فَعَلَ يَفْعِلُ ( فتحُ كَسْرٍ ),لازم,0,0,0, ,هَتْل
5680,هَتَمَ,هتم,فَعَلَ يَفْعِلُ ( فتحُ كَسْرٍ ),متعدي,0,0,0, ,هَتْم
5681,هَتِمَ,هتم,فَعِلَ يَفْعَلُ ( كسر فتح ),لازم,0,0,0, ,هَتَم
5682,هَتَنَ,هتن,فَعَلَ يَفْعِلُ ( فتحُ كَسْرٍ ),لازم,0,0,0, ,هَتْن
5683,هَتَا,هتو,فَعَلَ يَفْعُلُ ( فتحُ ضمٍّ ),متعدي,0,0,0, ,هَتْي
5684,هَثَّ,هثث,فَعَلَ يَفْعُلُ ( فتحُ ضمٍّ ),مشترك ,0,0,0, ,هَثّ
5685,هَثَمَ,هثم,فَعَلَ يَفْعِلُ ( فتحُ كَسْرٍ ),مشترك ,0,0,0, ,هَثْم
5686,هَثَى,هثي,فَعَلَ يَفْعِلُ ( فتحُ كَسْرٍ ),مشترك ,0,0,0, ,هَثْي
5687,هَجَأَ,هجء,فَعَلَ يَفْعَلُ ( فتحتان ),مشترك ,0,0,0, ,هَجْء
5688,خَسَفَ,خسف,فَعَلَ يَفْعِلُ ( فتحُ كَسْرٍ ),مشترك ,0,0,0, ,خَسْف
5689,هَجِئَ,هجء,فَعِلَ يَفْعَلُ ( كسر فتح ),لازم,0,0,0, ,هَجْء
5690,هَجَبَ,هجب,فَعَلَ يَفْعِلُ ( فتحُ كَسْرٍ ),مشترك ,0,0,0, ,هَجْب
5691,هَجَّ,هجج,فَعَلَ يَفْعُلُ ( فتحُ ضمٍّ ),مشترك ,0,0,0, ,هَجّ
5692,هَجَّ,هجج,فَعَلَ يَفْعِلُ ( فتحُ كَسْرٍ ),لازم,0,0,0, ,هَجِيج
5693,هَجَدَ,هجد,فَعَلَ يَفْعُلُ ( فتحُ ضمٍّ ),لازم,0,0,0, ,هَجْد
5694,هَجَرَ,هجر,فَعَلَ يَفْعُلُ ( فتحُ ضمٍّ ),مشترك ,0,0,0, ,هَجْر
5695,هَجَسَ,هجس,فَعَلَ يَفْعِلُ ( فتحُ كَسْرٍ ),مشترك ,0,0,0, ,هَجْس
5696,هَجَشَ,هجش,فَعَلَ يَفْعُلُ ( فتحُ ضمٍّ ),مشترك ,0,0,0, ,هَجْش
5697,هَجَعَ,هجع,فَعَلَ يَفْعَلُ ( فتحتان ),مشترك ,0,0,0, ,هَجْع
5698,هَجَفَ,هجف,فَعَلَ يَفْعُلُ ( فتحُ ضمٍّ ),لازم,0,0,0, ,هَجْف
5699,هَجَفَ,هجف,فَعَلَ يَفْعِلُ ( فتحُ كَسْرٍ ),لازم,0,0,0, ,هُجُوف
5700,هَجِفَ,هجف,فَعِلَ يَفْعَلُ ( كسر فتح ),لازم,0,0,0, ,هَجَف
5701,هَجَلَ,هجل,فَعَلَ يَفْعُلُ ( فتحُ ضمٍّ ),لازم,0,0,0, ,هَجْل
5702,هَجَمَ,هجم,فَعَلَ يَفْعُلُ ( فتحُ ضمٍّ ),مشترك ,0,0,0, ,هَجْم
5703,هَجَمَ,هجم,فَعَلَ يَفْعِلُ ( فتحُ كَسْرٍ ),مشترك ,0,0,0, ,هُجُوم
5704,هَجَنَ,هجن,فَعَلَ يَفْعُلُ ( فتحُ ضمٍّ ),لازم,0,0,0, ,هَجْن
5705,هَجَنَ,هجن,فَعَلَ يَفْعِلُ ( فتحُ كَسْرٍ ),لازم,0,0,0, ,هُجُون
5706,هَجُنَ,هجن,فَعُلَ يَفْعُلُ ( ضمَ ضمٍَ ),لازم,0,0,0, ,هَجَن
5707,هَجَا,هجو,فَعَلَ يَفْعُلُ ( فتحُ ضمٍّ ),متعدي,0,0,0, ,هَجْي
5708,هَجُوَ,هجو,فَعُلَ يَفْعُلُ ( ضمَ ضمٍَ ),لازم,0,0,0, ,هَجْو
5709,هَجِيَ,هجي,فَعِلَ يَفْعَلُ ( كسر فتح ),لازم,0,0,0, ,هَجْي
5710,هَدَأَ,هدء,فَعَلَ يَفْعَلُ ( فتحتان ),لازم,0,0,0, ,هَدْء
5711,هَدِئَ,هدء,فَعِلَ يَفْعَلُ ( كسر فتح ),لازم,0,0,0, ,هَدِيء
5712,هَدَبَ,هدب,فَعَلَ يَفْعِلُ ( فتحُ كَسْرٍ ),متعدي,0,0,0, ,هَدْب
5713,هَدِبَ,هدب,فَعِلَ يَفْعَلُ ( كسر فتح ),لازم,0,0,0, ,هَدَب
5714,هَدَجَ,هدج,فَعَلَ يَفْعِلُ ( فتحُ كَسْرٍ ),لازم,0,0,0, ,هَدَج
5715,هَدَّ,هدد,فَعَلَ يَفْعُلُ ( فتحُ ضمٍّ ),مشترك ,0,0,0, ,هَدّ
5716,هَدَّ,هدد,فَعَلَ يَفْعِلُ ( فتحُ كَسْرٍ ),مشترك ,0,0,0, ,هَدِيد
5717,هَدَّ,هدد,فَعِلَ يَفْعَلُ ( كسر فتح ),مشترك ,0,0,0, ,هَدّ
5718,خَسَقَ,خسق,فَعَلَ يَفْعِلُ ( فتحُ كَسْرٍ ),مشترك ,0,0,0, ,هَدْق
5719,هَدَرَ,هدر,فَعَلَ يَفْعُلُ ( فتحُ ضمٍّ ),مشترك ,0,0,0, ,هَدْر
5720,هَدَرَ,هدر,فَعَلَ يَفْعِلُ ( فتحُ كَسْرٍ ),مشترك ,0,0,0, ,هَدِير
5721,هَدَغَ,هدغ,فَعَلَ يَفْعَلُ ( فتحتان ),متعدي,0,0,0, ,هَدْغ
5722,هَدَفَ,هدف,فَعَلَ يَفْعُلُ ( فتحُ ضمٍّ ),لازم,0,0,0, ,هَدْف
5723,هَدَفَ,هدف,فَعَلَ يَفْعِلُ ( فتحُ كَسْرٍ ),مشترك ,0,0,0, ,هُدُوف
5724,هَدَكَ,هدك,فَعَلَ يَفْعِلُ ( فتحُ كَسْرٍ ),مشترك ,0,0,0, ,هَدْك
5725,هَدَلَ,هدل,فَعَلَ يَفْعِلُ ( فتحُ كَسْرٍ ),مشترك ,0,0,0, ,هَدْل
5726,هَدِلَ,هدل,فَعِلَ يَفْعَلُ ( كسر فتح ),لازم,0,0,0, ,هَدَل
5727,هَدَمَ,هدم,فَعَلَ يَفْعِلُ ( فتحُ كَسْرٍ ),متعدي,0,0,0, ,هَدْم
5728,هَدِمَ,هدم,فَعِلَ يَفْعَلُ ( كسر فتح ),لازم,0,0,0, ,هَدَم
5729,هَدَنَ,هدن,فَعَلَ يَفْعِلُ ( فتحُ كَسْرٍ ),مشترك ,0,0,0, ,هَدْن
5730,هَدَى,هدي,فَعَلَ يَفْعِلُ ( فتحُ كَسْرٍ ),مشترك ,0,0,0, ,هَدْي
5731,هَذَأَ,هذء,فَعَلَ يَفْعَلُ ( فتحتان ),مشترك ,0,0,0, ,هَذْء
5732,هَذِئَ,هذء,فَعِلَ يَفْعَلُ ( كسر فتح ),لازم,0,0,0, ,هَذِيء
5733,هَذَبَ,هذب,فَعَلَ يَفْعِلُ ( فتحُ كَسْرٍ ),مشترك ,0,0,0, ,هَذْب
5734,هَذَّ,هذذ,فَعَلَ يَفْعُلُ ( فتحُ ضمٍّ ),مشترك ,0,0,0, ,هَذّ
5735,هَذَرَ,هذر,فَعَلَ يَفْعُلُ ( فتحُ ضمٍّ ),لازم,0,0,0, ,هَذْر
5736,هَذَرَ,هذر,فَعَلَ يَفْعِلُ ( فتحُ كَسْرٍ ),لازم,0,0,0, ,هَذَر
5737,هَذِرَ,هذر,فَعِلَ يَفْعَلُ ( كسر فتح ),لازم,0,0,0, ,هَذَر
5738,هَذَفَ,هذف,فَعَلَ يَفْعِلُ ( فتحُ كَسْرٍ ),لازم,0,0,0, ,هَذْف
5739,هَذَمَ,هذم,فَعَلَ يَفْعِلُ ( فتحُ كَسْرٍ ),مشترك ,0,0,0, ,هَذْم
5740,هَذَا,هذو,فَعَلَ يَفْعُلُ ( فتحُ ضمٍّ ),مشترك ,0,0,0, ,هَذْي
5741,هَذَى,هذي,فَعَلَ يَفْعِلُ ( فتحُ كَسْرٍ ),لازم,0,0,0, ,هَذْي
5742,هَرَأَ,هرء,فَعَلَ يَفْعَلُ ( فتحتان ),مشترك ,0,0,0, ,هَرْء
5743,هَرِئَ,هرء,فَعِلَ يَفْعَلُ ( كسر فتح ),لازم,0,0,0, ,هَرِيء
5744,هَرَبَ,هرب,فَعَلَ يَفْعُلُ ( فتحُ ضمٍّ ),لازم,0,0,0, ,هَرْب
5745,هَرِبَ,هرب,فَعِلَ يَفْعَلُ ( كسر فتح ),لازم,0,0,0, ,هَرَب
5746,هَرَتَ,هرت,فَعَلَ يَفْعُلُ ( فتحُ ضمٍّ ),متعدي,0,0,0, ,هَرْت
5747,هَرَتَ,هرت,فَعَلَ يَفْعِلُ ( فتحُ كَسْرٍ ),متعدي,0,0,0, ,هَرْت
5748,خَسَلَ,خسل,فَعَلَ يَفْعُلُ ( فتحُ ضمٍّ ),متعدي,0,0,0, ,هَرْس
5749,هَرِتَ,هرت,فَعِلَ يَفْعَلُ ( كسر فتح ),لازم,0,0,0, ,هَرِت
5750,هَرَجَ,هرج,فَعَلَ يَفْعُلُ ( فتحُ ضمٍّ ),مشترك ,0,0,0, ,هَرْج
5751,هَرَجَ,هرج,فَعَلَ يَفْعِلُ ( فتحُ كَسْرٍ ),مشترك ,0,0,0, ,هُرُوج
5752,هَرِجَ,هرج,فَعِلَ يَفْعَلُ ( كسر فتح ),لازم,0,0,0, ,هَرَج
5753,هَرَدَ,هرد,فَعَلَ يَفْعِلُ ( فتحُ كَسْرٍ ),مشترك ,0,0,0, ,هَرْد
5754,هَرِدَ,هرد,فَعِلَ يَفْعَلُ ( كسر فتح ),لازم,0,0,0, ,هَرَد
5755,هَرَّ,هرر,فَعَلَ يَفْعُلُ ( فتحُ ضمٍّ ),مشترك ,0,0,0, ,هَرّ
5756,هَرَّ,هرر,فَعَلَ يَفْعِلُ ( فتحُ كَسْرٍ ),مشترك ,0,0,0, ,هَرِير
5757,هَرَّ,هرر,فَعِلَ يَفْعَلُ ( كسر فتح ),لازم,0,0,0, ,هَرّ
5758,هَرِزَ,هرز,فَعِلَ يَفْعَلُ ( كسر فتح ),لازم,0,0,0, ,هَرْز
5759,هَرَسَ,هرس,فَعَلَ يَفْعُلُ ( فتحُ ضمٍّ ),مشترك ,0,0,0, ,هَرْس
5760,هَرِسَ,هرس,فَعِلَ يَفْعَلُ ( كسر فتح ),لازم,0,0,0, ,هَرَس
5761,هَرَشَ,هرش,فَعَلَ يَفْعُلُ ( فتحُ ضمٍّ ),لازم,0,0,0, ,هَرْش
5762,هَرَشَ,هرش,فَعَلَ يَفْعِلُ ( فتحُ كَسْرٍ ),لازم,0,0,0, ,هُرُوش
5763,هَرِشَ,هرش,فَعِلَ يَفْعَلُ ( كسر فتح ),لازم,0,0,0, ,هَرَش
5764,هَرِصَ,هرص,فَعِلَ يَفْعَلُ ( كسر فتح ),لازم,0,0,0, ,هَرْص
5765,هَرَضَ,هرض,فَعَلَ يَفْعُلُ ( فتحُ ضمٍّ ),متعدي,0,0,0, ,هَرْض
5766,هَرَطَ,هرط,فَعَلَ يَفْعِلُ ( فتحُ كَسْرٍ ),مشترك ,0,0,0, ,هَرْط
5767,هَرِطَ,هرط,فَعِلَ يَفْعَلُ ( كسر فتح ),لازم,0,0,0, ,هَرَط
5768,هَرِعَ,هرع,فَعِلَ يَفْعَلُ ( كسر فتح ),لازم,0,0,0, ,هَرْع
5769,هَرَفَ,هرف,فَعَلَ يَفْعِلُ ( فتحُ كَسْرٍ ),مشترك ,0,0,0, ,هَرْف
5770,هَرَقَ,هرق,فَعَلَ يَفْعَلُ ( فتحتان ),متعدي,0,0,0, ,هَرْق
5771,هَرَمَ,هرم,فَعَلَ يَفْعِلُ ( فتحُ كَسْرٍ ),لازم,0,0,0, ,هَرْم
5772,هَرِمَ,هرم,فَعِلَ يَفْعَلُ ( كسر فتح ),لازم,0,0,0, ,هَرَم
5773,هَرَا,هرو,فَعَلَ يَفْعُلُ ( فتحُ ضمٍّ ),متعدي,0,0,0, ,هَرْي
5774,هَرَى,هري,فَعَلَ يَفْعِلُ ( فتحُ كَسْرٍ ),متعدي,0,0,0, ,هَرْي
5775,هَزَأَ,هزء,فَعَلَ يَفْعَلُ ( فتحتان ),مشترك ,0,0,0, ,هَزْء
5776,هَزِئَ,هزء,فَعِلَ يَفْعَلُ ( كسر فتح ),مشترك ,0,0,0, ,هَزُؤ
5777,هَزِجَ,هزج,فَعِلَ يَفْعَلُ ( كسر فتح ),لازم,0,0,0, ,هَزَج
5778,هَزَرَ,هزر,فَعَلَ يَفْعِلُ ( فتحُ كَسْرٍ ),مشترك ,0,0,0, ,هَزْر
5779,خَشَبَ,خشب,فَعَلَ يَفْعِلُ ( فتحُ كَسْرٍ ),متعدي,0,0,0, ,خَشْب
5780,هَزَّ,هزز,فَعَلَ يَفْعِلُ ( فتحُ كَسْرٍ ),مشترك ,0,0,0, ,هَزّ
5781,هَزَعَ,هزع,فَعَلَ يَفْعَلُ ( فتحتان ),مشترك ,0,0,0, ,هَزْع
5782,هَزَفَ,هزف,فَعَلَ يَفْعِلُ ( فتحُ كَسْرٍ ),متعدي,0,0,0, ,هَزْف
5783,هَزِقَ,هزق,فَعِلَ يَفْعَلُ ( كسر فتح ),لازم,0,0,0, ,هَزَق
5784,هَزَلَ,هزل,فَعَلَ يَفْعُلُ ( فتحُ ضمٍّ ),مشترك ,0,0,0, ,هَزْل
5785,هَزَلَ,هزل,فَعَلَ يَفْعِلُ ( فتحُ كَسْرٍ ),مشترك ,0,0,0, ,هُزُول
5786,هَزِلَ,هزل,فَعِلَ يَفْعَلُ ( كسر فتح ),لازم,0,0,0, ,هَزَل
5787,هَزَمَ,هزم,فَعَلَ يَفْعِلُ ( فتحُ كَسْرٍ ),مشترك ,0,0,0, ,هَزْم
5788,هَزَا,هزو,فَعَلَ يَفْعُلُ ( فتحُ ضمٍّ ),لازم,0,0,0, ,هَزْي
5789,هَسَّ,هسس,فَعَلَ يَفْعُلُ ( فتحُ ضمٍّ ),متعدي,0,0,0, ,هَسّ
5790,هَسَّ,هسس,فَعَلَ يَفْعِلُ ( فتحُ كَسْرٍ ),مشترك ,0,0,0, ,هَسِيس
5791,هَسَعَ,هسع,فَعَلَ يَفْعَلُ ( فتحتان ),لازم,0,0,0, ,هَسْع
5792,هَشَرَ,هشر,فَعَلَ يَفْعُلُ ( فتحُ ضمٍّ ),متعدي,0,0,0, ,هَشْر
5793,هَشَّ,هشش,فَعَلَ يَفْعُلُ ( فتحُ ضمٍّ ),مشترك ,0,0,0, ,هَشّ
5794,هَشَّ,هشش,فَعَلَ يَفْعِلُ ( فتحُ كَسْرٍ ),مشترك ,0,0,0, ,هَشِيش
5795,هَشَّ,هشش,فَعِلَ يَفْعَلُ ( كسر فتح ),لازم,0,0,0, ,هَشّ
5796,هَشَمَ,هشم,فَعَلَ يَفْعِلُ ( فتحُ كَسْرٍ ),متعدي,0,0,0, ,هَشْم
5797,هَصَرَ,هصر,فَعَلَ يَفْعِلُ ( فتحُ كَسْرٍ ),مشترك ,0,0,0, ,هَصْر
5798,هَصِرَ,هصر,فَعِلَ يَفْعَلُ ( كسر فتح ),لازم,0,0,0, ,هَصَر
5799,هَصَّ,هصص,فَعَلَ يَفْعُلُ ( فتحُ ضمٍّ ),متعدي,0,0,0, ,هَصّ
5800,هَصَّ,هصص,فَعَلَ يَفْعِلُ ( فتحُ كَسْرٍ ),لازم,0,0,0, ,هَصِيص
5801,هَصَمَ,هصم,فَعَلَ يَفْعِلُ ( فتحُ كَسْرٍ ),متعدي,0,0,0, ,هَصْم
5802,هَصَا,هصو,فَعَلَ يَفْعُلُ ( فتحُ ضمٍّ ),لازم,0,0,0, ,هَصْي
5803,هَضَبَ,هضب,فَعَلَ يَفْعِلُ ( فتحُ كَسْرٍ ),مشترك ,0,0,0, ,هَضْب
5804,هَضَّ,هضض,فَعَلَ يَفْعُلُ ( فتحُ ضمٍّ ),مشترك ,0,0,0, ,هَضّ
5805,هَضَلَ,هضل,فَعَلَ يَفْعِلُ ( فتحُ كَسْرٍ ),لازم,0,0,0, ,هَضْل
5806,هَضَمَ,هضم,فَعَلَ يَفْعِلُ ( فتحُ كَسْرٍ ),مشترك ,0,0,0, ,هَضْم
5807,هَضِمَ,هضم,فَعِلَ يَفْعَلُ ( كسر فتح ),لازم,0,0,0, ,هَضَم
5808,هَطَرَ,هطر,فَعَلَ يَفْعِلُ ( فتحُ كَسْرٍ ),متعدي,0,0,0, ,هَطْر
5809,خَشَرَ,خشر,فَعَلَ يَفْعِلُ ( فتحُ كَسْرٍ ),مشترك ,0,0,0, ,خَشْر
5810,هَطَعَ,هطع,فَعَلَ يَفْعَلُ ( فتحتان ),لازم,0,0,0, ,هَطْع
5811,هَطَفَ,هطف,فَعَلَ يَفْعِلُ ( فتحُ كَسْرٍ ),لازم,0,0,0, ,هَطْف
5812,هَطَلَ,هطل,فَعَلَ يَفْعِلُ ( فتحُ كَسْرٍ ),مشترك ,0,0,0, ,هَطْل
5813,هَطَا,هطو,فَعَلَ يَفْعُلُ ( فتحُ ضمٍّ ),مشترك ,0,0,0, ,هَطْي
5814,هَفَتَ,هفت,فَعَلَ يَفْعِلُ ( فتحُ كَسْرٍ ),لازم,0,0,0, ,هَفْت
5815,هَفَّ,هفف,فَعَلَ يَفْعِلُ ( فتحُ كَسْرٍ ),لازم,0,0,0, ,هَفّ
5816,هَفَكَ,هفك,فَعَلَ يَفْعُلُ ( فتحُ ضمٍّ ),متعدي,0,0,0, ,هَفْك
5817,هَفَكَ,هفك,فَعَلَ يَفْعِلُ ( فتحُ كَسْرٍ ),متعدي,0,0,0, ,هُفُوك
5818,هَفَا,هفو,فَعَلَ يَفْعُلُ ( فتحُ ضمٍّ ),لازم,0,0,0, ,هَفْي
5819,هَقَعَ,هقع,فَعَلَ يَفْعَلُ ( فتحتان ),مشترك ,0,0,0, , 
5820,هَقِعَ,هقع,فَعِلَ يَفْعَلُ ( كسر فتح ),لازم,0,0,0, , 
5821,هَقِفَ,هقف,فَعِلَ يَفْعَلُ ( كسر فتح ),لازم,0,0,0, , 
5822,هَقَّ,هقق,فَعَلَ يَفْعُلُ ( فتحُ ضمٍّ ),مشترك ,0,0,0, , 
5823,هَقِمَ,هقم,فَعِلَ يَفْعَلُ ( كسر فتح ),لازم,0,0,0, , 
5824,هَقَى,هقي,فَعَلَ يَفْعِلُ ( فتحُ كَسْرٍ ),مشترك ,0,0,0, , 
5825,هَكَبَ,هكب,فَعَلَ يَفْعُلُ ( فتحُ ضمٍّ ),متعدي,0,0,0, , 
5826,هَكَرَ,هكر,فَعَلَ يَفْعِلُ ( فتحُ كَسْرٍ ),لازم,0,0,0, , 
5827,هَكِرَ,هكر,فَعِلَ يَفْعَلُ ( كسر فتح ),لازم,0,0,0, , 
5828,هَكَعَ,هكع,فَعَلَ يَفْعَلُ ( فتحتان ),لازم,0,0,0, , 
5829,هَكِعَ,هكع,فَعِلَ يَفْعَلُ ( كسر فتح ),لازم,0,0,0, , 
5830,هَكَّ,هكك,فَعَلَ يَفْعُلُ ( فتحُ ضمٍّ ),مشترك ,0,0,0, , 
5831,هَلَبَ,هلب,فَعَلَ يَفْعِلُ ( فتحُ كَسْرٍ ),متعدي,0,0,0, , 
5832,هَلِبَ,هلب,فَعِلَ يَفْعَلُ ( كسر فتح ),لازم,0,0,0, , 
5833,هَلَتَ,هلت,فَعَلَ يَفْعِلُ ( فتحُ كَسْرٍ ),مشترك ,0,0,0, , 
5834,هَلَجَ,هلج,فَعَلَ يَفْعِلُ ( فتحُ كَسْرٍ ),لازم,0,0,0, , 
5835,هَلَدَ,هلد,فَعَلَ يَفْعُلُ ( فتحُ ضمٍّ ),متعدي,0,0,0, , 
5836,هَلَسَ,هلس,فَعَلَ يَفْعِلُ ( فتحُ كَسْرٍ ),مشترك ,0,0,0, , 
5837,خَشِرَ,خشر,فَعِلَ يَفْعَلُ ( كسر فتح ),لازم,0,0,0, , 
5838,هَلِعَ,هلع,فَعِلَ يَفْعَلُ ( كسر فتح ),لازم,0,0,0, , 
5839,هَلَكَ,هلك,فَعَلَ يَفْعِلُ ( فتحُ كَسْرٍ ),مشترك ,0,0,0, , 
5840,هَلِكَ,هلك,فَعِلَ يَفْعَلُ ( كسر فتح ),لازم,0,0,0, , 
5841,هَلَّ,هلل,فَعَلَ يَفْعُلُ ( فتحُ ضمٍّ ),لازم,0,0,0, , 
5842,هَلِمَ,هلم,فَعِلَ يَفْعَلُ ( كسر فتح ),لازم,0,0,0, , 
5843,هَمَأَ,همء,فَعَلَ يَفْعَلُ ( فتحتان ),متعدي,0,0,0, , 
5844,هَمَتَ,همت,فَعَلَ يَفْعُلُ ( فتحُ ضمٍّ ),لازم,0,0,0, , 
5845,هَمَجَ,همج,فَعَلَ يَفْعُلُ ( فتحُ ضمٍّ ),مشترك ,0,0,0, , 
5846,هَمَدَ,همد,فَعَلَ يَفْعُلُ ( فتحُ ضمٍّ ),لازم,0,0,0, , 
5847,هَمِدَ,همد,فَعِلَ يَفْعَلُ ( كسر فتح ),لازم,0,0,0, , 
5848,هَمَذَ,همذ,فَعَلَ يَفْعُلُ ( فتحُ ضمٍّ ),لازم,0,0,0, , 
5849,هَمَرَ,همر,فَعَلَ يَفْعُلُ ( فتحُ ضمٍّ ),مشترك ,0,0,0, , 
5850,هَمَرَ,همر,فَعَلَ يَفْعِلُ ( فتحُ كَسْرٍ ),مشترك ,0,0,0, , 
5851,هَمَزَ,همز,فَعَلَ يَفْعِلُ ( فتحُ كَسْرٍ ),متعدي,0,0,0, , 
5852,هَمَسَ,همس,فَعَلَ يَفْعِلُ ( فتحُ كَسْرٍ ),مشترك ,0,0,0, , 
5853,هَمَشَ,همش,فَعَلَ يَفْعُلُ ( فتحُ ضمٍّ ),متعدي,0,0,0, , 
5854,هَمَشَ,همش,فَعَلَ يَفْعِلُ ( فتحُ كَسْرٍ ),لازم,0,0,0, , 
5855,هَمِشَ,همش,فَعِلَ يَفْعَلُ ( كسر فتح ),مشترك ,0,0,0, , 
5856,هَمَطَ,همط,فَعَلَ يَفْعِلُ ( فتحُ كَسْرٍ ),مشترك ,0,0,0, , 
5857,هَمَعَ,همع,فَعَلَ يَفْعُلُ ( فتحُ ضمٍّ ),لازم,0,0,0, , 
5858,هَمَعَ,همع,فَعَلَ يَفْعَلُ ( فتحتان ),مشترك ,0,0,0, , 
5859,هَمَغَ,همغ,فَعَلَ يَفْعَلُ ( فتحتان ),متعدي,0,0,0, , 
5860,هَمَكَ,همك,فَعَلَ يَفْعُلُ ( فتحُ ضمٍّ ),متعدي,0,0,0, , 
5861,خَشَّ,خشش,فَعَلَ يَفْعُلُ ( فتحُ ضمٍّ ),مشترك ,0,0,0, , 
5862,هَمَلَ,همل,فَعَلَ يَفْعُلُ ( فتحُ ضمٍّ ),لازم,0,0,0, , 
5863,هَمَلَ,همل,فَعَلَ يَفْعِلُ ( فتحُ كَسْرٍ ),لازم,0,0,0, , 
5864,هَمَّ,همم,فَعَلَ يَفْعُلُ ( فتحُ ضمٍّ ),مشترك ,0,0,0, , 
5865,هَمَّ,همم,فَعَلَ يَفْعِلُ ( فتحُ كَسْرٍ ),مشترك ,0,0,0, , 
5866,هَمَّ,همم,فَعُلَ يَفْعُلُ ( ضمَ ضمٍَ ),لازم,0,0,0, , 
5867,هَمَى,همي,فَعَلَ يَفْعِلُ ( فتحُ كَسْرٍ ),لازم,0,0,0, , 
5868,هَنَأَ,هنء,فَعَلَ يَفْعَلُ ( فتحتان ),مشترك ,0,0,0, , 
5869,هَنِئَ,هنء,فَعِلَ يَفْعَلُ ( كسر فتح ),مشترك ,0,0,0, , 
5870,هَنُؤَ,هنء,فَعُلَ يَفْعُلُ ( ضمَ ضمٍَ ),لازم,0,0,0, , 
5871,هَنِبَ,هنب,فَعِلَ يَفْعَلُ ( كسر فتح ),لازم,0,0,0, , 
5872,هَنَدَ,هند,فَعَلَ يَفْعُلُ ( فتحُ ضمٍّ ),لازم,0,0,0, , 
5873,هَنَعَ,هنع,فَعَلَ يَفْعَلُ ( فتحتان ),مشترك ,0,0,0, , 
5874,هَنِعَ,هنع,فَعِلَ يَفْعَلُ ( كسر فتح ),لازم,0,0,0, , 
5875,هَنَغَ,هنغ,فَعَلَ يَفْعَلُ ( فتحتان ),لازم,0,0,0, , 
5876,هَنِقَ,هنق,فَعِلَ يَفْعَلُ ( كسر فتح ),لازم,0,0,0, , 
5877,هَنَّ,هنن,فَعَلَ يَفْعِلُ ( فتحُ كَسْرٍ ),لازم,0,0,0, , 
5878,هَاءَ,هوء,فَعَلَ يَفْعُلُ ( فتحُ ضمٍّ ),مشترك ,0,0,0, , 
5879,هَوِئَ,هوء,فَعِلَ يَفْعَلُ ( كسر فتح ),لازم,0,0,0, , 
5880,هَوِجَ,هوج,فَعِلَ يَفْعَلُ ( كسر فتح ),لازم,0,0,0, , 
5881,هَادَ,هود,فَعَلَ يَفْعُلُ ( فتحُ ضمٍّ ),لازم,0,0,0, , 
5882,هَارَ,هور,فَعَلَ يَفْعُلُ ( فتحُ ضمٍّ ),مشترك ,0,0,0, , 
5883,هَاسَ,هوس,فَعَلَ يَفْعُلُ ( فتحُ ضمٍّ ),مشترك ,0,0,0, , 
5884,هَوِسَ,هوس,فَعِلَ يَفْعَلُ ( كسر فتح ),لازم,0,0,0, , 
5885,هَاشَ,هوش,فَعَلَ يَفْعُلُ ( فتحُ ضمٍّ ),لازم,0,0,0, , 
5886,هَوِشَ,هوش,فَعِلَ يَفْعَلُ ( كسر فتح ),لازم,0,0,0, , 
5887,هَاعَ,هوع,فَعَلَ يَفْعُلُ ( فتحُ ضمٍّ ),لازم,0,0,0, , 
5888,خَشَعَ,خشع,فَعَلَ يَفْعَلُ ( فتحتان ),مشترك ,0,0,0, , 
5889,هَوِعَ,هوع,فَعِلَ يَفْعَلُ ( كسر فتح ),لازم,0,0,0, , 
5890,هَوِكَ,هوك,فَعِلَ يَفْعَلُ ( كسر فتح ),لازم,0,0,0, , 
5891,هَالَ,هول,فَعَلَ يَفْعُلُ ( فتحُ ضمٍّ ),مشترك ,0,0,0, , 
5892,هَانَ,هون,فَعَلَ يَفْعُلُ ( فتحُ ضمٍّ ),لازم,0,0,0, , 
5893,هَوَى,هوي,فَعَلَ يَفْعِلُ ( فتحُ كَسْرٍ ),مشترك ,0,0,0, , 
5894,هَوِيَ,هوي,فَعِلَ يَفْعَلُ ( كسر فتح ),متعدي,0,0,0, , 
5895,هَاءَ,هيء,فَعَلَ يَفْعِلُ ( فتحُ كَسْرٍ ),لازم,0,0,0, , 
5896,هَيِئَ,هيء,فَعِلَ يَفْعَلُ ( كسر فتح ),لازم,0,0,0, , 
5897,هَابَ,هيب,فَعَلَ يَفْعِلُ ( فتحُ كَسْرٍ ),متعدي,0,0,0, , 
5898,هَيِبَ,هيب,فَعِلَ يَفْعَلُ ( كسر فتح ),متعدي,0,0,0, , 
5899,هَاثَ,هيث,فَعَلَ يَفْعِلُ ( فتحُ كَسْرٍ ),مشترك ,0,0,0, , 
5900,هَاجَ,هيج,فَعَلَ يَفْعِلُ ( فتحُ كَسْرٍ ),مشترك ,0,0,0, , 
5901,هَادَ,هيد,فَعَلَ يَفْعِلُ ( فتحُ كَسْرٍ ),متعدي,0,0,0, , 
5902,هَاسَ,هيس,فَعَلَ يَفْعِلُ ( فتحُ كَسْرٍ ),مشترك ,0,0,0, , 
5903,هَاشَ,هيش,فَعَلَ يَفْعِلُ ( فتحُ كَسْرٍ ),مشترك ,0,0,0, , 
5904,هَاصَ,هيص,فَعَلَ يَفْعِلُ ( فتحُ كَسْرٍ ),مشترك ,0,0,0, , 
5905,هَاضَ,هيض,فَعَلَ يَفْعِلُ ( فتحُ كَسْرٍ ),مشترك ,0,0,0, , 
5906,هَاطَ,هيط,فَعَلَ يَفْعِلُ ( فتحُ كَسْرٍ ),لازم,0,0,0, , 
5907,هَاعَ,هيع,فَعَلَ يَفْعِلُ ( فتحُ كَسْرٍ ),لازم,0,0,0, , 
5908,هَيِعَ,هيع,فَعِلَ يَفْعَلُ ( كسر فتح ),لازم,0,0,0, , 
5909,هَيِغَ,هيغ,فَعِلَ يَفْعَلُ ( كسر فتح ),لازم,0,0,0, , 
5910,هَافَ,هيف,فَعَلَ يَفْعِلُ ( فتحُ كَسْرٍ ),لازم,0,0,0, , 
5911,هَيِفَ,هيف,فَعِلَ يَفْعَلُ ( كسر فتح ),لازم,0,0,0, , 
5912,هَيِفَ,هيف,فَعِلَ يَفْعَلُ ( كسر فتح ),لازم,0,0,0, , 
5913,هَالَ,هيل,فَعَلَ يَفْعِلُ ( فتحُ كَسْرٍ ),متعدي,0,0,0, , 
5914,هَامَ,هيم,فَعَلَ يَفْعِلُ ( فتحُ كَسْرٍ ),لازم,0,0,0, , 
5915,هَانَ,هين,فَعَلَ يَفْعِلُ ( فتحُ كَسْرٍ ),لازم,0,0,0, , 
5916,خَشَفَ,خشف,فَعَلَ يَفْعُلُ ( فتحُ ضمٍّ ),مشترك ,0,0,0, , 
5917,وَأَبَ,وءب,فَعَلَ يَفْعِلُ ( فتحُ كَسْرٍ ),لازم,0,0,0, , 
5918,وَئِبَ,وءب,فَعِلَ يَفْعَلُ ( كسر فتح ),لازم,0,0,0, , 
5919,وَأَدَ,وءد,فَعَلَ يَفْعِلُ ( فتحُ كَسْرٍ ),متعدي,0,0,0, , 
5920,وَأَرَ,وءر,فَعَلَ يَفْعِلُ ( فتحُ كَسْرٍ ),مشترك ,0,0,0, , 
5921,وَأَصَ,وءص,فَعَلَ يَفْعِلُ ( فتحُ كَسْرٍ ),متعدي,0,0,0, , 
5922,وَأَطَ,وءط,فَعَلَ يَفْعِلُ ( فتحُ كَسْرٍ ),متعدي,0,0,0, , 
5923,وَأَلَ,وءل,فَعَلَ يَفْعِلُ ( فتحُ كَسْرٍ ),مشترك ,0,0,0, , 
5924,وَأَمَ,وءم,فَعَلَ يَفْعِلُ ( فتحُ كَسْرٍ ),متعدي,0,0,0, , 
5925,وَأَى,وءي,فَعَلَ يَفْعِلُ ( فتحُ كَسْرٍ ),مشترك ,0,0,0, , 
5926,وَبَأَ,وبء,فَعَلَ يَفْعَلُ ( فتحتان ),مشترك ,0,0,0, , 
5927,وَبِئَ,وبء,فَعِلَ يَفْعَلُ ( كسر فتح ),لازم,0,0,0, , 
5928,وَبُؤَ,وبء,فَعُلَ يَفْعُلُ ( ضمَ ضمٍَ ),لازم,0,0,0, , 
5929,وَبِدَ,وبد,فَعِلَ يَفْعَلُ ( كسر فتح ),لازم,0,0,0, , 
5930,وَبَرَ,وبر,فَعَلَ يَفْعِلُ ( فتحُ كَسْرٍ ),مشترك ,0,0,0, , 
5931,وَبِرَ,وبر,فَعِلَ يَفْعَلُ ( كسر فتح ),لازم,0,0,0, , 
5932,وَبِشَ,وبش,فَعِلَ يَفْعَلُ ( كسر فتح ),لازم,0,0,0, , 
5933,وَبَصَ,وبص,فَعَلَ يَفْعِلُ ( فتحُ كَسْرٍ ),لازم,0,0,0, , 
5934,وَبِصَ,وبص,فَعِلَ يَفْعَلُ ( كسر فتح ),لازم,0,0,0, , 
5935,وَبَطَ,وبط,فَعَلَ يَفْعِلُ ( فتحُ كَسْرٍ ),مشترك ,0,0,0, , 
5936,وَبِطَ,وبط,فَعِلَ يَفْعَلُ ( كسر فتح ),لازم,0,0,0, , 
5937,وَبُطَ,وبط,فَعُلَ يَفْعُلُ ( ضمَ ضمٍَ ),لازم,0,0,0, , 
5938,وَبَغَ,وبغ,فَعَلَ يَفْعِلُ ( فتحُ كَسْرٍ ),متعدي,0,0,0, , 
5939,وَبَقَ,وبق,فَعَلَ يَفْعِلُ ( فتحُ كَسْرٍ ),لازم,0,0,0, , 
5940,وَبِقَ,وبق,فَعِلَ يَفْعَلُ ( كسر فتح ),لازم,0,0,0, , 
5941,وَبِقَ,وبق,فَعِلَ يَفْعِلُ ( كسرتان ),لازم,0,0,0, , 
5942,وَبَلَ,وبل,فَعَلَ يَفْعِلُ ( فتحُ كَسْرٍ ),مشترك ,0,0,0, , 
5943,خَشَفَ,خشف,فَعَلَ يَفْعِلُ ( فتحُ كَسْرٍ ),مشترك ,0,0,0, , 
5944,وَبُلَ,وبل,فَعُلَ يَفْعُلُ ( ضمَ ضمٍَ ),لازم,0,0,0, , 
5945,وَبَهَ,وبه,فَعَلَ يَفْعَلُ ( فتحتان ),لازم,0,0,0, , 
5946,وَبِهَ,وبه,فَعِلَ يَفْعَلُ ( كسر فتح ),لازم,0,0,0, , 
5947,وَتَأَ,وتء,فَعَلَ يَفْعَلُ ( فتحتان ),لازم,0,0,0, , 
5948,وَتَبَ,وتب,فَعَلَ يَفْعِلُ ( فتحُ كَسْرٍ ),لازم,0,0,0, , 
5949,وَتَحَ,وتح,فَعَلَ يَفْعِلُ ( فتحُ كَسْرٍ ),متعدي,0,0,0, , 
5950,وَتُحَ,وتح,فَعُلَ يَفْعُلُ ( ضمَ ضمٍَ ),لازم,0,0,0, , 
5951,وَتَخَ,وتخ,فَعَلَ يَفْعِلُ ( فتحُ كَسْرٍ ),متعدي,0,0,0, , 
5952,وَتَدَ,وتد,فَعَلَ يَفْعِلُ ( فتحُ كَسْرٍ ),مشترك ,0,0,0, , 
5953,وَتَرَ,وتر,فَعَلَ يَفْعِلُ ( فتحُ كَسْرٍ ),مشترك ,0,0,0, , 
5954,وَتِغَ,وتغ,فَعِلَ يَفْعَلُ ( كسر فتح ),لازم,0,0,0, , 
5955,وَتِمَ,وتم,فَعِلَ يَفْعَلُ ( كسر فتح ),لازم,0,0,0, , 
5956,وَتَنَ,وتن,فَعَلَ يَفْعِلُ ( فتحُ كَسْرٍ ),مشترك ,0,0,0, , 
5957,وَثَأَ,وثء,فَعَلَ يَفْعَلُ ( فتحتان ),مشترك ,0,0,0, , 
5958,وَثِئَ,وثء,فَعِلَ يَفْعَلُ ( كسر فتح ),مشترك ,0,0,0, , 
5959,وَثَبَ,وثب,فَعَلَ يَفْعِلُ ( فتحُ كَسْرٍ ),لازم,0,0,0, , 
5960,وَثُجَ,وثج,فَعُلَ يَفْعُلُ ( ضمَ ضمٍَ ),لازم,0,0,0, , 
5961,وَثَرَ,وثر,فَعَلَ يَفْعِلُ ( فتحُ كَسْرٍ ),متعدي,0,0,0, , 
5962,وَثُرَ,وثر,فَعُلَ يَفْعُلُ ( ضمَ ضمٍَ ),لازم,0,0,0, , 
5963,وَثَغَ,وثغ,فَعَلَ يَفْعِلُ ( فتحُ كَسْرٍ ),متعدي,0,0,0, , 
5964,وَثَفَ,وثف,فَعَلَ يَفْعِلُ ( فتحُ كَسْرٍ ),متعدي,0,0,0, , 
5965,وَثُقَ,وثق,فَعُلَ يَفْعُلُ ( ضمَ ضمٍَ ),لازم,0,0,0, , 
5966,وَثِقَ,وثق,فَعِلَ يَفْعِلُ ( كسرتان ),لازم,0,0,0, , 
5967,وَثَلَ,وثل,فَعَلَ يَفْعِلُ ( فتحُ كَسْرٍ ),متعدي,0,0,0, , 
5968,وَثَمَ,وثم,فَعَلَ يَفْعِلُ ( فتحُ كَسْرٍ ),مشترك ,0,0,0, , 
5969,وَثِمَ,وثم,فَعِلَ يَفْعَلُ ( كسر فتح ),لازم,0,0,0, , 
5970,وَثُمَ,وثم,فَعُلَ يَفْعُلُ ( ضمَ ضمٍَ ),لازم,0,0,0, , 
5971,وَثَنَ,وثن,فَعَلَ يَفْعِلُ ( فتحُ كَسْرٍ ),لازم,0,0,0, , 
5972,خَشِفَ,خشف,فَعِلَ يَفْعَلُ ( كسر فتح ),لازم,0,0,0, , 
5973,وَجَأَ,وجء,فَعَلَ يَفْعَلُ ( فتحتان ),متعدي,0,0,0, , 
5974,وَجَبَ,وجب,فَعَلَ يَفْعِلُ ( فتحُ كَسْرٍ ),مشترك ,0,0,0, , 
5975,وَجُبَ,وجب,فَعُلَ يَفْعُلُ ( ضمَ ضمٍَ ),لازم,0,0,0, , 
5976,وَجَّ,وجج,فَعَلَ يَفْعُلُ ( فتحُ ضمٍّ ),لازم,0,0,0, , 
5977,وَجَحَ,وجح,فَعَلَ يَفْعِلُ ( فتحُ كَسْرٍ ),لازم,0,0,0, , 
5978,وَجَحَ,وجح,فَعَلَ يَفْعَلُ ( فتحتان ),لازم,0,0,0, , 
5979,وَجَدَ,وجد,فَعَلَ يَفْعِلُ ( فتحُ كَسْرٍ ),مشترك ,0,0,0, , 
5980,وَجِدَ,وجد,فَعِلَ يَفْعِلُ ( كسرتان ),لازم,0,0,0, , 
5981,وَجَرَ,وجر,فَعَلَ يَفْعِلُ ( فتحُ كَسْرٍ ),متعدي,0,0,0, , 
5982,وَجِرَ,وجر,فَعِلَ يَفْعَلُ ( كسر فتح ),لازم,0,0,0, , 
5983,وَجَزَ,وجز,فَعَلَ يَفْعِلُ ( فتحُ كَسْرٍ ),مشترك ,0,0,0, , 
5984,وَجُزَ,وجز,فَعُلَ يَفْعُلُ ( ضمَ ضمٍَ ),لازم,0,0,0, , 
5985,وَجَسَ,وجس,فَعَلَ يَفْعِلُ ( فتحُ كَسْرٍ ),لازم,0,0,0, , 
5986,وَجَعَ,وجع,فَعَلَ يَفْعَلُ ( فتحتان ),متعدي,0,0,0, , 
5987,وَجِعَ,وجع,فَعِلَ يَفْعَلُ ( كسر فتح ),مشترك ,0,0,0, , 
5988,وَجَفَ,وجف,فَعَلَ يَفْعِلُ ( فتحُ كَسْرٍ ),لازم,0,0,0, , 
5989,وَجَلَ,وجل,فَعَلَ يَفْعُلُ ( فتحُ ضمٍّ ),متعدي,0,0,0, , 
5990,وَجِلَ,وجل,فَعِلَ يَفْعَلُ ( كسر فتح ),لازم,0,0,0, , 
5991,وَجُلَ,وجل,فَعُلَ يَفْعُلُ ( ضمَ ضمٍَ ),لازم,0,0,0, , 
5992,وَجَمَ,وجم,فَعَلَ يَفْعِلُ ( فتحُ كَسْرٍ ),مشترك ,0,0,0, , 
5993,وَجَنَ,وجن,فَعَلَ يَفْعِلُ ( فتحُ كَسْرٍ ),مشترك ,0,0,0, , 
5994,وَجَهَ,وجه,فَعَلَ يَفْعِلُ ( فتحُ كَسْرٍ ),متعدي,0,0,0, , 
5995,وَجُهَ,وجه,فَعُلَ يَفْعُلُ ( ضمَ ضمٍَ ),لازم,0,0,0, , 
5996,وَجَى,وجي,فَعَلَ يَفْعِلُ ( فتحُ كَسْرٍ ),متعدي,0,0,0, , 
5997,وَجِيَ,وجي,فَعِلَ يَفْعَلُ ( كسر فتح ),لازم,0,0,0, , 
5998,وَحِجَ,وحج,فَعِلَ يَفْعَلُ ( كسر فتح ),لازم,0,0,0, , 
5999,خَشَلَ,خشل,فَعَلَ يَفْعُلُ ( فتحُ ضمٍّ ),متعدي,0,0,0, , 
6000,وَحَدَ,وحد,فَعَلَ يَفْعِلُ ( فتحُ كَسْرٍ ),مشترك ,0,0,0, , 
6001,وَحِدَ,وحد,فَعِلَ يَفْعَلُ ( كسر فتح ),لازم,0,0,0, , 
6002,وَحُدَ,وحد,فَعُلَ يَفْعُلُ ( ضمَ ضمٍَ ),لازم,0,0,0, , 
6003,وَحِرَ,وحر,فَعِلَ يَفْعَلُ ( كسر فتح ),لازم,0,0,0, , 
6004,وَحِرَ,وحر,فَعِلَ يَفْعِلُ ( كسرتان ),لازم,0,0,0, , 
6005,وَحَشَ,وحش,فَعَلَ يَفْعِلُ ( فتحُ كَسْرٍ ),لازم,0,0,0, , 
6006,وَحِشَ,وحش,فَعِلَ يَفْعَلُ ( كسر فتح ),لازم,0,0,0, , 
6007,وَحَصَ,وحص,فَعَلَ يَفْعِلُ ( فتحُ كَسْرٍ ),متعدي,0,0,0, , 
6008,وَحَفَ,وحف,فَعَلَ يَفْعِلُ ( فتحُ كَسْرٍ ),لازم,0,0,0, , 
6009,وَحِفَ,وحف,فَعِلَ يَفْعَلُ ( كسر فتح ),لازم,0,0,0, , 
6010,وَحُفَ,وحف,فَعُلَ يَفْعُلُ ( ضمَ ضمٍَ ),لازم,0,0,0, , 
6011,وَحَلَ,وحل,فَعَلَ يَفْعِلُ ( فتحُ كَسْرٍ ),مشترك ,0,0,0, , 
6012,وَحِلَ,وحل,فَعِلَ يَفْعَلُ ( كسر فتح ),لازم,0,0,0, , 
6013,وَحِمَ,وحم,فَعِلَ يَفْعَلُ ( كسر فتح ),مشترك ,0,0,0, , 
6014,وَحِمَ,وحم,فَعِلَ يَفْعِلُ ( كسرتان ),لازم,0,0,0, , 
6015,وَحَنَ,وحن,فَعَلَ يَفْعِلُ ( فتحُ كَسْرٍ ),لازم,0,0,0, , 
6016,وَحِنَ,وحن,فَعِلَ يَفْعَلُ ( كسر فتح ),لازم,0,0,0, , 
6017,وَحَى,وحي,فَعَلَ يَفْعِلُ ( فتحُ كَسْرٍ ),مشترك ,0,0,0, , 
6018,وَخَدَ,وخد,فَعَلَ يَفْعِلُ ( فتحُ كَسْرٍ ),لازم,0,0,0, , 
6019,وَخَزَ,وخز,فَعَلَ يَفْعِلُ ( فتحُ كَسْرٍ ),مشترك ,0,0,0, , 
6020,وَخُشَ,وخش,فَعُلَ يَفْعُلُ ( ضمَ ضمٍَ ),لازم,0,0,0, , 
6021,وَخَضَ,وخض,فَعَلَ يَفْعِلُ ( فتحُ كَسْرٍ ),متعدي,0,0,0, , 
6022,وَخَطَ,وخط,فَعَلَ يَفْعِلُ ( فتحُ كَسْرٍ ),مشترك ,0,0,0, , 
6023,وَخَفَ,وخف,فَعَلَ يَفْعِلُ ( فتحُ كَسْرٍ ),مشترك ,0,0,0, , 
6024,وَخَمَ,وخم,فَعَلَ يَفْعِلُ ( فتحُ كَسْرٍ ),مشترك ,0,0,0, , 
6025,وَخِمَ,وخم,فَعِلَ يَفْعَلُ ( كسر فتح ),لازم,0,0,0, , 
6026,وَخُمَ,وخم,فَعُلَ يَفْعُلُ ( ضمَ ضمٍَ ),لازم,0,0,0, , 
6027,وَخَى,وخي,فَعَلَ يَفْعِلُ ( فتحُ كَسْرٍ ),مشترك ,0,0,0, , 
6028,وَدَأَ,ودء,فَعَلَ يَفْعَلُ ( فتحتان ),مشترك ,0,0,0, , 
6029,وَدِئَ,ودء,فَعِلَ يَفْعَلُ ( كسر فتح ),لازم,0,0,0, , 
6030,خَشِلَ,خشل,فَعِلَ يَفْعَلُ ( كسر فتح ),لازم,0,0,0, , 
6031,وَدَجَ,ودج,فَعَلَ يَفْعِلُ ( فتحُ كَسْرٍ ),مشترك ,0,0,0, , 
6032,وَدَّ,ودد,فَعِلَ يَفْعَلُ ( كسر فتح ),متعدي,0,0,0, , 
6033,وَدَرَ,ودر,فَعَلَ يَفْعِلُ ( فتحُ كَسْرٍ ),لازم,0,0,0, , 
6034,وَدَسَ,ودس,فَعَلَ يَفْعِلُ ( فتحُ كَسْرٍ ),لازم,0,0,0, , 
6035,وَدَعَ,ودع,فَعَلَ يَفْعَلُ ( فتحتان ),مشترك ,0,0,0, , 
6036,وَدُعَ,ودع,فَعُلَ يَفْعُلُ ( ضمَ ضمٍَ ),لازم,0,0,0, , 
6037,وَدَفَ,ودف,فَعَلَ يَفْعِلُ ( فتحُ كَسْرٍ ),مشترك ,0,0,0, , 
6038,وَدَقَ,ودق,فَعَلَ يَفْعِلُ ( فتحُ كَسْرٍ ),مشترك ,0,0,0, , 
6039,وَدِقَ,ودق,فَعِلَ يَفْعَلُ ( كسر فتح ),لازم,0,0,0, , 
6040,وَدُقَ,ودق,فَعُلَ يَفْعُلُ ( ضمَ ضمٍَ ),لازم,0,0,0, , 
6041,وَدِكَ,ودك,فَعِلَ يَفْعَلُ ( كسر فتح ),لازم,0,0,0, , 
6042,وَدُكَ,ودك,فَعُلَ يَفْعُلُ ( ضمَ ضمٍَ ),لازم,0,0,0, , 
6043,وَدَلَ,ودل,فَعَلَ يَفْعِلُ ( فتحُ كَسْرٍ ),متعدي,0,0,0, , 
6044,وَدَنَ,ودن,فَعَلَ يَفْعِلُ ( فتحُ كَسْرٍ ),متعدي,0,0,0, , 
6045,وَدِنَ,ودن,فَعِلَ يَفْعَلُ ( كسر فتح ),لازم,0,0,0, , 
6046,وَدِهَ,وده,فَعِلَ يَفْعَلُ ( كسر فتح ),لازم,0,0,0, , 
6047,وَدَى,ودي,فَعَلَ يَفْعِلُ ( فتحُ كَسْرٍ ),مشترك ,0,0,0, , 
6048,وَذَأَ,وذء,فَعَلَ يَفْعَلُ ( فتحتان ),مشترك ,0,0,0, , 
6049,وَذِحَ,وذح,فَعِلَ يَفْعَلُ ( كسر فتح ),لازم,0,0,0, , 
6050,وَذَرَ,وذر,فَعَلَ يَفْعِلُ ( فتحُ كَسْرٍ ),متعدي,0,0,0, , 
6051,وَذِرَ,وذر,فَعِلَ يَفْعَلُ ( كسر فتح ),متعدي,0,0,0, , 
6052,وَذَعَ,وذع,فَعَلَ يَفْعَلُ ( فتحتان ),لازم,0,0,0, , 
6053,وَذَفَ,وذف,فَعَلَ يَفْعِلُ ( فتحُ كَسْرٍ ),لازم,0,0,0, , 
6054,وَذِمَ,وذم,فَعِلَ يَفْعَلُ ( كسر فتح ),لازم,0,0,0, , 
6055,وَذَى,وذي,فَعَلَ يَفْعِلُ ( فتحُ كَسْرٍ ),متعدي,0,0,0, , 
6056,وَرَأَ,ورء,فَعَلَ يَفْعَلُ ( فتحتان ),مشترك ,0,0,0, , 
6057,وَرِبَ,ورب,فَعِلَ يَفْعَلُ ( كسر فتح ),لازم,0,0,0, , 
6058,خَشَمَ,خشم,فَعَلَ يَفْعِلُ ( فتحُ كَسْرٍ ),متعدي,0,0,0, , 
6059,وَرِثَ,ورث,فَعِلَ يَفْعِلُ ( كسرتان ),متعدي,0,0,0, , 
6060,وَرِخَ,ورخ,فَعِلَ يَفْعَلُ ( كسر فتح ),لازم,0,0,0, , 
6061,وَرَدَ,ورد,فَعَلَ يَفْعِلُ ( فتحُ كَسْرٍ ),مشترك ,0,0,0, , 
6062,وَرُدَ,ورد,فَعُلَ يَفْعُلُ ( ضمَ ضمٍَ ),لازم,0,0,0, , 
6063,وَرَذَ,ورذ,فَعَلَ يَفْعِلُ ( فتحُ كَسْرٍ ),لازم,0,0,0, , 
6064,وَرَسَ,ورس,فَعَلَ يَفْعِلُ ( فتحُ كَسْرٍ ),لازم,0,0,0, , 
6065,وَرِسَ,ورس,فَعِلَ يَفْعَلُ ( كسر فتح ),لازم,0,0,0, , 
6066,وَرَشَ,ورش,فَعَلَ يَفْعِلُ ( فتحُ كَسْرٍ ),مشترك ,0,0,0, , 
6067,وَرِشَ,ورش,فَعِلَ يَفْعَلُ ( كسر فتح ),لازم,0,0,0, , 
6068,وَرَصَ,ورص,فَعَلَ يَفْعِلُ ( فتحُ كَسْرٍ ),لازم,0,0,0, , 
6069,وَرَضَ,ورض,فَعَلَ يَفْعِلُ ( فتحُ كَسْرٍ ),لازم,0,0,0, , 
6070,وَرَطَ,ورط,فَعَلَ يَفْعِلُ ( فتحُ كَسْرٍ ),متعدي,0,0,0, , 
6071,وَرَعَ,ورع,فَعَلَ يَفْعَلُ ( فتحتان ),مشترك ,0,0,0, , 
6072,وَرِعَ,ورع,فَعِلَ يَفْعَلُ ( كسر فتح ),لازم,0,0,0, , 
6073,وَرُعَ,ورع,فَعُلَ يَفْعُلُ ( ضمَ ضمٍَ ),لازم,0,0,0, , 
6074,وَرِعَ,ورع,فَعِلَ يَفْعِلُ ( كسرتان ),لازم,0,0,0, , 
6075,وَرَفَ,ورف,فَعَلَ يَفْعِلُ ( فتحُ كَسْرٍ ),لازم,0,0,0, , 
6076,وَرَقَ,ورق,فَعَلَ يَفْعِلُ ( فتحُ كَسْرٍ ),مشترك ,0,0,0, , 
6077,وَرَكَ,ورك,فَعَلَ يَفْعِلُ ( فتحُ كَسْرٍ ),مشترك ,0,0,0, , 
6078,وَرِكَ,ورك,فَعِلَ يَفْعَلُ ( كسر فتح ),لازم,0,0,0, , 
6079,وَرِكَ,ورك,فَعِلَ يَفْعِلُ ( كسرتان ),لازم,0,0,0, , 
6080,وَرِمَ,ورم,فَعِلَ يَفْعِلُ ( كسرتان ),لازم,0,0,0, , 
6081,وَرِهَ,وره,فَعِلَ يَفْعَلُ ( كسر فتح ),لازم,0,0,0, , 
6082,وَرِهَ,وره,فَعِلَ يَفْعِلُ ( كسرتان ),لازم,0,0,0, , 
6083,وَرَى,وري,فَعَلَ يَفْعِلُ ( فتحُ كَسْرٍ ),مشترك ,0,0,0, , 
6084,وَرِيَ,وري,فَعِلَ يَفْعَلُ ( كسر فتح ),لازم,0,0,0, , 
6085,وَرِيَ,وري,فَعِلَ يَفْعِلُ ( كسرتان ),لازم,0,0,0, , 
6086,خَشِمَ,خشم,فَعِلَ يَفْعَلُ ( كسر فتح ),لازم,0,0,0, , 
6087,وَزَأَ,وزء,فَعَلَ يَفْعَلُ ( فتحتان ),مشترك ,0,0,0, , 
6088,وَزَبَ,وزب,فَعَلَ يَفْعِلُ ( فتحُ كَسْرٍ ),لازم,0,0,0, , 
6089,وَزَرَ,وزر,فَعَلَ يَفْعِلُ ( فتحُ كَسْرٍ ),مشترك ,0,0,0, , 
6090,وَزِرَ,وزر,فَعِلَ يَفْعَلُ ( كسر فتح ),لازم,0,0,0, , 
6091,وَزَعَ,وزع,فَعَلَ يَفْعِلُ ( فتحُ كَسْرٍ ),مشترك ,0,0,0, , 
6092,وَزَعَ,وزع,فَعَلَ يَفْعَلُ ( فتحتان ),مشترك ,0,0,0, , 
6093,وَزَغَ,وزغ,فَعَلَ يَفْعِلُ ( فتحُ كَسْرٍ ),لازم,0,0,0, , 
6094,وَزَفَ,وزف,فَعَلَ يَفْعِلُ ( فتحُ كَسْرٍ ),مشترك ,0,0,0, , 
6095,وَزَمَ,وزم,فَعَلَ يَفْعِلُ ( فتحُ كَسْرٍ ),مشترك ,0,0,0, , 
6096,وَزَنَ,وزن,فَعَلَ يَفْعِلُ ( فتحُ كَسْرٍ ),مشترك ,0,0,0, , 
6097,وَزُنَ,وزن,فَعُلَ يَفْعُلُ ( ضمَ ضمٍَ ),لازم,0,0,0, , 
6098,وَزَى,وزي,فَعَلَ يَفْعِلُ ( فتحُ كَسْرٍ ),مشترك ,0,0,0, , 
6099,وَسَبَ,وسب,فَعَلَ يَفْعِلُ ( فتحُ كَسْرٍ ),لازم,0,0,0, , 
6100,وَسِبَ,وسب,فَعِلَ يَفْعَلُ ( كسر فتح ),لازم,0,0,0, , 
6101,وَسَجَ,وسج,فَعَلَ يَفْعِلُ ( فتحُ كَسْرٍ ),لازم,0,0,0, , 
6102,وَسِخَ,وسخ,فَعِلَ يَفْعَلُ ( كسر فتح ),لازم,0,0,0, , 
6103,وَسَطَ,وسط,فَعَلَ يَفْعِلُ ( فتحُ كَسْرٍ ),مشترك ,0,0,0, , 
6104,وَسُطَ,وسط,فَعُلَ يَفْعُلُ ( ضمَ ضمٍَ ),لازم,0,0,0, , 
6105,وَسَعَ,وسع,فَعَلَ يَفْعَلُ ( فتحتان ),مشترك ,0,0,0, , 
6106,وَسِعَ,وسع,فَعِلَ يَفْعَلُ ( كسر فتح ),مشترك ,0,0,0, , 
6107,وَسُعَ,وسع,فَعُلَ يَفْعُلُ ( ضمَ ضمٍَ ),لازم,0,0,0, , 
6108,وَسَقَ,وسق,فَعَلَ يَفْعِلُ ( فتحُ كَسْرٍ ),مشترك ,0,0,0, , 
6109,وَسَلَ,وسل,فَعَلَ يَفْعِلُ ( فتحُ كَسْرٍ ),لازم,0,0,0, , 
6110,وَسَمَ,وسم,فَعَلَ يَفْعِلُ ( فتحُ كَسْرٍ ),متعدي,0,0,0, , 
6111,وَسُمَ,وسم,فَعُلَ يَفْعُلُ ( ضمَ ضمٍَ ),لازم,0,0,0, , 
6112,وَسِنَ,وسن,فَعِلَ يَفْعَلُ ( كسر فتح ),لازم,0,0,0, , 
6113,وَسَى,وسي,فَعَلَ يَفْعِلُ ( فتحُ كَسْرٍ ),متعدي,0,0,0, , 
6114,وَشَجَ,وشج,فَعَلَ يَفْعِلُ ( فتحُ كَسْرٍ ),مشترك ,0,0,0, , 
6115,خَشُنَ,خشن,فَعُلَ يَفْعُلُ ( ضمَ ضمٍَ ),لازم,0,0,0, , 
6116,وَشَرَ,وشر,فَعَلَ يَفْعِلُ ( فتحُ كَسْرٍ ),مشترك ,0,0,0, , 
6117,وَشَظَ,وشظ,فَعَلَ يَفْعِلُ ( فتحُ كَسْرٍ ),مشترك ,0,0,0, , 
6118,وَشَعَ,وشع,فَعَلَ يَفْعَلُ ( فتحتان ),مشترك ,0,0,0, , 
6119,وَشَغَ,وشغ,فَعَلَ يَفْعِلُ ( فتحُ كَسْرٍ ),لازم,0,0,0, , 
6120,وَشَقَ,وشق,فَعَلَ يَفْعِلُ ( فتحُ كَسْرٍ ),مشترك ,0,0,0, , 
6121,وَشِقَ,وشق,فَعِلَ يَفْعَلُ ( كسر فتح ),لازم,0,0,0, , 
6122,وَشُكَ,وشك,فَعُلَ يَفْعُلُ ( ضمَ ضمٍَ ),لازم,0,0,0, , 
6123,وَشَلَ,وشل,فَعَلَ يَفْعِلُ ( فتحُ كَسْرٍ ),لازم,0,0,0, , 
6124,وَشَمَ,وشم,فَعَلَ يَفْعِلُ ( فتحُ كَسْرٍ ),متعدي,0,0,0, , 
6125,وَشَى,وشي,فَعَلَ يَفْعِلُ ( فتحُ كَسْرٍ ),مشترك ,0,0,0, , 
6126,وَصِئَ,وصء,فَعِلَ يَفْعَلُ ( كسر فتح ),لازم,0,0,0, , 
6127,وَصَبَ,وصب,فَعَلَ يَفْعِلُ ( فتحُ كَسْرٍ ),لازم,0,0,0, , 
6128,وَصِبَ,وصب,فَعِلَ يَفْعَلُ ( كسر فتح ),لازم,0,0,0, , 
6129,وَصَدَ,وصد,فَعَلَ يَفْعِلُ ( فتحُ كَسْرٍ ),مشترك ,0,0,0, , 
6130,وَصَّ,وصص,فَعَلَ يَفْعُلُ ( فتحُ ضمٍّ ),لازم,0,0,0, , 
6131,وَصَعَ,وصع,فَعَلَ يَفْعَلُ ( فتحتان ),متعدي,0,0,0, , 
6132,وَصَفَ,وصف,فَعَلَ يَفْعِلُ ( فتحُ كَسْرٍ ),مشترك ,0,0,0, , 
6133,وَصُفَ,وصف,فَعُلَ يَفْعُلُ ( ضمَ ضمٍَ ),لازم,0,0,0, , 
6134,وَصَلَ,وصل,فَعَلَ يَفْعِلُ ( فتحُ كَسْرٍ ),مشترك ,0,0,0, , 
6135,وَصَمَ,وصم,فَعَلَ يَفْعِلُ ( فتحُ كَسْرٍ ),متعدي,0,0,0, , 
6136,وَصَى,وصي,فَعَلَ يَفْعِلُ ( فتحُ كَسْرٍ ),مشترك ,0,0,0, , 
6137,وَضَأَ,وضء,فَعَلَ يَفْعَلُ ( فتحتان ),متعدي,0,0,0, , 
6138,وَضُؤَ,وضء,فَعُلَ يَفْعُلُ ( ضمَ ضمٍَ ),لازم,0,0,0, , 
6139,وَضَحَ,وضح,فَعَلَ يَفْعِلُ ( فتحُ كَسْرٍ ),لازم,0,0,0, , 
6140,وَضِحَ,وضح,فَعِلَ يَفْعَلُ ( كسر فتح ),لازم,0,0,0, , 
6141,وَضَخَ,وضخ,فَعَلَ يَفْعِلُ ( فتحُ كَسْرٍ ),متعدي,0,0,0, , 
6142,وَضِرَ,وضر,فَعِلَ يَفْعَلُ ( كسر فتح ),لازم,0,0,0, , 
6143,خَشَا,خشو,فَعَلَ يَفْعُلُ ( فتحُ ضمٍّ ),لازم,0,0,0, , 
6144,وَضَعَ,وضع,فَعَلَ يَفْعَلُ ( فتحتان ),مشترك ,0,0,0, , 
6145,وَضِعَ,وضع,فَعِلَ يَفْعَلُ ( كسر فتح ),لازم,0,0,0, , 
6146,وَضُعَ,وضع,فَعُلَ يَفْعُلُ ( ضمَ ضمٍَ ),لازم,0,0,0, , 
6147,وَضَفَ,وضف,فَعَلَ يَفْعِلُ ( فتحُ كَسْرٍ ),لازم,0,0,0, , 
6148,وَضَمَ,وضم,فَعَلَ يَفْعِلُ ( فتحُ كَسْرٍ ),مشترك ,0,0,0, , 
6149,وَضَنَ,وضن,فَعَلَ يَفْعِلُ ( فتحُ كَسْرٍ ),متعدي,0,0,0, , 
6150,وَطَأَ,وطء,فَعَلَ يَفْعَلُ ( فتحتان ),متعدي,0,0,0, , 
6151,وَطِئَ,وطء,فَعِلَ يَفْعَلُ ( كسر فتح ),متعدي,0,0,0, , 
6152,وَطُؤَ,وطء,فَعُلَ يَفْعُلُ ( ضمَ ضمٍَ ),لازم,0,0,0, , 
6153,وَطَحَ,وطح,فَعَلَ يَفْعِلُ ( فتحُ كَسْرٍ ),متعدي,0,0,0, , 
6154,وَطَدَ,وطد,فَعَلَ يَفْعِلُ ( فتحُ كَسْرٍ ),مشترك ,0,0,0, , 
6155,وَطَسَ,وطس,فَعَلَ يَفْعِلُ ( فتحُ كَسْرٍ ),متعدي,0,0,0, , 
6156,وَطَشَ,وطش,فَعَلَ يَفْعِلُ ( فتحُ كَسْرٍ ),مشترك ,0,0,0, , 
6157,وَطَّ,وطط,فَعَلَ يَفْعُلُ ( فتحُ ضمٍّ ),لازم,0,0,0, , 
6158,وَطَفَ,وطف,فَعَلَ يَفْعِلُ ( فتحُ كَسْرٍ ),مشترك ,0,0,0, , 
6159,وَطِفَ,وطف,فَعِلَ يَفْعَلُ ( كسر فتح ),لازم,0,0,0, , 
6160,وَطَمَ,وطم,فَعَلَ يَفْعِلُ ( فتحُ كَسْرٍ ),متعدي,0,0,0, , 
6161,وَطِمَ,وطم,فَعِلَ يَفْعَلُ ( كسر فتح ),لازم,0,0,0, , 
6162,وَطَنَ,وطن,فَعَلَ يَفْعِلُ ( فتحُ كَسْرٍ ),لازم,0,0,0, , 
6163,وَظَبَ,وظب,فَعَلَ يَفْعِلُ ( فتحُ كَسْرٍ ),مشترك ,0,0,0, , 
6164,وَظَفَ,وظف,فَعَلَ يَفْعِلُ ( فتحُ كَسْرٍ ),متعدي,0,0,0, , 
6165,وَعَبَ,وعب,فَعَلَ يَفْعِلُ ( فتحُ كَسْرٍ ),متعدي,0,0,0, , 
6166,وَعِثَ,وعث,فَعِلَ يَفْعَلُ ( كسر فتح ),لازم,0,0,0, , 
6167,وَعُثَ,وعث,فَعُلَ يَفْعُلُ ( ضمَ ضمٍَ ),لازم,0,0,0, , 
6168,وَعَدَ,وعد,فَعَلَ يَفْعِلُ ( فتحُ كَسْرٍ ),مشترك ,0,0,0, , 
6169,وَعَرَ,وعر,فَعَلَ يَفْعِلُ ( فتحُ كَسْرٍ ),مشترك ,0,0,0, , 
6170,وَعِرَ,وعر,فَعِلَ يَفْعَلُ ( كسر فتح ),لازم,0,0,0, , 
6171,خَشِيَ,خشي,فَعِلَ يَفْعَلُ ( كسر فتح ),مشترك ,0,0,0, , 
6172,وَعُرَ,وعر,فَعُلَ يَفْعُلُ ( ضمَ ضمٍَ ),لازم,0,0,0, , 
6173,وَعَزَ,وعز,فَعَلَ يَفْعِلُ ( فتحُ كَسْرٍ ),مشترك ,0,0,0, , 
6174,وَعَسَ,وعس,فَعَلَ يَفْعِلُ ( فتحُ كَسْرٍ ),متعدي,0,0,0, , 
6175,وَعَظَ,وعظ,فَعَلَ يَفْعِلُ ( فتحُ كَسْرٍ ),متعدي,0,0,0, , 
6176,وَعَفَ,وعف,فَعَلَ يَفْعِلُ ( فتحُ كَسْرٍ ),لازم,0,0,0, , 
6177,وَعَقَ,وعق,فَعَلَ يَفْعِلُ ( فتحُ كَسْرٍ ),لازم,0,0,0, , 
6178,وَعِقَ,وعق,فَعِلَ يَفْعِلُ ( كسرتان ),لازم,0,0,0, , 
6179,وَعَكَ,وعك,فَعَلَ يَفْعِلُ ( فتحُ كَسْرٍ ),مشترك ,0,0,0, , 
6180,وَعَلَ,وعل,فَعَلَ يَفْعِلُ ( فتحُ كَسْرٍ ),لازم,0,0,0, , 
6181,وَعَمَ,وعم,فَعَلَ يَفْعِلُ ( فتحُ كَسْرٍ ),مشترك ,0,0,0, , 
6182,وَعَى,وعي,فَعَلَ يَفْعِلُ ( فتحُ كَسْرٍ ),مشترك ,0,0,0, , 
6183,وَغُبَ,وغب,فَعُلَ يَفْعُلُ ( ضمَ ضمٍَ ),لازم,0,0,0, , 
6184,وَغَدَ,وغد,فَعَلَ يَفْعِلُ ( فتحُ كَسْرٍ ),متعدي,0,0,0, , 
6185,وَغُدَ,وغد,فَعُلَ يَفْعُلُ ( ضمَ ضمٍَ ),لازم,0,0,0, , 
6186,وَغَرَ,وغر,فَعَلَ يَفْعِلُ ( فتحُ كَسْرٍ ),مشترك ,0,0,0, , 
6187,وَغِرَ,وغر,فَعِلَ يَفْعَلُ ( كسر فتح ),لازم,0,0,0, , 
6188,وَغَفَ,وغف,فَعَلَ يَفْعِلُ ( فتحُ كَسْرٍ ),لازم,0,0,0, , 
6189,وَغَلَ,وغل,فَعَلَ يَفْعِلُ ( فتحُ كَسْرٍ ),مشترك ,0,0,0, , 
6190,وَغَمَ,وغم,فَعَلَ يَفْعِلُ ( فتحُ كَسْرٍ ),مشترك ,0,0,0, , 
6191,وَغِمَ,وغم,فَعِلَ يَفْعَلُ ( كسر فتح ),لازم,0,0,0, , 
6192,وَفَدَ,وفد,فَعَلَ يَفْعِلُ ( فتحُ كَسْرٍ ),لازم,0,0,0, , 
6193,وَفَرَ,وفر,فَعَلَ يَفْعِلُ ( فتحُ كَسْرٍ ),مشترك ,0,0,0, , 
6194,وَفُرَ,وفر,فَعُلَ يَفْعُلُ ( ضمَ ضمٍَ ),لازم,0,0,0, , 
6195,وَفَزَ,وفز,فَعَلَ يَفْعِلُ ( فتحُ كَسْرٍ ),لازم,0,0,0, , 
6196,وَفَضَ,وفض,فَعَلَ يَفْعِلُ ( فتحُ كَسْرٍ ),لازم,0,0,0, , 
6197,وَفِقَ,وفق,فَعِلَ يَفْعِلُ ( كسرتان ),مشترك ,0,0,0, , 
6198,وَفَلَ,وفل,فَعَلَ يَفْعِلُ ( فتحُ كَسْرٍ ),متعدي,0,0,0, , 
6199,وَفَهَ,وفه,فَعَلَ يَفْعَلُ ( فتحتان ),لازم,0,0,0, , 
6200,خَصَبَ,خصب,فَعَلَ يَفْعِلُ ( فتحُ كَسْرٍ ),لازم,0,0,0, , 
6201,وَفَى,وفي,فَعَلَ يَفْعِلُ ( فتحُ كَسْرٍ ),مشترك ,0,0,0, , 
6202,وَقَبَ,وقب,فَعَلَ يَفْعِلُ ( فتحُ كَسْرٍ ),لازم,0,0,0, , 
6203,وَقَتَ,وقت,فَعَلَ يَفْعِلُ ( فتحُ كَسْرٍ ),متعدي,0,0,0, , 
6204,وَقَحَ,وقح,فَعَلَ يَفْعِلُ ( فتحُ كَسْرٍ ),لازم,0,0,0, , 
6205,وَقِحَ,وقح,فَعِلَ يَفْعَلُ ( كسر فتح ),لازم,0,0,0, , 
6206,وَقُحَ,وقح,فَعُلَ يَفْعُلُ ( ضمَ ضمٍَ ),لازم,0,0,0, , 
6207,وَقَدَ,وقد,فَعَلَ يَفْعِلُ ( فتحُ كَسْرٍ ),مشترك ,0,0,0, , 
6208,وَقَذَ,وقذ,فَعَلَ يَفْعِلُ ( فتحُ كَسْرٍ ),متعدي,0,0,0, , 
6209,وَقَرَ,وقر,فَعَلَ يَفْعِلُ ( فتحُ كَسْرٍ ),مشترك ,0,0,0, , 
6210,وَقِرَ,وقر,فَعِلَ يَفْعَلُ ( كسر فتح ),لازم,0,0,0, , 
6211,وَقُرَ,وقر,فَعُلَ يَفْعُلُ ( ضمَ ضمٍَ ),لازم,0,0,0, , 
6212,وَقَسَ,وقس,فَعَلَ يَفْعِلُ ( فتحُ كَسْرٍ ),مشترك ,0,0,0, , 
6213,وَقَشَ,وقش,فَعَلَ يَفْعِلُ ( فتحُ كَسْرٍ ),مشترك ,0,0,0, , 
6214,وَقَصَ,وقص,فَعَلَ يَفْعِلُ ( فتحُ كَسْرٍ ),مشترك ,0,0,0, , 
6215,وَقِصَ,وقص,فَعِلَ يَفْعَلُ ( كسر فتح ),لازم,0,0,0, , 
6216,وَقَطَ,وقط,فَعَلَ يَفْعِلُ ( فتحُ كَسْرٍ ),مشترك ,0,0,0, , 
6217,وَقَظَ,وقظ,فَعَلَ يَفْعِلُ ( فتحُ كَسْرٍ ),مشترك ,0,0,0, , 
6218,وَقَعَ,وقع,فَعَلَ يَفْعَلُ ( فتحتان ),مشترك ,0,0,0, , 
6219,وَقِعَ,وقع,فَعِلَ يَفْعَلُ ( كسر فتح ),لازم,0,0,0, , 
6220,وَقَفَ,وقف,فَعَلَ يَفْعِلُ ( فتحُ كَسْرٍ ),مشترك ,0,0,0, , 
6221,وَقَلَ,وقل,فَعَلَ يَفْعِلُ ( فتحُ كَسْرٍ ),لازم,0,0,0, , 
6222,وَقَمَ,وقم,فَعَلَ يَفْعِلُ ( فتحُ كَسْرٍ ),متعدي,0,0,0, , 
6223,وَقِهَ,وقه,فَعِلَ يَفْعِلُ ( كسرتان ),لازم,0,0,0, , 
6224,وَقَى,وقي,فَعَلَ يَفْعِلُ ( فتحُ كَسْرٍ ),مشترك ,0,0,0, , 
6225,وَكَبَ,وكب,فَعَلَ يَفْعِلُ ( فتحُ كَسْرٍ ),لازم,0,0,0, , 
6226,وَكِبَ,وكب,فَعِلَ يَفْعَلُ ( كسر فتح ),لازم,0,0,0, , 
6227,خَصِبَ,خصب,فَعِلَ يَفْعَلُ ( كسر فتح ),لازم,0,0,0, , 
6228,وَكَتَ,وكت,فَعَلَ يَفْعِلُ ( فتحُ كَسْرٍ ),مشترك ,0,0,0, , 
6229,وَكَحَ,وكح,فَعَلَ يَفْعِلُ ( فتحُ كَسْرٍ ),متعدي,0,0,0, , 
6230,وَكَدَ,وكد,فَعَلَ يَفْعِلُ ( فتحُ كَسْرٍ ),مشترك ,0,0,0, , 
6231,وَكَرَ,وكر,فَعَلَ يَفْعِلُ ( فتحُ كَسْرٍ ),مشترك ,0,0,0, , 
6232,وَكَزَ,وكز,فَعَلَ يَفْعِلُ ( فتحُ كَسْرٍ ),مشترك ,0,0,0, , 
6233,وَكَسَ,وكس,فَعَلَ يَفْعِلُ ( فتحُ كَسْرٍ ),مشترك ,0,0,0, , 
6234,وَكَظَ,وكظ,فَعَلَ يَفْعِلُ ( فتحُ كَسْرٍ ),مشترك ,0,0,0, , 
6235,وَكَعَ,وكع,فَعَلَ يَفْعَلُ ( فتحتان ),مشترك ,0,0,0, , 
6236,وَكِعَ,وكع,فَعِلَ يَفْعَلُ ( كسر فتح ),لازم,0,0,0, , 
6237,وَكُعَ,وكع,فَعُلَ يَفْعُلُ ( ضمَ ضمٍَ ),لازم,0,0,0, , 
6238,وَكَفَ,وكف,فَعَلَ يَفْعِلُ ( فتحُ كَسْرٍ ),مشترك ,0,0,0, , 
6239,وَكِفَ,وكف,فَعِلَ يَفْعَلُ ( كسر فتح ),لازم,0,0,0, , 
6240,وَكَلَ,وكل,فَعَلَ يَفْعِلُ ( فتحُ كَسْرٍ ),مشترك ,0,0,0, , 
6241,وَكَمَ,وكم,فَعَلَ يَفْعِلُ ( فتحُ كَسْرٍ ),متعدي,0,0,0, , 
6242,وَكِمَ,وكم,فَعِلَ يَفْعِلُ ( كسرتان ),لازم,0,0,0, , 
6243,وَكَنَ,وكن,فَعَلَ يَفْعِلُ ( فتحُ كَسْرٍ ),مشترك ,0,0,0, , 
6244,وَكَى,وكي,فَعَلَ يَفْعِلُ ( فتحُ كَسْرٍ ),متعدي,0,0,0, , 
6245,وَلَبَ,ولب,فَعَلَ يَفْعِلُ ( فتحُ كَسْرٍ ),مشترك ,0,0,0, , 
6246,وَلَتَ,ولت,فَعَلَ يَفْعِلُ ( فتحُ كَسْرٍ ),متعدي,0,0,0, , 
6247,وَلَثَ,ولث,فَعَلَ يَفْعِلُ ( فتحُ كَسْرٍ ),مشترك ,0,0,0, , 
6248,وَلَجَ,ولج,فَعَلَ يَفْعِلُ ( فتحُ كَسْرٍ ),مشترك ,0,0,0, , 
6249,وَلَحَ,ولح,فَعَلَ يَفْعِلُ ( فتحُ كَسْرٍ ),متعدي,0,0,0, , 
6250,وَلَخَ,ولخ,فَعَلَ يَفْعِلُ ( فتحُ كَسْرٍ ),متعدي,0,0,0, , 
6251,وَلَدَ,ولد,فَعَلَ يَفْعِلُ ( فتحُ كَسْرٍ ),مشترك ,0,0,0, , 
6252,وَلَذَ,ولذ,فَعَلَ يَفْعِلُ ( فتحُ كَسْرٍ ),لازم,0,0,0, , 
6253,وَلَسَ,ولس,فَعَلَ يَفْعِلُ ( فتحُ كَسْرٍ ),مشترك ,0,0,0, , 
6254,وَلَعَ,ولع,فَعَلَ يَفْعَلُ ( فتحتان ),مشترك ,0,0,0, , 
6255,وَلِعَ,ولع,فَعِلَ يَفْعَلُ ( كسر فتح ),لازم,0,0,0, , 
6256,وَلَغَ,ولغ,فَعَلَ يَفْعِلُ ( فتحُ كَسْرٍ ),مشترك ,0,0,0, , 
6257,وَلَغَ,ولغ,فَعَلَ يَفْعَلُ ( فتحتان ),مشترك ,0,0,0, , 
6258,خَصِرَ,خصر,فَعِلَ يَفْعَلُ ( كسر فتح ),لازم,0,0,0, , 
6259,وَلِغَ,ولغ,فَعِلَ يَفْعَلُ ( كسر فتح ),مشترك ,0,0,0, , 
6260,وَلِغَ,ولغ,فَعِلَ يَفْعِلُ ( كسرتان ),لازم,0,0,0, , 
6261,وَلَفَ,ولف,فَعَلَ يَفْعِلُ ( فتحُ كَسْرٍ ),لازم,0,0,0, , 
6262,وَلَقَ,ولق,فَعَلَ يَفْعِلُ ( فتحُ كَسْرٍ ),مشترك ,0,0,0, , 
6263,وَلَهَ,وله,فَعَلَ يَفْعِلُ ( فتحُ كَسْرٍ ),لازم,0,0,0, , 
6264,وَلِهَ,وله,فَعِلَ يَفْعَلُ ( كسر فتح ),لازم,0,0,0, , 
6265,وَلِهَ,وله,فَعِلَ يَفْعِلُ ( كسرتان ),لازم,0,0,0, , 
6266,وَلَى,ولي,فَعَلَ يَفْعِلُ ( فتحُ كَسْرٍ ),متعدي,0,0,0, , 
6267,وَلِيَ,ولي,فَعِلَ يَفْعِلُ ( كسرتان ),متعدي,0,0,0, , 
6268,وَمَأَ,ومء,فَعَلَ يَفْعَلُ ( فتحتان ),لازم,0,0,0, , 
6269,وَمِدَ,ومد,فَعِلَ يَفْعَلُ ( كسر فتح ),لازم,0,0,0, , 
6270,وَمَزَ,ومز,فَعَلَ يَفْعِلُ ( فتحُ كَسْرٍ ),لازم,0,0,0, , 
6271,وَمَسَ,ومس,فَعَلَ يَفْعِلُ ( فتحُ كَسْرٍ ),مشترك ,0,0,0, , 
6272,وَمَضَ,ومض,فَعَلَ يَفْعِلُ ( فتحُ كَسْرٍ ),لازم,0,0,0, , 
6273,وَمِقَ,ومق,فَعِلَ يَفْعِلُ ( كسرتان ),متعدي,0,0,0, , 
6274,وَمِهَ,ومه,فَعِلَ يَفْعَلُ ( كسر فتح ),لازم,0,0,0, , 
6275,وَنَكَ,ونك,فَعَلَ يَفْعِلُ ( فتحُ كَسْرٍ ),لازم,0,0,0, , 
6276,وَنَمَ,ونم,فَعَلَ يَفْعِلُ ( فتحُ كَسْرٍ ),لازم,0,0,0, , 
6277,وَنَى,وني,فَعَلَ يَفْعِلُ ( فتحُ كَسْرٍ ),مشترك ,0,0,0, , 
6278,وَنِيَ,وني,فَعِلَ يَفْعَلُ ( كسر فتح ),لازم,0,0,0, , 
6279,وَهَبَ,وهب,فَعَلَ يَفْعَلُ ( فتحتان ),مشترك ,0,0,0, , 
6280,وَهَتَ,وهت,فَعَلَ يَفْعِلُ ( فتحُ كَسْرٍ ),متعدي,0,0,0, , 
6281,وَهَثَ,وهث,فَعَلَ يَفْعِلُ ( فتحُ كَسْرٍ ),مشترك ,0,0,0, , 
6282,وَهَجَ,وهج,فَعَلَ يَفْعِلُ ( فتحُ كَسْرٍ ),لازم,0,0,0, , 
6283,وَهَرَ,وهر,فَعَلَ يَفْعِلُ ( فتحُ كَسْرٍ ),متعدي,0,0,0, , 
6284,وَهَزَ,وهز,فَعَلَ يَفْعِلُ ( فتحُ كَسْرٍ ),متعدي,0,0,0, , 
6285,وَهَسَ,وهس,فَعَلَ يَفْعِلُ ( فتحُ كَسْرٍ ),مشترك ,0,0,0, , 
6286,وَهَصَ,وهص,فَعَلَ يَفْعِلُ ( فتحُ كَسْرٍ ),متعدي,0,0,0, , 
6287,خَصَّ,خصص,فَعَلَ يَفْعُلُ ( فتحُ ضمٍّ ),مشترك ,0,0,0, , 
6288,وَهَطَ,وهط,فَعَلَ يَفْعِلُ ( فتحُ كَسْرٍ ),مشترك ,0,0,0, , 
6289,وَهَفَ,وهف,فَعَلَ يَفْعِلُ ( فتحُ كَسْرٍ ),لازم,0,0,0, , 
6290,وَهَقَ,وهق,فَعَلَ يَفْعِلُ ( فتحُ كَسْرٍ ),متعدي,0,0,0, , 
6291,وَهَلَ,وهل,فَعَلَ يَفْعِلُ ( فتحُ كَسْرٍ ),لازم,0,0,0, , 
6292,وَهَلَ,وهل,فَعَلَ يَفْعَلُ ( فتحتان ),لازم,0,0,0, , 
6293,وَهِلَ,وهل,فَعِلَ يَفْعَلُ ( كسر فتح ),لازم,0,0,0, , 
6294,وَهَمَ,وهم,فَعَلَ يَفْعِلُ ( فتحُ كَسْرٍ ),مشترك ,0,0,0, , 
6295,وَهِمَ,وهم,فَعِلَ يَفْعَلُ ( كسر فتح ),لازم,0,0,0, , 
6296,وَهِمَ,وهم,فَعِلَ يَفْعِلُ ( كسرتان ),لازم,0,0,0, , 
6297,وَهَنَ,وهن,فَعَلَ يَفْعِلُ ( فتحُ كَسْرٍ ),مشترك ,0,0,0, , 
6298,وَهِنَ,وهن,فَعِلَ يَفْعِلُ ( كسرتان ),لازم,0,0,0, , 
6299,وَهَى,وهي,فَعَلَ يَفْعِلُ ( فتحُ كَسْرٍ ),لازم,0,0,0, , 
6300,وَهِيَ,وهي,فَعِلَ يَفْعِلُ ( كسرتان ),لازم,0,0,0, , 
6301,يَئِسَ,يءس,فَعِلَ يَفْعَلُ ( كسر فتح ),مشترك ,0,0,0, , 
6302,يَئِسَ,يءس,فَعِلَ يَفْعِلُ ( كسرتان ),لازم,0,0,0, , 
6303,يَبِسَ,يبس,فَعِلَ يَفْعَلُ ( كسر فتح ),لازم,0,0,0, , 
6304,يَبِسَ,يبس,فَعِلَ يَفْعِلُ ( كسرتان ),لازم,0,0,0, , 
6305,يَتَمَ,يتم,فَعَلَ يَفْعِلُ ( فتحُ كَسْرٍ ),لازم,0,0,0, , 
6306,يَتِمَ,يتم,فَعِلَ يَفْعَلُ ( كسر فتح ),لازم,0,0,0, , 
6307,يَتُمَ,يتم,فَعُلَ يَفْعُلُ ( ضمَ ضمٍَ ),لازم,0,0,0, , 
6308,يَتَنَ,يتن,فَعَلَ يَفْعِلُ ( فتحُ كَسْرٍ ),لازم,0,0,0, , 
6309,يَدَى,يدي,فَعَلَ يَفْعِلُ ( فتحُ كَسْرٍ ),مشترك ,0,0,0, , 
6310,يَدِيَ,يدي,فَعِلَ يَفْعَلُ ( كسر فتح ),لازم,0,0,0, , 
6311,يَرَّ,يرر,فَعِلَ يَفْعَلُ ( كسر فتح ),لازم,0,0,0, , 
6312,يَرِعَ,يرع,فَعِلَ يَفْعَلُ ( كسر فتح ),لازم,0,0,0, , 
6313,يَسَرَ,يسر,فَعَلَ يَفْعِلُ ( فتحُ كَسْرٍ ),مشترك ,0,0,0, , 
6314,خَصَّ,خصص,فَعِلَ يَفْعَلُ ( كسر فتح ),لازم,0,0,0, , 
6315,يَسِرَ,يسر,فَعِلَ يَفْعَلُ ( كسر فتح ),لازم,0,0,0, , 
6316,يَسُرَ,يسر,فَعُلَ يَفْعُلُ ( ضمَ ضمٍَ ),لازم,0,0,0, , 
6317,يَسَّ,يسس,فَعَلَ يَفْعِلُ ( فتحُ كَسْرٍ ),لازم,0,0,0, , 
6318,يَعَرَ,يعر,فَعَلَ يَفْعِلُ ( فتحُ كَسْرٍ ),لازم,0,0,0, , 
6319,يَعَرَ,يعر,فَعَلَ يَفْعَلُ ( فتحتان ),لازم,0,0,0, , 
6320,يَفَخَ,يفخ,فَعَلَ يَفْعَلُ ( فتحتان ),متعدي,0,0,0, , 
6321,يَفَعَ,يفع,فَعَلَ يَفْعَلُ ( فتحتان ),مشترك ,0,0,0, , 
6322,يَقِظَ,يقظ,فَعِلَ يَفْعَلُ ( كسر فتح ),لازم,0,0,0, , 
6323,يَقُظَ,يقظ,فَعُلَ يَفْعُلُ ( ضمَ ضمٍَ ),لازم,0,0,0, , 
6324,يَقَّ,يقق,فَعِلَ يَفْعَلُ ( كسر فتح ),لازم,0,0,0, , 
6325,يَقِنَ,يقن,فَعِلَ يَفْعَلُ ( كسر فتح ),مشترك ,0,0,0, , 
6326,يَلَّ,يلل,فَعِلَ يَفْعَلُ ( كسر فتح ),لازم,0,0,0, , 
6327,يَلَّ,يلل,فَعِلَ يَفْعَلُ ( كسر فتح ),لازم,0,0,0, , 
6328,يَمَنَ,يمن,فَعَلَ يَفْعُلُ ( فتحُ ضمٍّ ),مشترك ,0,0,0, , 
6329,يَمَنَ,يمن,فَعَلَ يَفْعِلُ ( فتحُ كَسْرٍ ),مشترك ,0,0,0, , 
6330,يَمُنَ,يمن,فَعُلَ يَفْعُلُ ( ضمَ ضمٍَ ),لازم,0,0,0, , 
6331,يَنَعَ,ينع,فَعَلَ يَفْعَلُ ( فتحتان ),لازم,0,0,0, , 
6332,يَهِمَ,يهم,فَعِلَ يَفْعَلُ ( كسر فتح ),لازم,0,0,0, , 
6333,خَصَفَ,خصف,فَعَلَ يَفْعِلُ ( فتحُ كَسْرٍ ),مشترك ,0,0,0, , 
6334,خَصِفَ,خصف,فَعِلَ يَفْعَلُ ( كسر فتح ),لازم,0,0,0, , 
6335,خَصَلَ,خصل,فَعَلَ يَفْعُلُ ( فتحُ ضمٍّ ),مشترك ,0,0,0, , 
6336,خَصَمَ,خصم,فَعَلَ يَفْعِلُ ( فتحُ كَسْرٍ ),متعدي,0,0,0, , 
6337,خَصِمَ,خصم,فَعِلَ يَفْعَلُ ( كسر فتح ),لازم,0,0,0, , 
6338,خَصَى,خصي,فَعَلَ يَفْعِلُ ( فتحُ كَسْرٍ ),متعدي,0,0,0, , 
6339,خَضَبَ,خضب,فَعَلَ يَفْعِلُ ( فتحُ كَسْرٍ ),مشترك ,0,0,0, , 
6340,خَضِبَ,خضب,فَعِلَ يَفْعَلُ ( كسر فتح ),لازم,0,0,0, , 
6341,خَضَدَ,خضد,فَعَلَ يَفْعِلُ ( فتحُ كَسْرٍ ),مشترك ,0,0,0, , 
6342,خَضِدَ,خضد,فَعِلَ يَفْعَلُ ( كسر فتح ),لازم,0,0,0, , 
6343,خَضَرَ,خضر,فَعَلَ يَفْعُلُ ( فتحُ ضمٍّ ),متعدي,0,0,0, , 
6344,خَضِرَ,خضر,فَعِلَ يَفْعَلُ ( كسر فتح ),لازم,0,0,0, , 
6345,خَضَعَ,خضع,فَعَلَ يَفْعَلُ ( فتحتان ),مشترك ,0,0,0, , 
6346,خَضِعَ,خضع,فَعِلَ يَفْعَلُ ( كسر فتح ),لازم,0,0,0, , 
6347,خَضَفَ,خضف,فَعَلَ يَفْعِلُ ( فتحُ كَسْرٍ ),مشترك ,0,0,0, , 
6348,خَضِلَ,خضل,فَعِلَ يَفْعَلُ ( كسر فتح ),لازم,0,0,0, , 
6349,خَضَمَ,خضم,فَعَلَ يَفْعِلُ ( فتحُ كَسْرٍ ),مشترك ,0,0,0, , 
6350,خَضِمَ,خضم,فَعِلَ يَفْعَلُ ( كسر فتح ),مشترك ,0,0,0, , 
6351,خَضَنَ,خضن,فَعَلَ يَفْعُلُ ( فتحُ ضمٍّ ),متعدي,0,0,0, , 
6352,خَطَأَ,خطء,فَعَلَ يَفْعَلُ ( فتحتان ),لازم,0,0,0, , 
6353,خَطِئَ,خطء,فَعِلَ يَفْعَلُ ( كسر فتح ),مشترك ,0,0,0, , 
6354,خَطَبَ,خطب,فَعَلَ يَفْعُلُ ( فتحُ ضمٍّ ),مشترك ,0,0,0, , 
6355,خَطِبَ,خطب,فَعِلَ يَفْعَلُ ( كسر فتح ),لازم,0,0,0, , 
6356,خَطُبَ,خطب,فَعُلَ يَفْعُلُ ( ضمَ ضمٍَ ),لازم,0,0,0, , 
6357,خَطَرَ,خطر,فَعَلَ يَفْعُلُ ( فتحُ ضمٍّ ),مشترك ,0,0,0, , 
6358,خَطَرَ,خطر,فَعَلَ يَفْعِلُ ( فتحُ كَسْرٍ ),مشترك ,0,0,0, , 
6359,خَطُرَ,خطر,فَعُلَ يَفْعُلُ ( ضمَ ضمٍَ ),لازم,0,0,0, , 
6360,خَطَّ,خطط,فَعَلَ يَفْعُلُ ( فتحُ ضمٍّ ),مشترك ,0,0,0, , 
6361,خَطَفَ,خطف,فَعَلَ يَفْعِلُ ( فتحُ كَسْرٍ ),مشترك ,0,0,0, , 
6362,خَطِفَ,خطف,فَعِلَ يَفْعَلُ ( كسر فتح ),مشترك ,0,0,0, , 
6363,خَطِلَ,خطل,فَعِلَ يَفْعَلُ ( كسر فتح ),لازم,0,0,0, , 
6364,خَطَمَ,خطم,فَعَلَ يَفْعِلُ ( فتحُ كَسْرٍ ),مشترك ,0,0,0, , 
6365,خَطَا,خطو,فَعَلَ يَفْعُلُ ( فتحُ ضمٍّ ),لازم,0,0,0, , 
6366,خَظَا,خظو,فَعَلَ يَفْعُلُ ( فتحُ ضمٍّ ),لازم,0,0,0, , 
6367,خَعَّ,خعع,فَعَلَ يَفْعِلُ ( فتحُ كَسْرٍ ),لازم,0,0,0, , 
6368,خَفَأَ,خفء,فَعَلَ يَفْعَلُ ( فتحتان ),لازم,0,0,0, , 
6369,خَفَتَ,خفت,فَعَلَ يَفْعِلُ ( فتحُ كَسْرٍ ),مشترك ,0,0,0, , 
6370,خَفَجَ,خفج,فَعَلَ يَفْعِلُ ( فتحُ كَسْرٍ ),لازم,0,0,0, , 
6371,خَفِجَ,خفج,فَعِلَ يَفْعَلُ ( كسر فتح ),لازم,0,0,0, , 
6372,خَفَدَ,خفد,فَعَلَ يَفْعُلُ ( فتحُ ضمٍّ ),لازم,0,0,0, , 
6373,خَفِدَ,خفد,فَعِلَ يَفْعَلُ ( كسر فتح ),لازم,0,0,0, , 
6374,خَفَرَ,خفر,فَعَلَ يَفْعُلُ ( فتحُ ضمٍّ ),مشترك ,0,0,0, , 
6375,خَفَرَ,خفر,فَعَلَ يَفْعِلُ ( فتحُ كَسْرٍ ),مشترك ,0,0,0, , 
6376,خَفِرَ,خفر,فَعِلَ يَفْعَلُ ( كسر فتح ),لازم,0,0,0, , 
6377,خَفَسَ,خفس,فَعَلَ يَفْعِلُ ( فتحُ كَسْرٍ ),مشترك ,0,0,0, , 
6378,خَفَشَ,خفش,فَعَلَ يَفْعُلُ ( فتحُ ضمٍّ ),لازم,0,0,0, , 
6379,خَفِشَ,خفش,فَعِلَ يَفْعَلُ ( كسر فتح ),لازم,0,0,0, , 
6380,خَفَضَ,خفض,فَعَلَ يَفْعِلُ ( فتحُ كَسْرٍ ),مشترك ,0,0,0, , 
6381,خَفُضَ,خفض,فَعُلَ يَفْعُلُ ( ضمَ ضمٍَ ),لازم,0,0,0, , 
6382,خَفَعَ,خفع,فَعَلَ يَفْعَلُ ( فتحتان ),مشترك ,0,0,0, , 
6383,خَفَّ,خفف,فَعَلَ يَفْعِلُ ( فتحُ كَسْرٍ ),لازم,0,0,0, , 
6384,خَفَقَ,خفق,فَعَلَ يَفْعُلُ ( فتحُ ضمٍّ ),مشترك ,0,0,0, , 
6385,خَفَقَ,خفق,فَعَلَ يَفْعِلُ ( فتحُ كَسْرٍ ),مشترك ,0,0,0, , 
6386,خَفَا,خفو,فَعَلَ يَفْعُلُ ( فتحُ ضمٍّ ),لازم,0,0,0, , 
6387,خَفِيَ,خفو,فَعِلَ يَفْعَلُ ( كسر فتح ),لازم,0,0,0, , 
6388,خَفَى,خفي,فَعَلَ يَفْعِلُ ( فتحُ كَسْرٍ ),مشترك ,0,0,0, , 
6389,خَفِيَ,خفي,فَعِلَ يَفْعَلُ ( كسر فتح ),لازم,0,0,0, , 
6390,خَقَّ,خقق,فَعَلَ يَفْعِلُ ( فتحُ كَسْرٍ ),مشترك ,0,0,0, , 
6391,خَلَأَ,خلء,فَعَلَ يَفْعَلُ ( فتحتان ),لازم,0,0,0, , 
6392,خَلَبَ,خلب,فَعَلَ يَفْعُلُ ( فتحُ ضمٍّ ),مشترك ,0,0,0, , 
6393,خَلَبَ,خلب,فَعَلَ يَفْعِلُ ( فتحُ كَسْرٍ ),مشترك ,0,0,0, , 
6394,خَلِبَ,خلب,فَعِلَ يَفْعَلُ ( كسر فتح ),لازم,0,0,0, , 
6395,خَلَجَ,خلج,فَعَلَ يَفْعُلُ ( فتحُ ضمٍّ ),مشترك ,0,0,0, , 
6396,خَلَجَ,خلج,فَعَلَ يَفْعِلُ ( فتحُ كَسْرٍ ),مشترك ,0,0,0, , 
6397,خَلِجَ,خلج,فَعِلَ يَفْعَلُ ( كسر فتح ),لازم,0,0,0, , 
6398,خَلَدَ,خلد,فَعَلَ يَفْعُلُ ( فتحُ ضمٍّ ),لازم,0,0,0, , 
6399,خَلَدَ,خلد,فَعَلَ يَفْعِلُ ( فتحُ كَسْرٍ ),لازم,0,0,0, , 
6400,خَلَسَ,خلس,فَعَلَ يَفْعِلُ ( فتحُ كَسْرٍ ),متعدي,0,0,0, , 
6401,خَلِسَ,خلس,فَعِلَ يَفْعَلُ ( كسر فتح ),لازم,0,0,0, , 
6402,خَلَصَ,خلص,فَعَلَ يَفْعُلُ ( فتحُ ضمٍّ ),لازم,0,0,0, , 
6403,خَلِصَ,خلص,فَعِلَ يَفْعَلُ ( كسر فتح ),لازم,0,0,0, , 
6404,خَلَطَ,خلط,فَعَلَ يَفْعِلُ ( فتحُ كَسْرٍ ),متعدي,0,0,0, , 
6405,خَلَعَ,خلع,فَعَلَ يَفْعَلُ ( فتحتان ),مشترك ,0,0,0, , 
6406,خَلُعَ,خلع,فَعُلَ يَفْعُلُ ( ضمَ ضمٍَ ),لازم,0,0,0, , 
6407,خَلَفَ,خلف,فَعَلَ يَفْعُلُ ( فتحُ ضمٍّ ),مشترك ,0,0,0, , 
6408,خَلِفَ,خلف,فَعِلَ يَفْعَلُ ( كسر فتح ),لازم,0,0,0, , 
6409,خَلُفَ,خلف,فَعُلَ يَفْعُلُ ( ضمَ ضمٍَ ),لازم,0,0,0, , 
6410,خَلَقَ,خلق,فَعَلَ يَفْعُلُ ( فتحُ ضمٍّ ),مشترك ,0,0,0, , 
6411,خَلِقَ,خلق,فَعِلَ يَفْعَلُ ( كسر فتح ),لازم,0,0,0, , 
6412,خَلُقَ,خلق,فَعُلَ يَفْعُلُ ( ضمَ ضمٍَ ),لازم,0,0,0, , 
6413,خَلَّ,خلل,فَعَلَ يَفْعُلُ ( فتحُ ضمٍّ ),مشترك ,0,0,0, , 
6414,خَلَّ,خلل,فَعَلَ يَفْعِلُ ( فتحُ كَسْرٍ ),مشترك ,0,0,0, , 
6415,خَلَا,خلو,فَعَلَ يَفْعُلُ ( فتحُ ضمٍّ ),مشترك ,0,0,0, , 
6416,خَلَى,خلي,فَعَلَ يَفْعِلُ ( فتحُ كَسْرٍ ),متعدي,0,0,0, , 
6417,خَمِجَ,خمج,فَعِلَ يَفْعَلُ ( كسر فتح ),مشترك ,0,0,0, , 
6418,خَمَدَ,خمد,فَعَلَ يَفْعُلُ ( فتحُ ضمٍّ ),لازم,0,0,0, , 
6419,خَمِدَ,خمد,فَعِلَ يَفْعَلُ ( كسر فتح ),لازم,0,0,0, , 
6420,خَمَرَ,خمر,فَعَلَ يَفْعُلُ ( فتحُ ضمٍّ ),مشترك ,0,0,0, , 
6421,خَمَرَ,خمر,فَعَلَ يَفْعِلُ ( فتحُ كَسْرٍ ),مشترك ,0,0,0, , 
6422,خَمِرَ,خمر,فَعِلَ يَفْعَلُ ( كسر فتح ),مشترك ,0,0,0, , 
6423,خَمَسَ,خمس,فَعَلَ يَفْعُلُ ( فتحُ ضمٍّ ),مشترك ,0,0,0, , 
6424,خَمَسَ,خمس,فَعَلَ يَفْعِلُ ( فتحُ كَسْرٍ ),مشترك ,0,0,0, , 
6425,خَمَشَ,خمش,فَعَلَ يَفْعُلُ ( فتحُ ضمٍّ ),متعدي,0,0,0, , 
6426,خَمَشَ,خمش,فَعَلَ يَفْعِلُ ( فتحُ كَسْرٍ ),متعدي,0,0,0, , 
6427,خَمَصَ,خمص,فَعَلَ يَفْعُلُ ( فتحُ ضمٍّ ),مشترك ,0,0,0, , 
6428,خَمِصَ,خمص,فَعِلَ يَفْعَلُ ( كسر فتح ),لازم,0,0,0, , 
6429,خَمُصَ,خمص,فَعُلَ يَفْعُلُ ( ضمَ ضمٍَ ),لازم,0,0,0, , 
6430,خَمَطَ,خمط,فَعَلَ يَفْعُلُ ( فتحُ ضمٍّ ),مشترك ,0,0,0, , 
6431,خَمَطَ,خمط,فَعَلَ يَفْعِلُ ( فتحُ كَسْرٍ ),متعدي,0,0,0, , 
6432,خَمِطَ,خمط,فَعِلَ يَفْعَلُ ( كسر فتح ),لازم,0,0,0, , 
6433,خَمَعَ,خمع,فَعَلَ يَفْعَلُ ( فتحتان ),لازم,0,0,0, , 
6434,خَمَلَ,خمل,فَعَلَ يَفْعُلُ ( فتحُ ضمٍّ ),مشترك ,0,0,0, , 
6435,خَمَّ,خمم,فَعَلَ يَفْعُلُ ( فتحُ ضمٍّ ),مشترك ,0,0,0, , 
6436,خَمَّ,خمم,فَعَلَ يَفْعِلُ ( فتحُ كَسْرٍ ),مشترك ,0,0,0, , 
6437,خَمَنَ,خمن,فَعَلَ يَفْعُلُ ( فتحُ ضمٍّ ),متعدي,0,0,0, , 
6438,خَمَنَ,خمن,فَعَلَ يَفْعِلُ ( فتحُ كَسْرٍ ),متعدي,0,0,0, , 
6439,خَنَأَ,خنء,فَعَلَ يَفْعَلُ ( فتحتان ),متعدي,0,0,0, , 
6440,خَنِبَ,خنب,فَعِلَ يَفْعَلُ ( كسر فتح ),لازم,0,0,0, , 
6441,خَنَثَ,خنث,فَعَلَ يَفْعِلُ ( فتحُ كَسْرٍ ),مشترك ,0,0,0, , 
6442,خَنِثَ,خنث,فَعِلَ يَفْعَلُ ( كسر فتح ),لازم,0,0,0, , 
6443,خَنِزَ,خنز,فَعِلَ يَفْعَلُ ( كسر فتح ),لازم,0,0,0, , 
6444,خَنَسَ,خنس,فَعَلَ يَفْعُلُ ( فتحُ ضمٍّ ),مشترك ,0,0,0, , 
6445,خَنَسَ,خنس,فَعَلَ يَفْعِلُ ( فتحُ كَسْرٍ ),مشترك ,0,0,0, , 
6446,خَنِسَ,خنس,فَعِلَ يَفْعَلُ ( كسر فتح ),لازم,0,0,0, , 
6447,خَنَطَ,خنط,فَعَلَ يَفْعِلُ ( فتحُ كَسْرٍ ),متعدي,0,0,0, , 
6448,خَنَعَ,خنع,فَعَلَ يَفْعَلُ ( فتحتان ),مشترك ,0,0,0, , 
6449,خَنَفَ,خنف,فَعَلَ يَفْعِلُ ( فتحُ كَسْرٍ ),مشترك ,0,0,0, , 
6450,خَنِفَ,خنف,فَعِلَ يَفْعَلُ ( كسر فتح ),لازم,0,0,0, , 
6451,خَنَقَ,خنق,فَعَلَ يَفْعُلُ ( فتحُ ضمٍّ ),متعدي,0,0,0, , 
6452,خَنَّ,خنن,فَعَلَ يَفْعُلُ ( فتحُ ضمٍّ ),متعدي,0,0,0, , 
6453,خَنَّ,خنن,فَعَلَ يَفْعِلُ ( فتحُ كَسْرٍ ),لازم,0,0,0, , 
6454,خَنَّ,خنن,فَعِلَ يَفْعَلُ ( كسر فتح ),لازم,0,0,0, , 
6455,خَنَا,خنو,فَعَلَ يَفْعُلُ ( فتحُ ضمٍّ ),لازم,0,0,0, , 
6456,خَنَى,خني,فَعَلَ يَفْعِلُ ( فتحُ كَسْرٍ ),متعدي,0,0,0, , 
6457,خَنِيَ,خني,فَعِلَ يَفْعَلُ ( كسر فتح ),لازم,0,0,0, , 
6458,خَابَ,خوب,فَعَلَ يَفْعُلُ ( فتحُ ضمٍّ ),لازم,0,0,0, , 
6459,خَاتَ,خوت,فَعَلَ يَفْعُلُ ( فتحُ ضمٍّ ),مشترك ,0,0,0, , 
6460,خَوِثَ,خوث,فَعِلَ يَفْعَلُ ( كسر فتح ),لازم,0,0,0, , 
6461,خَارَ,خور,فَعَلَ يَفْعُلُ ( فتحُ ضمٍّ ),مشترك ,0,0,0, , 
6462,خَوِرَ,خور,فَعِلَ يَفْعَلُ ( كسر فتح ),لازم,0,0,0, , 
6463,خَازَ,خوز,فَعَلَ يَفْعُلُ ( فتحُ ضمٍّ ),متعدي,0,0,0, , 
6464,خَاسَ,خوس,فَعَلَ يَفْعُلُ ( فتحُ ضمٍّ ),مشترك ,0,0,0, , 
6465,خَاشَ,خوش,فَعَلَ يَفْعُلُ ( فتحُ ضمٍّ ),مشترك ,0,0,0, , 
6466,خَاصَ,خوص,فَعَلَ يَفْعُلُ ( فتحُ ضمٍّ ),متعدي,0,0,0, , 
6467,خَوِصَ,خوص,فَعِلَ يَفْعَلُ ( كسر فتح ),لازم,0,0,0, , 
6468,خَاضَ,خوض,فَعَلَ يَفْعُلُ ( فتحُ ضمٍّ ),مشترك ,0,0,0, , 
6469,خَوفَ,خوف,فَعِلَ يَفْعَلُ ( كسر فتح ),مشترك ,0,0,0, , 
6470,خَاقَ,خوق,فَعَلَ يَفْعُلُ ( فتحُ ضمٍّ ),متعدي,0,0,0, , 
6471,خَوِقَ,خوق,فَعِلَ يَفْعَلُ ( كسر فتح ),لازم,0,0,0, , 
6472,خَالَ,خول,فَعَلَ يَفْعُلُ ( فتحُ ضمٍّ ),مشترك ,0,0,0, , 
6473,خَوِلَ,خول,فَعِلَ يَفْعَلُ ( كسر فتح ),لازم,0,0,0, , 
6474,خَامَ,خوم,فَعَلَ يَفْعُلُ ( فتحُ ضمٍّ ),لازم,0,0,0, , 
6475,خَا??َ,خون,فَعَلَ يَفْعُلُ ( فتحُ ضمٍّ ),مشترك ,0,0,0, , 
6476,خَوَى,خوي,فَعَلَ يَفْعِلُ ( فتحُ كَسْرٍ ),لازم,0,0,0, , 
6477,خَوِيَ,خوي,فَعِلَ يَفْعَلُ ( كسر فتح ),لازم,0,0,0, , 
6478,خَابَ,خيب,فَعَلَ يَفْعِلُ ( فتحُ كَسْرٍ ),لازم,0,0,0, , 
6479,خَاتَ,خيت,فَعَلَ يَفْعِلُ ( فتحُ كَسْرٍ ),مشترك ,0,0,0, , 
6480,خَارَ,خير,فَعَلَ يَفْعِلُ ( فتحُ كَسْرٍ ),مشترك ,0,0,0, , 
6481,خَازَ,خيز,فَعَلَ يَفْعِلُ ( فتحُ كَسْرٍ ),لازم,0,0,0, , 
6482,خَاسَ,خيس,فَعَلَ يَفْعِلُ ( فتحُ كَسْرٍ ),مشترك ,0,0,0, , 
6483,خَاشَ,خيش,فَعَلَ يَفْعِلُ ( فتحُ كَسْرٍ ),مشترك ,0,0,0, , 
6484,خَاصَ,خيص,فَعَلَ يَفْعِلُ ( فتحُ كَسْرٍ ),مشترك ,0,0,0, , 
6485,خَيِصَ,خيص,فَعِلَ يَفْعَلُ ( كسر فتح ),لازم,0,0,0, , 
6486,خَاطَ,خيط,فَعَلَ يَفْعِلُ ( فتحُ كَسْرٍ ),مشترك ,0,0,0, , 
6487,خَيِطَ,خيط,فَعِلَ يَفْعَلُ ( كسر فتح ),لازم,0,0,0, , 
6488,خَيِفَ,خيف,فَعِلَ يَفْعَلُ ( كسر فتح ),لازم,0,0,0, , 
6489,خَيِلَ,خيل,فَعِلَ يَفْعَلُ ( كسر فتح ),لازم,0,0,0, , 
6490,خَامَ,خيم,فَعَلَ يَفْعِلُ ( فتحُ كَسْرٍ ),مشترك ,0,0,0, , 
6491,دَأَبَ,دءب,فَعَلَ يَفْعَلُ ( فتحتان ),مشترك ,0,0,0, , 
6492,دَأَثَ,دءث,فَعَلَ يَفْعَلُ ( فتحتان ),مشترك ,0,0,0, , 
6493,دَئِصَ,دءص,فَعِلَ يَفْعَلُ ( كسر فتح ),لازم,0,0,0, , 
6494,دَئِضَ,دءض,فَعِلَ يَفْعَلُ ( كسر فتح ),لازم,0,0,0, , 
6495,دَأَظَ,دءظ,فَعَلَ يَفْعَلُ ( فتحتان ),مشترك ,0,0,0, , 
6496,دَأَكَ,دءك,فَعَلَ يَفْعَلُ ( فتحتان ),متعدي,0,0,0, , 
6497,دَأَلَ,دءل,فَعَلَ يَفْعَلُ ( فتحتان ),مشترك ,0,0,0, , 
6498,دَأَمَ,دءم,فَعَلَ يَفْعَلُ ( فتحتان ),متعدي,0,0,0, , 
6499,دَآ,دءو,فَعَلَ يَفْعُلُ ( فتحُ ضمٍّ ),لازم,0,0,0, , 
6500,دَأَى,دءي,فَعَلَ يَفْعَلُ ( فتحتان ),لازم,0,0,0, , 
6501,دَبَأَ,دبء,فَعَلَ يَفْعَلُ ( فتحتان ),مشترك ,0,0,0, , 
6502,دَبَّ,دبب,فَعَلَ يَفْعِلُ ( فتحُ كَسْرٍ ),لازم,0,0,0, , 
6503,دَبَّ,دبب,فَعِلَ يَفْعَلُ ( كسر فتح ),لازم,0,0,0, , 
6504,دَبَجَ,دبج,فَعَلَ يَفْعُلُ ( فتحُ ضمٍّ ),متعدي,0,0,0, , 
6505,دَبَرَ,دبر,فَعَلَ يَفْعُلُ ( فتحُ ضمٍّ ),مشترك ,0,0,0, , 
6506,دَبِرَ,دبر,فَعِلَ يَفْعَلُ ( كسر فتح ),لازم,0,0,0, , 
6507,دَبَشَ,دبش,فَعَلَ يَفْعِلُ ( فتحُ كَسْرٍ ),متعدي,0,0,0, , 
6508,دَبَغَ,دبغ,فَعَلَ يَفْعُلُ ( فتحُ ضمٍّ ),متعدي,0,0,0, , 
6509,دَبَغَ,دبغ,فَعَلَ يَفْعِلُ ( فتحُ كَسْرٍ ),متعدي,0,0,0, , 
6510,دَبَغَ,دبغ,فَعَلَ يَفْعَلُ ( فتحتان ),متعدي,0,0,0, , 
6511,دَبَقَ,دبق,فَعَلَ يَفْعِلُ ( فتحُ كَسْرٍ ),مشترك ,0,0,0, , 
6512,دَبِقَ,دبق,فَعِلَ يَفْعَلُ ( كسر فتح ),لازم,0,0,0, , 
6513,دَبَلَ,دبل,فَعَلَ يَفْعُلُ ( فتحُ ضمٍّ ),متعدي,0,0,0, , 
6514,دَبَلَ,دبل,فَعَلَ يَفْعِلُ ( فتحُ كَسْرٍ ),متعدي,0,0,0, , 
6515,دَبِلَ,دبل,فَعِلَ يَفْعَلُ ( كسر فتح ),لازم,0,0,0, , 
6516,دَبَى,دبي,فَعَلَ يَفْعِلُ ( فتحُ كَسْرٍ ),لازم,0,0,0, , 
6517,دَثَّ,دثث,فَعَلَ يَفْعُلُ ( فتحُ ضمٍّ ),مشترك ,0,0,0, , 
6518,دَثَّ,دثث,فَعَلَ يَفْعِلُ ( فتحُ كَسْرٍ ),مشترك ,0,0,0, , 
6519,دَثَرَ,دثر,فَعَلَ يَفْعُلُ ( فتحُ ضمٍّ ),لازم,0,0,0, , 
6520,دَثَطَ,دثط,فَعَلَ يَفْعُلُ ( فتحُ ضمٍّ ),مشترك ,0,0,0, , 
6521,دَثَعَ,دثع,فَعَلَ يَفْعَلُ ( فتحتان ),مشترك ,0,0,0, , 
6522,دَجَّ,دجج,فَعَلَ يَفْعِلُ ( فتحُ كَسْرٍ ),مشترك ,0,0,0, , 
6523,دَجِرَ,دجر,فَعِلَ يَفْعَلُ ( كسر فتح ),لازم,0,0,0, , 
6524,دَجَلَ,دجل,فَعَلَ يَفْعُلُ ( فتحُ ضمٍّ ),مشترك ,0,0,0, , 
6525,دَجَمَ,دجم,فَعَلَ يَفْعُلُ ( فتحُ ضمٍّ ),مشترك ,0,0,0, , 
6526,دَجِمَ,دجم,فَعِلَ يَفْعَلُ ( كسر فتح ),لازم,0,0,0, , 
6527,دَجَنَ,دجن,فَعَلَ يَفْعُلُ ( فتحُ ضمٍّ ),لازم,0,0,0, , 
6528,دَجَا,دجو,فَعَلَ يَفْعُلُ ( فتحُ ضمٍّ ),مشترك ,0,0,0, , 
6529,دَحَبَ,دحب,فَعَلَ يَفْعَلُ ( فتحتان ),متعدي,0,0,0, , 
6530,دَحَجَ,دحج,فَعَلَ يَفْعَلُ ( فتحتان ),متعدي,0,0,0, , 
6531,دَحَّ,دحح,فَعَلَ يَفْعُلُ ( فتحُ ضمٍّ ),مشترك ,0,0,0, , 
6532,دَحَرَ,دحر,فَعَلَ يَفْعَلُ ( فتحتان ),متعدي,0,0,0, , 
6533,دَحَزَ,دحز,فَعَلَ يَفْعَلُ ( فتحتان ),متعدي,0,0,0, , 
6534,دَحَسَ,دحس,فَعَلَ يَفْعَلُ ( فتحتان ),مشترك ,0,0,0, , 
6535,دَحَصَ,دحص,فَعَلَ يَفْعَلُ ( فتحتان ),مشترك ,0,0,0, , 
6536,دَحَضَ,دحض,فَعَلَ يَفْعَلُ ( فتحتان ),مشترك ,0,0,0, , 
6537,دَحَقَ,دحق,فَعَلَ يَفْعَلُ ( فتحتان ),مشترك ,0,0,0, , 
6538,دَحَلَ,دحل,فَعَلَ يَفْعَلُ ( فتحتان ),مشترك ,0,0,0, , 
6539,دَحِلَ,دحل,فَعِلَ يَفْعَلُ ( كسر فتح ),لازم,0,0,0, , 
6540,دَحَمَ,دحم,فَعَلَ يَفْعَلُ ( فتحتان ),متعدي,0,0,0, , 
6541,دَحِنَ,دحن,فَعِلَ يَفْعَلُ ( كسر فتح ),لازم,0,0,0, , 
6542,دَحَا,دحو,فَعَلَ يَفْعُلُ ( فتحُ ضمٍّ ),مشترك ,0,0,0, , 
6543,دَحَا,دحو,فَعَلَ يَفْعَلُ ( فتحتان ),مشترك ,0,0,0, , 
6544,دَحَى,دحي,فَعَلَ يَفْعَلُ ( فتحتان ),مشترك ,0,0,0, , 
6545,دَخَّ,دخخ,فَعَلَ يَفْعُلُ ( فتحُ ضمٍّ ),متعدي,0,0,0, , 
6546,دَخَّ,دخخ,فَعِلَ يَفْعَلُ ( كسر فتح ),لازم,0,0,0, , 
6547,دَخَرَ,دخر,فَعَلَ يَفْعَلُ ( فتحتان ),لازم,0,0,0, , 
6548,دَخِرَ,دخر,فَعِلَ يَفْعَلُ ( كسر فتح ),لازم,0,0,0, , 
6549,دَخَسَ,دخس,فَعَلَ يَفْعُلُ ( فتحُ ضمٍّ ),مشترك ,0,0,0, , 
6550,دَخَسَ,دخس,فَعَلَ يَفْعَلُ ( فتحتان ),مشترك ,0,0,0, , 
6551,دَخِسَ,دخس,فَعِلَ يَفْعَلُ ( كسر فتح ),لازم,0,0,0, , 
6552,دَخِشَ,دخش,فَعِلَ يَفْعَلُ ( كسر فتح ),لازم,0,0,0, , 
6553,دَخَصَ,دخص,فَعَلَ يَفْعَلُ ( فتحتان ),لازم,0,0,0, , 
6554,دَخَضَ,دخض,فَعَلَ يَفْعَلُ ( فتحتان ),لازم,0,0,0, , 
6555,دَخَلَ,دخل,فَعَلَ يَفْعُلُ ( فتحُ ضمٍّ ),مشترك ,0,0,0, , 
6556,دَخِلَ,دخل,فَعِلَ يَفْعَلُ ( كسر فتح ),لازم,0,0,0, , 
6557,دَخَمَ,دخم,فَعَلَ يَفْعَلُ ( فتحتان ),متعدي,0,0,0, , 
6558,دَخَنَ,دخن,فَعَلَ يَفْعُلُ ( فتحُ ضمٍّ ),لازم,0,0,0, , 
6559,دَخَنَ,دخن,فَعَلَ يَفْعِلُ ( فتحُ كَسْرٍ ),لازم,0,0,0, , 
6560,دَخَنَ,دخن,فَعَلَ يَفْعَلُ ( فتحتان ),لازم,0,0,0, , 
6561,دَخِنَ,دخن,فَعِلَ يَفْعَلُ ( كسر فتح ),لازم,0,0,0, , 
6562,دَخُنَ,دخن,فَعُلَ يَفْعُلُ ( ضمَ ضمٍَ ),لازم,0,0,0, , 
6563,دَرَأَ,درء,فَعَلَ يَفْعَلُ ( فتحتان ),مشترك ,0,0,0, , 
6564,دَرِبَ,درب,فَعِلَ يَفْعَلُ ( كسر فتح ),لازم,0,0,0, , 
6565,دَرَجَ,درج,فَعَلَ يَفْعُلُ ( فتحُ ضمٍّ ),مشترك ,0,0,0, , 
6566,دَرِجَ,درج,فَعِلَ يَفْعَلُ ( كسر فتح ),لازم,0,0,0, , 
6567,دَرَحَ,درح,فَعَلَ يَفْعَلُ ( فتحتان ),متعدي,0,0,0, , 
6568,دَرِحَ,درح,فَعِلَ يَفْعَلُ ( كسر فتح ),لازم,0,0,0, , 
6569,دَرِدَ,درد,فَعِلَ يَفْعَلُ ( كسر فتح ),لازم,0,0,0, , 
6570,دَرَّ,درر,فَعَلَ يَفْعُلُ ( فتحُ ضمٍّ ),لازم,0,0,0, , 
6571,دَرَّ,درر,فَعَلَ يَفْعِلُ ( فتحُ كَسْرٍ ),لازم,0,0,0, , 
6572,دَرَّ,درر,فَعِلَ يَفْعَلُ ( كسر فتح ),لازم,0,0,0, , 
6573,دَرَزَ,درز,فَعَلَ يَفْعُلُ ( فتحُ ضمٍّ ),متعدي,0,0,0, , 
6574,دَرِزَ,درز,فَعِلَ يَفْعَلُ ( كسر فتح ),لازم,0,0,0, , 
6575,دَرَسَ,درس,فَعَلَ يَفْعُلُ ( فتحُ ضمٍّ ),مشترك ,0,0,0, , 
6576,دَرَسَ,درس,فَعَلَ يَفْعِلُ ( فتحُ كَسْرٍ ),متعدي,0,0,0, , 
6577,دَرُسَ,درس,فَعُلَ يَفْعُلُ ( ضمَ ضمٍَ ),لازم,0,0,0, , 
6578,دَرِصَ,درص,فَعِلَ يَفْعَلُ ( كسر فتح ),لازم,0,0,0, , 
6579,دَرَعَ,درع,فَعَلَ يَفْعَلُ ( فتحتان ),متعدي,0,0,0, , 
6580,دَرِعَ,درع,فَعِلَ يَفْعَلُ ( كسر فتح ),لازم,0,0,0, , 
6581,دَرَمَ,درم,فَعَلَ يَفْعِلُ ( فتحُ كَسْرٍ ),لازم,0,0,0, , 
6582,دَرِمَ,درم,فَعِلَ يَفْعَلُ ( كسر فتح ),لازم,0,0,0, , 
6583,دَرِنَ,درن,فَعِلَ يَفْعَلُ ( كسر فتح ),لازم,0,0,0, , 
6584,دَرَهَ,دره,فَعَلَ يَفْعَلُ ( فتحتان ),لازم,0,0,0, , 
6585,دَرَى,دري,فَعَلَ يَفْعِلُ ( فتحُ كَسْرٍ ),مشترك ,0,0,0, , 
6586,دَزَرَ,دزر,فَعَلَ يَفْعُلُ ( فتحُ ضمٍّ ),متعدي,0,0,0, , 
6587,دَسَرَ,دسر,فَعَلَ يَفْعُلُ ( فتحُ ضمٍّ ),متعدي,0,0,0, , 
6588,دَسَّ,دسس,فَعَلَ يَفْعُلُ ( فتحُ ضمٍّ ),متعدي,0,0,0, , 
6589,دَسَعَ,دسع,فَعَلَ يَفْعَلُ ( فتحتان ),مشترك ,0,0,0, , 
6590,دَسِقَ,دسق,فَعِلَ يَفْعَلُ ( كسر فتح ),لازم,0,0,0, , 
6591,دَسَمَ,دسم,فَعَلَ يَفْعُلُ ( فتحُ ضمٍّ ),مشترك ,0,0,0, , 
6592,دَسَمَ,دسم,فَعَلَ يَفْعِلُ ( فتحُ كَسْرٍ ),متعدي,0,0,0, , 
6593,دَسِمَ,دسم,فَعِلَ يَفْعَلُ ( كسر فتح ),لازم,0,0,0, , 
6594,دَسَا,دسو,فَعَلَ يَفْعُلُ ( فتحُ ضمٍّ ),لازم,0,0,0, , 
6595,دَشَّ,دشش,فَعَلَ يَفْعُلُ ( فتحُ ضمٍّ ),مشترك ,0,0,0, , 
6596,دَشَنَ,دشن,فَعَلَ يَفْعُلُ ( فتحُ ضمٍّ ),لازم,0,0,0, , 
6597,دَشَا,دشو,فَعَلَ يَفْعُلُ ( فتحُ ضمٍّ ),لازم,0,0,0, , 
6598,دَصَقَ,دصق,فَعَلَ يَفْعُلُ ( فتحُ ضمٍّ ),متعدي,0,0,0, , 
6599,دَظَّ,دظظ,فَعَلَ يَفْعُلُ ( فتحُ ضمٍّ ),متعدي,0,0,0, , 
6600,دَعَبَ,دعب,فَعَلَ يَفْعَلُ ( فتحتان ),مشترك ,0,0,0, , 
6601,دَعِبَ,دعب,فَعِلَ يَفْعَلُ ( كسر فتح ),لازم,0,0,0, , 
6602,دَعَتَ,دعت,فَعَلَ يَفْعَلُ ( فتحتان ),متعدي,0,0,0, , 
6603,دَعَثَ,دعث,فَعَلَ يَفْعَلُ ( فتحتان ),متعدي,0,0,0, , 
6604,دَعِثَ,دعث,فَعِلَ يَفْعَلُ ( كسر فتح ),لازم,0,0,0, , 
6605,دَعِجَ,دعج,فَعِلَ يَفْعَلُ ( كسر فتح ),لازم,0,0,0, , 
6606,دَعَرَ,دعر,فَعَلَ يَفْعَلُ ( فتحتان ),لازم,0,0,0, , 
6607,دَعِرَ,دعر,فَعِلَ يَفْعَلُ ( كسر فتح ),لازم,0,0,0, , 
6608,دَعَزَ,دعز,فَعَلَ يَفْعَلُ ( فتحتان ),متعدي,0,0,0, , 
6609,دَعَسَ,دعس,فَعَلَ يَفْعَلُ ( فتحتان ),متعدي,0,0,0, , 
6610,دَعَصَ,دعص,فَعَلَ يَفْعَلُ ( فتحتان ),مشترك ,0,0,0, , 
6611,دَعَظَ,دعظ,فَعَلَ يَفْعَلُ ( فتحتان ),متعدي,0,0,0, , 
6612,دَعَّ,دعع,فَعَلَ يَفْعُلُ ( فتحُ ضمٍّ ),متعدي,0,0,0, , 
6613,دَعَقَ,دعق,فَعَلَ يَفْعَلُ ( فتحتان ),متعدي,0,0,0, , 
6614,دَعَكَ,دعك,فَعَلَ يَفْعَلُ ( فتحتان ),متعدي,0,0,0, , 
6615,دَعِكَ,دعك,فَعِلَ يَفْعَلُ ( كسر فتح ),لازم,0,0,0, , 
6616,دَعَلَ,دعل,فَعَلَ يَفْعُلُ ( فتحُ ضمٍّ ),متعدي,0,0,0, , 
6617,دَعَمَ,دعم,فَعَلَ يَفْعَلُ ( فتحتان ),مشترك ,0,0,0, , 
6618,دَعَنَ,دعن,فَعَلَ يَفْعَلُ ( فتحتان ),لازم,0,0,0, , 
6619,دَعَا,دعو,فَعَلَ يَفْعُلُ ( فتحُ ضمٍّ ),مشترك ,0,0,0, , 
6620,دَغَتَ,دغت,فَعَلَ يَفْعَلُ ( فتحتان ),متعدي,0,0,0, , 
6621,دَغَرَ,دغر,فَعَلَ يَفْعَلُ ( فتحتان ),مشترك ,0,0,0, , 
6622,دَغِرَ,دغر,فَعِلَ يَفْعَلُ ( كسر فتح ),لازم,0,0,0, , 
6623,دَغَشَ,دغش,فَعَلَ يَفْعَلُ ( فتحتان ),لازم,0,0,0, , 
6624,دَغِصَ,دغص,فَعِلَ يَفْعَلُ ( كسر فتح ),لازم,0,0,0, , 
6625,دَغَفَ,دغف,فَعَلَ يَفْعَلُ ( فتحتان ),متعدي,0,0,0, , 
6626,دَغَلَ,دغل,فَعَلَ يَفْعَلُ ( فتحتان ),لازم,0,0,0, , 
6627,دَغَمَ,دغم,فَعَلَ يَفْعَلُ ( فتحتان ),مشترك ,0,0,0, , 
6628,دَغِمَ,دغم,فَعِلَ يَفْعَلُ ( كسر فتح ),مشترك ,0,0,0, , 
6629,دَغَنَ,دغن,فَعَلَ يَفْعَلُ ( فتحتان ),لازم,0,0,0, , 
6630,دَفِئَ,دفء,فَعِلَ يَفْعَلُ ( كسر فتح ),لازم,0,0,0, , 
6631,دَفُؤَ,دفء,فَعُلَ يَفْعُلُ ( ضمَ ضمٍَ ),لازم,0,0,0, , 
6632,دَفَرَ,دفر,فَعَلَ يَفْعُلُ ( فتحُ ضمٍّ ),متعدي,0,0,0, , 
6633,دَفِرَ,دفر,فَعِلَ يَفْعَلُ ( كسر فتح ),لازم,0,0,0, , 
6634,دَفَعَ,دفع,فَعَلَ يَفْعَلُ ( فتحتان ),مشترك ,0,0,0, , 
6635,دَفَّ,دفف,فَعَلَ يَفْعُلُ ( فتحُ ضمٍّ ),مشترك ,0,0,0, , 
6636,دَفَّ,دفف,فَعَلَ يَفْعِلُ ( فتحُ كَسْرٍ ),مشترك ,0,0,0, , 
6637,دَفَقَ,دفق,فَعَلَ يَفْعُلُ ( فتحُ ضمٍّ ),مشترك ,0,0,0, , 
6638,دَفَقَ,دفق,فَعَلَ يَفْعِلُ ( فتحُ كَسْرٍ ),مشترك ,0,0,0, , 
6639,دَفِقَ,دفق,فَعِلَ يَفْعَلُ ( كسر فتح ),لازم,0,0,0, , 
6640,دَفَنَ,دفن,فَعَلَ يَفْعِلُ ( فتحُ كَسْرٍ ),مشترك ,0,0,0, , 
6641,دَفَا,دفو,فَعَلَ يَفْعُلُ ( فتحُ ضمٍّ ),متعدي,0,0,0, , 
6642,دَفِيَ,دفو,فَعِلَ يَفْعَلُ ( كسر فتح ),لازم,0,0,0, , 
6643,دَقِرَ,دقر,فَعِلَ يَفْعَلُ ( كسر فتح ),لازم,0,0,0, , 
6644,دَقَسَ,دقس,فَعَلَ يَفْعُلُ ( فتحُ ضمٍّ ),مشترك ,0,0,0, , 
6645,دَقِعَ,دقع,فَعِلَ يَفْعَلُ ( كسر فتح ),لازم,0,0,0, , 
6646,دَقَّ,دقق,فَعَلَ يَفْعُلُ ( فتحُ ضمٍّ ),متعدي,0,0,0, , 
6647,دَقَّ,دقق,فَعَلَ يَفْعِلُ ( فتحُ كَسْرٍ ),لازم,0,0,0, , 
6648,دَقَلَ,دقل,فَعَلَ يَفْعُلُ ( فتحُ ضمٍّ ),مشترك ,0,0,0, , 
6649,دَقَمَ,دقم,فَعَلَ يَفْعُلُ ( فتحُ ضمٍّ ),مشترك ,0,0,0, , 
6650,دَقَمَ,دقم,فَعَلَ يَفْعِلُ ( فتحُ كَسْرٍ ),مشترك ,0,0,0, , 
6651,دَقِمَ,دقم,فَعِلَ يَفْعَلُ ( كسر فتح ),لازم,0,0,0, , 
6652,دَقَنَ,دقن,فَعَلَ يَفْعُلُ ( فتحُ ضمٍّ ),لازم,0,0,0, , 
6653,دَقِيَ,دقي,فَعِلَ يَفْعَلُ ( كسر فتح ),لازم,0,0,0, , 
6654,دَكَأَ,دكء,فَعَلَ يَفْعَلُ ( فتحتان ),متعدي,0,0,0, , 
6655,دَكَسَ,دكس,فَعَلَ يَفْعُلُ ( فتحُ ضمٍّ ),متعدي,0,0,0, , 
6656,دَكِسَ,دكس,فَعِلَ يَفْعَلُ ( كسر فتح ),لازم,0,0,0, , 
6657,دَكَعَ,دكع,فَعَلَ يَفْعَلُ ( فتحتان ),لازم,0,0,0, , 
6658,دَكَّ,دكك,فَعَلَ يَفْعُلُ ( فتحُ ضمٍّ ),متعدي,0,0,0, , 
6659,دَكَّ,دكك,فَعِلَ يَفْعَلُ ( كسر فتح ),لازم,0,0,0, , 
6660,دَكَلَ,دكل,فَعَلَ يَفْعُلُ ( فتحُ ضمٍّ ),متعدي,0,0,0, , 
6661,دَكَلَ,دكل,فَعَلَ يَفْعِلُ ( فتحُ كَسْرٍ ),متعدي,0,0,0, , 
6662,دَكَمَ,دكم,فَعَلَ يَفْعُلُ ( فتحُ ضمٍّ ),متعدي,0,0,0, , 
6663,دَكَنَ,دكن,فَعَلَ يَفْعُلُ ( فتحُ ضمٍّ ),متعدي,0,0,0, , 
6664,دَكِنَ,دكن,فَعِلَ يَفْعَلُ ( كسر فتح ),لازم,0,0,0, , 
6665,دَلَثَ,دلث,فَعَلَ يَفْعِلُ ( فتحُ كَسْرٍ ),لازم,0,0,0, , 
6666,دَلَجَ,دلج,فَعَلَ يَفْعُلُ ( فتحُ ضمٍّ ),لازم,0,0,0, , 
6667,دَلَجَ,دلج,فَعَلَ يَفْعِلُ ( فتحُ كَسْرٍ ),لازم,0,0,0, , 
6668,دَلَحَ,دلح,فَعَلَ يَفْعَلُ ( فتحتان ),مشترك ,0,0,0, , 
6669,دَلِخَ,دلخ,فَعِلَ يَفْعَلُ ( كسر فتح ),لازم,0,0,0, , 
6670,دَلَصَ,دلص,فَعَلَ يَفْعُلُ ( فتحُ ضمٍّ ),مشترك ,0,0,0, , 
6671,دَلِصَ,دلص,فَعِلَ يَفْعَلُ ( كسر فتح ),لازم,0,0,0, , 
6672,دَلَظَ,دلظ,فَعَلَ يَفْعِلُ ( فتحُ كَسْرٍ ),مشترك ,0,0,0, , 
6673,دَلَعَ,دلع,فَعَلَ يَفْعُلُ ( فتحُ ضمٍّ ),لازم,0,0,0, , 
6674,دَلَعَ,دلع,فَعَلَ يَفْعَلُ ( فتحتان ),مشترك ,0,0,0, , 
6675,دَلَغَ,دلغ,فَعَلَ يَفْعَلُ ( فتحتان ),مشترك ,0,0,0, , 
6676,دَلَفَ,دلف,فَعَلَ يَفْعِلُ ( فتحُ كَسْرٍ ),مشترك ,0,0,0, , 
6677,دَلَقَ,دلق,فَعَلَ يَفْعُلُ ( فتحُ ضمٍّ ),مشترك ,0,0,0, , 
6678,دَلَكَ,دلك,فَعَلَ يَفْعُلُ ( فتحُ ضمٍّ ),مشترك ,0,0,0, , 
6679,دَلَّ,دلل,فَعَلَ يَفْعُلُ ( فتحُ ضمٍّ ),مشترك ,0,0,0, , 
6680,دَلَّ,دلل,فَعَلَ يَفْعِلُ ( فتحُ كَسْرٍ ),لازم,0,0,0, , 
6681,دَلَّ,دلل,فَعِلَ يَفْعَلُ ( كسر فتح ),لازم,0,0,0, , 
6682,دَلِمَ,دلم,فَعِلَ يَفْعَلُ ( كسر فتح ),لازم,0,0,0, , 
6683,دَلَهَ,دله,فَعَلَ يَفْعَلُ ( فتحتان ),لازم,0,0,0, , 
6684,دَلِهَ,دله,فَعِلَ يَفْعَلُ ( كسر فتح ),لازم,0,0,0, , 
6685,دَلَا,دلو,فَعَلَ يَفْعُلُ ( فتحُ ضمٍّ ),مشترك ,0,0,0, , 
6686,دَلِيَ,دلو,فَعِلَ يَفْعَلُ ( كسر فتح ),لازم,0,0,0, , 
6687,دَمِثَ,دمث,فَعِلَ يَفْعَلُ ( كسر فتح ),لازم,0,0,0, , 
6688,دَمُثَ,دمث,فَعُلَ يَفْعُلُ ( ضمَ ضمٍَ ),لازم,0,0,0, , 
6689,دَمَجَ,دمج,فَعَلَ يَفْعُلُ ( فتحُ ضمٍّ ),مشترك ,0,0,0, , 
6690,دَمَخَ,دمخ,فَعَلَ يَفْعَلُ ( فتحتان ),مشترك ,0,0,0, , 
6691,دَمَرَ,دمر,فَعَلَ يَفْعُلُ ( فتحُ ضمٍّ ),مشترك ,0,0,0, , 
6692,دَمَسَ,دمس,فَعَلَ يَفْعُلُ ( فتحُ ضمٍّ ),مشترك ,0,0,0, , 
6693,دَمَسَ,دمس,فَعَلَ يَفْعِلُ ( فتحُ كَسْرٍ ),مشترك ,0,0,0, , 
6694,دَمِسَ,دمس,فَعِلَ يَفْعَلُ ( كسر فتح ),لازم,0,0,0, , 
6695,دَمِشَ,دمش,فَعِلَ يَفْعَلُ ( كسر فتح ),لازم,0,0,0, , 
6696,دَمَصَ,دمص,فَعَلَ يَفْعُلُ ( فتحُ ضمٍّ ),مشترك ,0,0,0, , 
6697,دَمِصَ,دمص,فَعِلَ يَفْعَلُ ( كسر فتح ),لازم,0,0,0, , 
6698,دَمَعَ,دمع,فَعَلَ يَفْعَلُ ( فتحتان ),مشترك ,0,0,0, , 
6699,دَمِعَ,دمع,فَعِلَ يَفْعَلُ ( كسر فتح ),لازم,0,0,0, , 
6700,دَمَغَ,دمغ,فَعَلَ يَفْعُلُ ( فتحُ ضمٍّ ),متعدي,0,0,0, , 
6701,دَمَغَ,دمغ,فَعَلَ يَفْعَلُ ( فتحتان ),متعدي,0,0,0, , 
6702,دَمَقَ,دمق,فَعَلَ يَفْعُلُ ( فتحُ ضمٍّ ),مشترك ,0,0,0, , 
6703,دَمَقَ,دمق,فَعَلَ يَفْعِلُ ( فتحُ كَسْرٍ ),مشترك ,0,0,0, , 
6704,دَمَكَ,دمك,فَعَلَ يَفْعُلُ ( فتحُ ضمٍّ ),مشترك ,0,0,0, , 
6705,دَمَلَ,دمل,فَعَلَ يَفْعُلُ ( فتحُ ضمٍّ ),مشترك ,0,0,0, , 
6706,دَمِلَ,دمل,فَعِلَ يَفْعَلُ ( كسر فتح ),لازم,0,0,0, , 
6707,دَمَّ,دمم,فَعَلَ يَفْعُلُ ( فتحُ ضمٍّ ),مشترك ,0,0,0, , 
6708,دَمَّ,دمم,فَعَلَ يَفْعِلُ ( فتحُ كَسْرٍ ),مشترك ,0,0,0, , 
6709,دَمَّ,دمم,فَعِلَ يَفْعَلُ ( كسر فتح ),لازم,0,0,0, , 
6710,دَمَّ,دمم,فَعُلَ يَفْعُلُ ( ضمَ ضمٍَ ),لازم,0,0,0, , 
6711,دَمَنَ,دمن,فَعَلَ يَفْعُلُ ( فتحُ ضمٍّ ),متعدي,0,0,0, , 
6712,دَمِنَ,دمن,فَعِلَ يَفْعَلُ ( كسر فتح ),لازم,0,0,0, , 
6713,دَمِهَ,دمه,فَعِلَ يَفْعَلُ ( كسر فتح ),لازم,0,0,0, , 
6714,دَمِيَ,دمي,فَعِلَ يَفْعَلُ ( كسر فتح ),لازم,0,0,0, , 
6715,دَنَأَ,دنء,فَعَلَ يَفْعَلُ ( فتحتان ),لازم,0,0,0, , 
6716,دَنِئَ,دنء,فَعِلَ يَفْعَلُ ( كسر فتح ),لازم,0,0,0, , 
6717,دَنُؤَ,دنء,فَعُلَ يَفْعُلُ ( ضمَ ضمٍَ ),لازم,0,0,0, , 
6718,دَنَحَ,دنح,فَعَلَ يَفْعَلُ ( فتحتان ),لازم,0,0,0, , 
6719,دَنَخَ,دنخ,فَعَلَ يَفْعَلُ ( فتحتان ),لازم,0,0,0, , 
6720,دَنِسَ,دنس,فَعِلَ يَفْعَلُ ( كسر فتح ),لازم,0,0,0, , 
6721,دَنَعَ,دنع,فَعَلَ يَفْعَلُ ( فتحتان ),لازم,0,0,0, , 
6722,دَنِعَ,دنع,فَعِلَ يَفْعَلُ ( كسر فتح ),لازم,0,0,0, , 
6723,دَنِفَ,دنف,فَعِلَ يَفْعَلُ ( كسر فتح ),لازم,0,0,0, , 
6724,دَنَقَ,دنق,فَعَلَ يَفْعُلُ ( فتحُ ضمٍّ ),لازم,0,0,0, , 
6725,دَنَقَ,دنق,فَعَلَ يَفْعِلُ ( فتحُ كَسْرٍ ),لازم,0,0,0, , 
6726,دَنَّ,دنن,فَعَلَ يَفْعِلُ ( فتحُ كَسْرٍ ),لازم,0,0,0, , 
6727,دَنَّ,دنن,فَعِلَ يَفْعَلُ ( كسر فتح ),مشترك ,0,0,0, , 
6728,دَنَا,دنو,فَعَلَ يَفْعُلُ ( فتحُ ضمٍّ ),لازم,0,0,0, , 
6729,دَنِيَ,دنو,فَعِلَ يَفْعَلُ ( كسر فتح ),لازم,0,0,0, , 
6730,دَنُوَ,دنو,فَعُلَ يَفْعُلُ ( ضمَ ضمٍَ ),لازم,0,0,0, , 
6731,دَهَثَ,دهث,فَعَلَ يَفْعَلُ ( فتحتان ),متعدي,0,0,0, , 
6732,دَهَرَ,دهر,فَعَلَ يَفْعَلُ ( فتحتان ),مشترك ,0,0,0, , 
6733,دَهِسَ,دهس,فَعِلَ يَفْعَلُ ( كسر فتح ),لازم,0,0,0, , 
6734,دَهُسَ,دهس,فَعُلَ يَفْعُلُ ( ضمَ ضمٍَ ),لازم,0,0,0, , 
6735,دَهَشَ,دهش,فَعَلَ يَفْعَلُ ( فتحتان ),متعدي,0,0,0, , 
6736,دَهِشَ,دهش,فَعِلَ يَفْعَلُ ( كسر فتح ),لازم,0,0,0, , 
6737,دَهَفَ,دهف,فَعَلَ يَفْعَلُ ( فتحتان ),متعدي,0,0,0, , 
6738,دَهَقَ,دهق,فَعَلَ يَفْعَلُ ( فتحتان ),متعدي,0,0,0, , 
6739,دَهَكَ,دهك,فَعَلَ يَفْعَلُ ( فتحتان ),متعدي,0,0,0, , 
6740,دَهَمَ,دهم,فَعَلَ يَفْعَلُ ( فتحتان ),متعدي,0,0,0, , 
6741,دَهِمَ,دهم,فَعِلَ يَفْعَلُ ( كسر فتح ),مشترك ,0,0,0, , 
6742,دَهَنَ,دهن,فَعَلَ يَفْعُلُ ( فتحُ ضمٍّ ),مشترك ,0,0,0, , 
6743,دَهِنَ,دهن,فَعِلَ يَفْعَلُ ( كسر فتح ),لازم,0,0,0, , 
6744,دَهُنَ,دهن,فَعُلَ يَفْعُلُ ( ضمَ ضمٍَ ),لازم,0,0,0, , 
6745,دَهَا,دهو,فَعَلَ يَفْعُلُ ( فتحُ ضمٍّ ),مشترك ,0,0,0, , 
6746,دَهُوَ,دهو,فَعُلَ يَفْعُلُ ( ضمَ ضمٍَ ),لازم,0,0,0, , 
6747,دَهَى,دهي,فَعَلَ يَفْعِلُ ( فتحُ كَسْرٍ ),مشترك ,0,0,0, , 
6748,دَهَى,دهي,فَعَلَ يَفْعَلُ ( فتحتان ),متعدي,0,0,0, , 
6749,دَهِيَ,دهي,فَعِلَ يَفْعَلُ ( كسر فتح ),لازم,0,0,0, , 
6750,دَوِئَ,دوء,فَعِلَ يَفْعَلُ ( كسر فتح ),لازم,0,0,0, , 
6751,دَاجَ,دوج,فَعَلَ يَفْعُلُ ( فتحُ ضمٍّ ),لازم,0,0,0, , 
6752,دَاحَ,دوح,فَعَلَ يَفْعُلُ ( فتحُ ضمٍّ ),لازم,0,0,0, , 
6753,دَاخَ,دوخ,فَعَلَ يَفْعُلُ ( فتحُ ضمٍّ ),مشترك ,0,0,0, , 
6754,دَوِدَ,دود,فَعِلَ يَفْعَلُ ( كسر فتح ),لازم,0,0,0, , 
6755,دَارَ,دور,فَعَلَ يَفْعُلُ ( فتحُ ضمٍّ ),مشترك ,0,0,0, , 
6756,دَاسَ,دوس,فَعَلَ يَفْعُلُ ( فتحُ ضمٍّ ),متعدي,0,0,0, , 
6757,دَاشَ,دوش,فَعَلَ يَفْعُلُ ( فتحُ ضمٍّ ),لازم,0,0,0, , 
6758,دَوِشَ,دوش,فَعِلَ يَفْعَلُ ( كسر فتح ),لازم,0,0,0, , 
6759,دَاعَ,دوع,فَعَلَ يَفْعُلُ ( فتحُ ضمٍّ ),لازم,0,0,0, , 
6760,دَاغَ,دوغ,فَعَلَ يَفْعُلُ ( فتحُ ضمٍّ ),مشترك ,0,0,0, , 
6761,دَافَ,دوف,فَعَلَ يَفْعُلُ ( فتحُ ضمٍّ ),متعدي,0,0,0, , 
6762,دَاقَ,دوق,فَعَلَ يَفْعُلُ ( فتحُ ضمٍّ ),مشترك ,0,0,0, , 
6763,دَاكَ,دوك,فَعَلَ يَفْعُلُ ( فتحُ ضمٍّ ),مشترك ,0,0,0, , 
6764,دَالَ,دول,فَعَلَ يَفْعُلُ ( فتحُ ضمٍّ ),لازم,0,0,0, , 
6765,دَامَ,دوم,فَعَلَ يَفْعُلُ ( فتحُ ضمٍّ ),لازم,0,0,0, , 
6766,دَانَ,دون,فَعَلَ يَفْعُلُ ( فتحُ ضمٍّ ),لازم,0,0,0, , 
6767,دَوِيَ,دوي,فَعِلَ يَفْعَلُ ( كسر فتح ),لازم,0,0,0, , 
6768,دَاثَ,ديث,فَعَلَ يَفْعِلُ ( فتحُ كَسْرٍ ),لازم,0,0,0, , 
6769,دَاجَ,ديج,فَعَلَ يَفْعِلُ ( فتحُ كَسْرٍ ),لازم,0,0,0, , 
6770,دَاخَ,ديخ,فَعَلَ يَفْعِلُ ( فتحُ كَسْرٍ ),مشترك ,0,0,0, , 
6771,دَاصَ,ديص,فَعَلَ يَفْعِلُ ( فتحُ كَسْرٍ ),لازم,0,0,0, , 
6772,دَاقَ,ديق,فَعَلَ يَفْعِلُ ( فتحُ كَسْرٍ ),متعدي,0,0,0, , 
6773,دَانَ,دين,فَعَلَ يَفْعِلُ ( فتحُ كَسْرٍ ),مشترك ,0,0,0, , 
6774,ذَأَبَ,ذءب,فَعَلَ يَفْعَلُ ( فتحتان ),مشترك ,0,0,0, , 
6775,ذَئِبَ,ذءب,فَعِلَ يَفْعَلُ ( كسر فتح ),لازم,0,0,0, , 
6776,ذَؤُبَ,ذءب,فَعُلَ يَفْعُلُ ( ضمَ ضمٍَ ),لازم,0,0,0, , 
6777,ذَأَتَ,ذءت,فَعَلَ يَفْعَلُ ( فتحتان ),متعدي,0,0,0, , 
6778,ذَأَجَ,ذءج,فَعَلَ يَفْعَلُ ( فتحتان ),مشترك ,0,0,0, , 
6779,ذَئِجَ,ذءج,فَعِلَ يَفْعَلُ ( كسر فتح ),مشترك ,0,0,0, , 
6780,ذَأَحَ,ذءح,فَعَلَ يَفْعَلُ ( فتحتان ),متعدي,0,0,0, , 
6781,ذَأَرَ,ذءر,فَعَلَ يَفْعَلُ ( فتحتان ),متعدي,0,0,0, , 
6782,ذَئِرَ,ذءر,فَعِلَ يَفْعَلُ ( كسر فتح ),مشترك ,0,0,0, , 
6783,ذَأَطَ,ذءط,فَعَلَ يَفْعَلُ ( فتحتان ),مشترك ,0,0,0, , 
6784,ذَأَفَ,ذءف,فَعَلَ يَفْعَلُ ( فتحتان ),مشترك ,0,0,0, , 
6785,ذَأَلَ,ذءل,فَعَلَ يَفْعَلُ ( فتحتان ),مشترك ,0,0,0, , 
6786,ذَأَمَ,ذءم,فَعَلَ يَفْعَلُ ( فتحتان ),متعدي,0,0,0, , 
6787,ذَآ,ذءو,فَعَلَ يَفْعُلُ ( فتحُ ضمٍّ ),مشترك ,0,0,0, , 
6788,ذَأَى,ذءي,فَعَلَ يَفْعَلُ ( فتحتان ),مشترك ,0,0,0, , 
6789,ذَبَّ,ذبب,فَعَلَ يَفْعُلُ ( فتحُ ضمٍّ ),مشترك ,0,0,0, , 
6790,ذَبَّ,ذبب,فَعَلَ يَفْعِلُ ( فتحُ كَسْرٍ ),لازم,0,0,0, , 
6791,ذَبَحَ,ذبح,فَعَلَ يَفْعَلُ ( فتحتان ),مشترك ,0,0,0, , 
6792,ذَبَرَ,ذبر,فَعَلَ يَفْعُلُ ( فتحُ ضمٍّ ),مشترك ,0,0,0, , 
6793,ذَبَرَ,ذبر,فَعَلَ يَفْعِلُ ( فتحُ كَسْرٍ ),مشترك ,0,0,0, , 
6794,ذَبِرَ,ذبر,فَعِلَ يَفْعَلُ ( كسر فتح ),لازم,0,0,0, , 
6795,ذَبَلَ,ذبل,فَعَلَ يَفْعُلُ ( فتحُ ضمٍّ ),مشترك ,0,0,0, , 
6796,ذَبُلَ,ذبل,فَعُلَ يَفْعُلُ ( ضمَ ضمٍَ ),لازم,0,0,0, , 
6797,ذَجَّ,ذجج,فَعَلَ يَفْعُلُ ( فتحُ ضمٍّ ),لازم,0,0,0, , 
6798,ذَجَلَ,ذجل,فَعَلَ يَفْعُلُ ( فتحُ ضمٍّ ),متعدي,0,0,0, , 
6799,ذَحَجَ,ذحج,فَعَلَ يَفْعَلُ ( فتحتان ),مشترك ,0,0,0, , 
6800,ذَحَّ,ذحح,فَعَلَ يَفْعُلُ ( فتحُ ضمٍّ ),متعدي,0,0,0, , 
6801,ذَحَقَ,ذحق,فَعَلَ يَفْعَلُ ( فتحتان ),لازم,0,0,0, , 
6802,ذَحَا,ذحو,فَعَلَ يَفْعُلُ ( فتحُ ضمٍّ ),مشترك ,0,0,0, , 
6803,ذَحَا,ذحو,فَعَلَ يَفْعَلُ ( فتحتان ),مشترك ,0,0,0, , 
6804,ذَحَى,ذحي,فَعَلَ يَفْعِلُ ( فتحُ كَسْرٍ ),متعدي,0,0,0, , 
6805,ذَخَرَ,ذخر,فَعَلَ يَفْعَلُ ( فتحتان ),متعدي,0,0,0, , 
6806,ذَرَأَ,ذرء,فَعَلَ يَفْعَلُ ( فتحتان ),مشترك ,0,0,0, , 
6807,ذَرِئَ,ذرء,فَعِلَ يَفْعَلُ ( كسر فتح ),لازم,0,0,0, , 
6808,ذَرَبَ,ذرب,فَعَلَ يَفْعُلُ ( فتحُ ضمٍّ ),مشترك ,0,0,0, , 
6809,ذَرِبَ,ذرب,فَعِلَ يَفْعَلُ ( كسر فتح ),لازم,0,0,0, , 
6810,ذَرَحَ,ذرح,فَعَلَ يَفْعَلُ ( فتحتان ),متعدي,0,0,0, , 
6811,ذَرَّ,ذرر,فَعَلَ يَفْعُلُ ( فتحُ ضمٍّ ),مشترك ,0,0,0, , 
6812,ذَرَّ,ذرر,فَعِلَ يَفْعَلُ ( كسر فتح ),لازم,0,0,0, , 
6813,ذَرِزَ,ذرز,فَعِلَ يَفْعَلُ ( كسر فتح ),لازم,0,0,0, , 
6814,ذَرَعَ,ذرع,فَعَلَ يَفْعَلُ ( فتحتان ),مشترك ,0,0,0, , 
6815,ذَرِعَ,ذرع,فَعِلَ يَفْعَلُ ( كسر فتح ),لازم,0,0,0, , 
6816,ذَرُعَ,ذرع,فَعُلَ يَفْعُلُ ( ضمَ ضمٍَ ),لازم,0,0,0, , 
6817,ذَرَفَ,ذرف,فَعَلَ يَفْعِلُ ( فتحُ كَسْرٍ ),مشترك ,0,0,0, , 
6818,ذَرِفَ,ذرف,فَعِلَ يَفْعَلُ ( كسر فتح ),لازم,0,0,0, , 
6819,ذَرَقَ,ذرق,فَعَلَ يَفْعُلُ ( فتحُ ضمٍّ ),مشترك ,0,0,0, , 
6820,ذَرَقَ,ذرق,فَعَلَ يَفْعِلُ ( فتحُ كَسْرٍ ),مشترك ,0,0,0, , 
6821,ذَرِقَ,ذرق,فَعِلَ يَفْعَلُ ( كسر فتح ),لازم,0,0,0, , 
6822,ذَرَمَ,ذرم,فَعَلَ يَفْعُلُ ( فتحُ ضمٍّ ),لازم,0,0,0, , 
6823,ذَرَا,ذرو,فَعَلَ يَفْعُلُ ( فتحُ ضمٍّ ),مشترك ,0,0,0, , 
6824,ذَرَى,ذري,فَعَلَ يَفْعِلُ ( فتحُ كَسْرٍ ),مشترك ,0,0,0, , 
6825,ذَعَتَ,ذعت,فَعَلَ يَفْعَلُ ( فتحتان ),متعدي,0,0,0, , 
6826,ذَعَجَ,ذعج,فَعَلَ يَفْعَلُ ( فتحتان ),متعدي,0,0,0, , 
6827,ذَعَرَ,ذعر,فَعَلَ يَفْعَلُ ( فتحتان ),متعدي,0,0,0, , 
6828,ذَعِرَ,ذعر,فَعِلَ يَفْعَلُ ( كسر فتح ),لازم,0,0,0, , 
6829,ذَعَطَ,ذعط,فَعَلَ يَفْعَلُ ( فتحتان ),متعدي,0,0,0, , 
6830,ذَعَفَ,ذعف,فَعَلَ يَفْعَلُ ( فتحتان ),مشترك ,0,0,0, , 
6831,ذَعِفَ,ذعف,فَعِلَ يَفْعَلُ ( كسر فتح ),لازم,0,0,0, , 
6832,ذَعَقَ,ذعق,فَعَلَ يَفْعَلُ ( فتحتان ),متعدي,0,0,0, , 
6833,ذَعِنَ,ذعن,فَعِلَ يَفْعَلُ ( كسر فتح ),لازم,0,0,0, , 
6834,ذَغَّ,ذغغ,فَعَلَ يَفْعُلُ ( فتحُ ضمٍّ ),متعدي,0,0,0, , 
6835,ذَفِرَ,ذفر,فَعِلَ يَفْعَلُ ( كسر فتح ),لازم,0,0,0, , 
6836,ذَفَطَ,ذفط,فَعَلَ يَفْعِلُ ( فتحُ كَسْرٍ ),لازم,0,0,0, , 
6837,ذَفَّ,ذفف,فَعَلَ يَفْعُلُ ( فتحُ ضمٍّ ),لازم,0,0,0, , 
6838,ذَفَّ,ذفف,فَعَلَ يَفْعِلُ ( فتحُ كَسْرٍ ),لازم,0,0,0, , 
6839,ذَقَطَ,ذقط,فَعَلَ يَفْعِلُ ( فتحُ كَسْرٍ ),مشترك ,0,0,0, , 
6840,ذَقَنَ,ذقن,فَعَلَ يَفْعُلُ ( فتحُ ضمٍّ ),مشترك ,0,0,0, , 
6841,ذَقِنَ,ذقن,فَعِلَ يَفْعَلُ ( كسر فتح ),لازم,0,0,0, , 
6842,ذَكَرَ,ذكر,فَعَلَ يَفْعُلُ ( فتحُ ضمٍّ ),متعدي,0,0,0, , 
6843,ذَكِرَ,ذكر,فَعِلَ يَفْعَلُ ( كسر فتح ),لازم,0,0,0, , 
6844,ذَكَا,ذكو,فَعَلَ يَفْعُلُ ( فتحُ ضمٍّ ),مشترك ,0,0,0, , 
6845,ذَكِيَ,ذكو,فَعِلَ يَفْعَلُ ( كسر فتح ),لازم,0,0,0, , 
6846,ذَكُوَ,ذكو,فَعُلَ يَفْعُلُ ( ضمَ ضمٍَ ),لازم,0,0,0, , 
6847,ذَلَجَ,ذلج,فَعَلَ يَفْعُلُ ( فتحُ ضمٍّ ),متعدي,0,0,0, , 
6848,ذَلَغَ,ذلغ,فَعَلَ يَفْعَلُ ( فتحتان ),مشترك ,0,0,0, , 
6849,ذَلِغَ,ذلغ,فَعِلَ يَفْعَلُ ( كسر فتح ),لازم,0,0,0, , 
6850,ذَلِفَ,ذلف,فَعِلَ يَفْعَلُ ( كسر فتح ),لازم,0,0,0, , 
6851,ذَلَقَ,ذلق,فَعَلَ يَفْعُلُ ( فتحُ ضمٍّ ),مشترك ,0,0,0, , 
6852,ذَلِقَ,ذلق,فَعِلَ يَفْعَلُ ( كسر فتح ),لازم,0,0,0, , 
6853,ذَلُقَ,ذلق,فَعُلَ يَفْعُلُ ( ضمَ ضمٍَ ),لازم,0,0,0, , 
6854,ذَلَّ,ذلل,فَعَلَ يَفْعِلُ ( فتحُ كَسْرٍ ),لازم,0,0,0, , 
6855,ذَلَى,ذلي,فَعَلَ يَفْعَلُ ( فتحتان ),متعدي,0,0,0, , 
6856,ذَمَأَ,ذمء,فَعَلَ يَفْعَلُ ( فتحتان ),لازم,0,0,0, , 
6857,ذَمَتَ,ذمت,فَعَلَ يَفْعِلُ ( فتحُ كَسْرٍ ),لازم,0,0,0, , 
6858,ذَمَرَ,ذمر,فَعَلَ يَفْعُلُ ( فتحُ ضمٍّ ),مشترك ,0,0,0, , 
6859,ذَمَطَ,ذمط,فَعَلَ يَفْعِلُ ( فتحُ كَسْرٍ ),متعدي,0,0,0, , 
6860,ذَمَلَ,ذمل,فَعَلَ يَفْعُلُ ( فتحُ ضمٍّ ),لازم,0,0,0, , 
6861,ذَمَلَ,ذمل,فَعَلَ يَفْعِلُ ( فتحُ كَسْرٍ ),لازم,0,0,0, , 
6862,ذَمَّ,ذمم,فَعَلَ يَفْعُلُ ( فتحُ ضمٍّ ),مشترك ,0,0,0, , 
6863,ذَمَّ,ذمم,فَعَلَ يَفْعِلُ ( فتحُ كَسْرٍ ),لازم,0,0,0, , 
6864,ذَمِهَ,ذمه,فَعِلَ يَفْعَلُ ( كسر فتح ),لازم,0,0,0, , 
6865,ذَمَى,ذمي,فَعَلَ يَفْعِلُ ( فتحُ كَسْرٍ ),مشترك ,0,0,0, , 
6866,ذَمِيَ,ذمي,فَعِلَ يَفْعَلُ ( كسر فتح ),لازم,0,0,0, , 
6867,ذَنَبَ,ذنب,فَعَلَ يَفْعُلُ ( فتحُ ضمٍّ ),متعدي,0,0,0, , 
6868,ذَنَبَ,ذنب,فَعَلَ يَفْعِلُ ( فتحُ كَسْرٍ ),متعدي,0,0,0, , 
6869,ذَنَّ,ذنن,فَعَلَ يَفْعِلُ ( فتحُ كَسْرٍ ),لازم,0,0,0, , 
6870,ذَنَّ,ذنن,فَعِلَ يَفْعَلُ ( كسر فتح ),لازم,0,0,0, , 
6871,ذَهَبَ,ذهب,فَعَلَ يَفْعَلُ ( فتحتان ),مشترك ,0,0,0, , 
6872,ذَهِبَ,ذهب,فَعِلَ يَفْعَلُ ( كسر فتح ),لازم,0,0,0, , 
6873,ذَهِرَ,ذهر,فَعِلَ يَفْعَلُ ( كسر فتح ),لازم,0,0,0, , 
6874,ذَهَلَ,ذهل,فَعَلَ يَفْعَلُ ( فتحتان ),مشترك ,0,0,0, , 
6875,ذَهِلَ,ذهل,فَعِلَ يَفْعَلُ ( كسر فتح ),مشترك ,0,0,0, , 
6876,ذَهَنَ,ذهن,فَعَلَ يَفْعَلُ ( فتحتان ),مشترك ,0,0,0, , 
6877,ذَهِنَ,ذهن,فَعِلَ يَفْعَلُ ( كسر فتح ),مشترك ,0,0,0, , 
6878,ذَهُنَ,ذهن,فَعُلَ يَفْعُلُ ( ضمَ ضمٍَ ),لازم,0,0,0, , 
6879,ذَهَا,ذهو,فَعَلَ يَفْعُلُ ( فتحُ ضمٍّ ),لازم,0,0,0, , 
6880,ذَابَ,ذوب,فَعَلَ يَفْعُلُ ( فتحُ ضمٍّ ),لازم,0,0,0, , 
6881,ذَاجَ,ذوج,فَعَلَ يَفْعُلُ ( فتحُ ضمٍّ ),مشترك ,0,0,0, , 
6882,ذَاحَ,ذوح,فَعَلَ يَفْعُلُ ( فتحُ ضمٍّ ),مشترك ,0,0,0, , 
6883,ذَادَ,ذود,فَعَلَ يَفْعُلُ ( فتحُ ضمٍّ ),مشترك ,0,0,0, , 
6884,ذَارَ,ذور,فَعَلَ يَفْعُلُ ( فتحُ ضمٍّ ),متعدي,0,0,0, , 
6885,ذَاطَ,ذوط,فَعَلَ يَفْعُلُ ( فتحُ ضمٍّ ),مشترك ,0,0,0, , 
6886,ذَوِطَ,ذوط,فَعِلَ يَفْعَلُ ( كسر فتح ),لازم,0,0,0, , 
6887,ذَاعَ,ذوع,فَعَلَ يَفْعُلُ ( فتحُ ضمٍّ ),متعدي,0,0,0, , 
6888,ذَافَ,ذوف,فَعَلَ يَفْعُلُ ( فتحُ ضمٍّ ),لازم,0,0,0, , 
6889,ذَاقَ,ذوق,فَعَلَ يَفْعُلُ ( فتحُ ضمٍّ ),مشترك ,0,0,0, , 
6890,ذَوَى,ذوي,فَعَلَ يَفْعِلُ ( فتحُ كَسْرٍ ),لازم,0,0,0, , 
6891,ذَوِيَ,ذوي,فَعِلَ يَفْعَلُ ( كسر فتح ),لازم,0,0,0, , 
6892,ذَاجَ,ذيج,فَعَلَ يَفْعِلُ ( فتحُ كَسْرٍ ),مشترك ,0,0,0, , 
6893,ذَاطَ,ذيط,فَعَلَ يَفْعِلُ ( فتحُ كَسْرٍ ),لازم,0,0,0, , 
6894,ذَاعَ,ذيع,فَعَلَ يَفْعِلُ ( فتحُ كَسْرٍ ),لازم,0,0,0, , 
6895,ذَالَ,ذيل,فَعَلَ يَفْعِلُ ( فتحُ كَسْرٍ ),لازم,0,0,0, , 
6896,ذَامَ,ذيم,فَعَلَ يَفْعِلُ ( فتحُ كَسْرٍ ),متعدي,0,0,0, , 
6897,ذَانَ,ذين,فَعَلَ يَفْعِلُ ( فتحُ كَسْرٍ ),متعدي,0,0,0, , 
6898,رَأَبَ,رءب,فَعَلَ يَفْعَلُ ( فتحتان ),مشترك ,0,0,0, , 
6899,رَأَدَ,رءد,فَعَلَ يَفْعَلُ ( فتحتان ),لازم,0,0,0, , 
6900,رَؤُدَ,رءد,فَعُلَ يَفْعُلُ ( ضمَ ضمٍَ ),لازم,0,0,0, , 
6901,رَأَسَ,رءس,فَعَلَ يَفْعَلُ ( فتحتان ),مشترك ,0,0,0, , 
6902,رَأَفَ,رءف,فَعَلَ يَفْعَلُ ( فتحتان ),لازم,0,0,0, , 
6903,رَئِفَ,رءف,فَعِلَ يَفْعَلُ ( كسر فتح ),لازم,0,0,0, , 
6904,رَؤُفَ,رءف,فَعُلَ يَفْعُلُ ( ضمَ ضمٍَ ),لازم,0,0,0, , 
6905,رَأَمَ,رءم,فَعَلَ يَفْعَلُ ( فتحتان ),متعدي,0,0,0, , 
6906,رَئِمَ,رءم,فَعِلَ يَفْعَلُ ( كسر فتح ),مشترك ,0,0,0, , 
6907,رَأَى,رءي,فَعَلَ يَفْعَلُ ( فتحتان ),متعدي,0,0,0, , 
6908,رَبَأَ,ربء,فَعَلَ يَفْعَلُ ( فتحتان ),مشترك ,0,0,0, , 
6909,رَبَّ,ربب,فَعَلَ يَفْعُلُ ( فتحُ ضمٍّ ),مشترك ,0,0,0, , 
6910,رَبَتَ,ربت,فَعَلَ يَفْعِلُ ( فتحُ كَسْرٍ ),متعدي,0,0,0, , 
6911,رَبِتَ,ربت,فَعِلَ يَفْعَلُ ( كسر فتح ),لازم,0,0,0, , 
6912,رَبَثَ,ربث,فَعَلَ يَفْعُلُ ( فتحُ ضمٍّ ),متعدي,0,0,0, , 
6913,رَبُجَ,ربج,فَعُلَ يَفْعُلُ ( ضمَ ضمٍَ ),لازم,0,0,0, , 
6914,رَبِحَ,ربح,فَعِلَ يَفْعَلُ ( كسر فتح ),لازم,0,0,0, , 
6915,رَبَخَ,ربخ,فَعَلَ يَفْعَلُ ( فتحتان ),لازم,0,0,0, , 
6916,رَبِخَ,ربخ,فَعِلَ يَفْعَلُ ( كسر فتح ),لازم,0,0,0, , 
6917,رَبَدَ,ربد,فَعَلَ يَفْعُلُ ( فتحُ ضمٍّ ),مشترك ,0,0,0, , 
6918,رَبِدَ,ربد,فَعِلَ يَفْعَلُ ( كسر فتح ),لازم,0,0,0, , 
6919,رَبِذَ,ربذ,فَعِلَ يَفْعَلُ ( كسر فتح ),لازم,0,0,0, , 
6920,رَبُزَ,ربز,فَعُلَ يَفْعُلُ ( ضمَ ضمٍَ ),لازم,0,0,0, , 
6921,رَبَسَ,ربس,فَعَلَ يَفْعُلُ ( فتحُ ضمٍّ ),متعدي,0,0,0, , 
6922,رَبِشَ,ربش,فَعِلَ يَفْعَلُ ( كسر فتح ),لازم,0,0,0, , 
6923,رَبَصَ,ربص,فَعَلَ يَفْعُلُ ( فتحُ ضمٍّ ),مشترك ,0,0,0, , 
6924,رَبَضَ,ربض,فَعَلَ يَفْعُلُ ( فتحُ ضمٍّ ),متعدي,0,0,0, , 
6925,رَبَضَ,ربض,فَعَلَ يَفْعِلُ ( فتحُ كَسْرٍ ),مشترك ,0,0,0, , 
6926,رَبَطَ,ربط,فَعَلَ يَفْعُلُ ( فتحُ ضمٍّ ),مشترك ,0,0,0, , 
6927,رَبَطَ,ربط,فَعَلَ يَفْعِلُ ( فتحُ كَسْرٍ ),مشترك ,0,0,0, , 
6928,رَبَعَ,ربع,فَعَلَ يَفْعُلُ ( فتحُ ضمٍّ ),متعدي,0,0,0, , 
6929,رَبَعَ,ربع,فَعَلَ يَفْعِلُ ( فتحُ كَسْرٍ ),متعدي,0,0,0, , 
6930,رَبَعَ,ربع,فَعَلَ يَفْعَلُ ( فتحتان ),مشترك ,0,0,0, , 
6931,رَبَغَ,ربغ,فَعَلَ يَفْعَلُ ( فتحتان ),لازم,0,0,0, , 
6932,رَبِغَ,ربغ,فَعِلَ يَفْعَلُ ( كسر فتح ),لازم,0,0,0, , 
6933,رَبُغَ,ربغ,فَعُلَ يَفْعُلُ ( ضمَ ضمٍَ ),لازم,0,0,0, , 
6934,رَبَقَ,ربق,فَعَلَ يَفْعُلُ ( فتحُ ضمٍّ ),متعدي,0,0,0, , 
6935,رَبَقَ,ربق,فَعَلَ يَفْعِلُ ( فتحُ كَسْرٍ ),متعدي,0,0,0, , 
6936,رَبَكَ,ربك,فَعَلَ يَفْعُلُ ( فتحُ ضمٍّ ),متعدي,0,0,0, , 
6937,رَبِكَ,ربك,فَعِلَ يَفْعَلُ ( كسر فتح ),لازم,0,0,0, , 
6938,رَبَلَ,ربل,فَعَلَ يَفْعُلُ ( فتحُ ضمٍّ ),لازم,0,0,0, , 
6939,رَبَلَ,ربل,فَعَلَ يَفْعِلُ ( فتحُ كَسْرٍ ),لازم,0,0,0, , 
6940,رَبَا,ربو,فَعَلَ يَفْعُلُ ( فتحُ ضمٍّ ),مشترك ,0,0,0, , 
6941,رَبِيَ,ربو,فَعِلَ يَفْعَلُ ( كسر فتح ),لازم,0,0,0, , 
6942,رَتَأَ,رتء,فَعَلَ يَفْعَلُ ( فتحتان ),مشترك ,0,0,0, , 
6943,رَتَبَ,رتب,فَعَلَ يَفْعُلُ ( فتحُ ضمٍّ ),مشترك ,0,0,0, , 
6944,رَتَّ,رتت,فَعِلَ يَفْعَلُ ( كسر فتح ),لازم,0,0,0, , 
6945,رَتَجَ,رتج,فَعَلَ يَفْعُلُ ( فتحُ ضمٍّ ),مشترك ,0,0,0, , 
6946,رَتِجَ,رتج,فَعِلَ يَفْعَلُ ( كسر فتح ),لازم,0,0,0, , 
6947,رَتَخَ,رتخ,فَعَلَ يَفْعَلُ ( فتحتان ),لازم,0,0,0, , 
6948,رَتَعَ,رتع,فَعَلَ يَفْعَلُ ( فتحتان ),لازم,0,0,0, , 
6949,رَتَقَ,رتق,فَعَلَ يَفْعُلُ ( فتحُ ضمٍّ ),متعدي,0,0,0, , 
6950,رَتَقَ,رتق,فَعَلَ يَفْعِلُ ( فتحُ كَسْرٍ ),متعدي,0,0,0, , 
6951,رَتِقَ,رتق,فَعِلَ يَفْعَلُ ( كسر فتح ),لازم,0,0,0, , 
6952,رَتَكَ,رتك,فَعَلَ يَفْعُلُ ( فتحُ ضمٍّ ),لازم,0,0,0, , 
6953,رَتَكَ,رتك,فَعَلَ يَفْعِلُ ( فتحُ كَسْرٍ ),لازم,0,0,0, , 
6954,رَتِلَ,رتل,فَعِلَ يَفْعَلُ ( كسر فتح ),لازم,0,0,0, , 
6955,رَتَمَ,رتم,فَعَلَ يَفْعِلُ ( فتحُ كَسْرٍ ),مشترك ,0,0,0, , 
6956,رَتَنَ,رتن,فَعَلَ يَفْعُلُ ( فتحُ ضمٍّ ),متعدي,0,0,0, , 
6957,رَتَا,رتو,فَعَلَ يَفْعُلُ ( فتحُ ضمٍّ ),مشترك ,0,0,0, , 
6958,رَثَأَ,رثء,فَعَلَ يَفْعَلُ ( فتحتان ),مشترك ,0,0,0, , 
6959,رَثَّ,رثث,فَعَلَ يَفْعُلُ ( فتحُ ضمٍّ ),لازم,0,0,0, , 
6960,رَثَّ,رثث,فَعَلَ يَفْعِلُ ( فتحُ كَسْرٍ ),لازم,0,0,0, , 
6961,رَثَدَ,رثد,فَعَلَ يَفْعُلُ ( فتحُ ضمٍّ ),مشترك ,0,0,0, , 
6962,رَثِدَ,رثد,فَعِلَ يَفْعَلُ ( كسر فتح ),لازم,0,0,0, , 
6963,رَثَطَ,رثط,فَعَلَ يَفْعُلُ ( فتحُ ضمٍّ ),لازم,0,0,0, , 
6964,رَثِعَ,رثع,فَعِلَ يَفْعَلُ ( كسر فتح ),لازم,0,0,0, , 
6965,رَثَمَ,رثم,فَعَلَ يَفْعِلُ ( فتحُ كَسْرٍ ),متعدي,0,0,0, , 
6966,رَثِمَ,رثم,فَعِلَ يَفْعَلُ ( كسر فتح ),لازم,0,0,0, , 
6967,رَثَا,رثو,فَعَلَ يَفْعُلُ ( فتحُ ضمٍّ ),متعدي,0,0,0, , 
6968,رَثَى,رثي,فَعَلَ يَفْعِلُ ( فتحُ كَسْرٍ ),مشترك ,0,0,0, , 
6969,رَثِيَ,رثي,فَعِلَ يَفْعَلُ ( كسر فتح ),مشترك ,0,0,0, , 
6970,رَجَبَ,رجب,فَعَلَ يَفْعُلُ ( فتحُ ضمٍّ ),مشترك ,0,0,0, , 
6971,رَجِبَ,رجب,فَعِلَ يَفْعَلُ ( كسر فتح ),مشترك ,0,0,0, , 
6972,رَجَّ,رجج,فَعَلَ يَفْعُلُ ( فتحُ ضمٍّ ),مشترك ,0,0,0, , 
6973,رَجَّ,رجج,فَعِلَ يَفْعَلُ ( كسر فتح ),لازم,0,0,0, , 
6974,رَجَحَ,رجح,فَعَلَ يَفْعُلُ ( فتحُ ضمٍّ ),مشترك ,0,0,0, , 
6975,رَجَحَ,رجح,فَعَلَ يَفْعِلُ ( فتحُ كَسْرٍ ),مشترك ,0,0,0, , 
6976,رَجَحَ,رجح,فَعَلَ يَفْعَلُ ( فتحتان ),مشترك ,0,0,0, , 
6977,رَجَدَ,رجد,فَعَلَ يَفْعُلُ ( فتحُ ضمٍّ ),مشترك ,0,0,0, , 
6978,رَجَزَ,رجز,فَعَلَ يَفْعُلُ ( فتحُ ضمٍّ ),لازم,0,0,0, , 
6979,رَجِزَ,رجز,فَعِلَ يَفْعَلُ ( كسر فتح ),لازم,0,0,0, , 
6980,رَجَسَ,رجس,فَعَلَ يَفْعُلُ ( فتحُ ضمٍّ ),مشترك ,0,0,0, , 
6981,رَجَسَ,رجس,فَعَلَ يَفْعِلُ ( فتحُ كَسْرٍ ),متعدي,0,0,0, , 
6982,رَجِسَ,رجس,فَعِلَ يَفْعَلُ ( كسر فتح ),لازم,0,0,0, , 
6983,رَجُسَ,رجس,فَعُلَ يَفْعُلُ ( ضمَ ضمٍَ ),لازم,0,0,0, , 
6984,رَجَعَ,رجع,فَعَلَ يَفْعِلُ ( فتحُ كَسْرٍ ),مشترك ,0,0,0, , 
6985,رَجَفَ,رجف,فَعَلَ يَفْعُلُ ( فتحُ ضمٍّ ),مشترك ,0,0,0, , 
6986,رَجَلَ,رجل,فَعَلَ يَفْعُلُ ( فتحُ ضمٍّ ),مشترك ,0,0,0, , 
6987,رَجِلَ,رجل,فَعِلَ يَفْعَلُ ( كسر فتح ),لازم,0,0,0, , 
6988,رَجَمَ,رجم,فَعَلَ يَفْعُلُ ( فتحُ ضمٍّ ),مشترك ,0,0,0, , 
6989,رَجَنَ,رجن,فَعَلَ يَفْعُلُ ( فتحُ ضمٍّ ),مشترك ,0,0,0, , 
6990,رَجِنَ,رجن,فَعِلَ يَفْعَلُ ( كسر فتح ),لازم,0,0,0, , 
6991,رَجَا,رجو,فَعَلَ يَفْعُلُ ( فتحُ ضمٍّ ),مشترك ,0,0,0, , 
6992,رَجِيَ,رجو,فَعِلَ يَفْعَلُ ( كسر فتح ),لازم,0,0,0, , 
6993,رَحِبَ,رحب,فَعِلَ يَفْعَلُ ( كسر فتح ),لازم,0,0,0, , 
6994,رَحُبَ,رحب,فَعُلَ يَفْعُلُ ( ضمَ ضمٍَ ),لازم,0,0,0, , 
6995,رَحَّ,رحح,فَعِلَ يَفْعَلُ ( كسر فتح ),لازم,0,0,0, , 
6996,رَحَضَ,رحض,فَعَلَ يَفْعُلُ ( فتحُ ضمٍّ ),متعدي,0,0,0, , 
6997,رَحَضَ,رحض,فَعَلَ يَفْعَلُ ( فتحتان ),متعدي,0,0,0, , 
6998,رَحَلَ,رحل,فَعَلَ يَفْعَلُ ( فتحتان ),مشترك ,0,0,0, , 
6999,رَحِمَ,رحم,فَعِلَ يَفْعَلُ ( كسر فتح ),مشترك ,0,0,0, , 
7000,رَحُمَ,رحم,فَعُلَ يَفْعُلُ ( ضمَ ضمٍَ ),لازم,0,0,0, , 
7001,رَحَا,رحو,فَعَلَ يَفْعُلُ ( فتحُ ضمٍّ ),مشترك ,0,0,0, , 
7002,رَحَى,رحي,فَعَلَ يَفْعِلُ ( فتحُ كَسْرٍ ),مشترك ,0,0,0, , 
7003,رَخَّ,رخخ,فَعَلَ يَفْعُلُ ( فتحُ ضمٍّ ),مشترك ,0,0,0, , 
7004,رَخَّ,رخخ,فَعَلَ يَفْعِلُ ( فتحُ كَسْرٍ ),لازم,0,0,0, , 
7005,رَخُصَ,رخص,فَعُلَ يَفْعُلُ ( ضمَ ضمٍَ ),لازم,0,0,0, , 
7006,رَخَفَ,رخف,فَعَلَ يَفْعُلُ ( فتحُ ضمٍّ ),لازم,0,0,0, , 
7007,رَخِفَ,رخف,فَعِلَ يَفْعَلُ ( كسر فتح ),لازم,0,0,0, , 
7008,رَخُفَ,رخف,فَعُلَ يَفْعُلُ ( ضمَ ضمٍَ ),لازم,0,0,0, , 
7009,رَخَمَ,رخم,فَعَلَ يَفْعُلُ ( فتحُ ضمٍّ ),مشترك ,0,0,0, , 
7010,رَخَمَ,رخم,فَعَلَ يَفْعَلُ ( فتحتان ),متعدي,0,0,0, , 
7011,رَخِمَ,رخم,فَعِلَ يَفْعَلُ ( كسر فتح ),مشترك ,0,0,0, , 
7012,رَخُمَ,رخم,فَعُلَ يَفْعُلُ ( ضمَ ضمٍَ ),لازم,0,0,0, , 
7013,رَخَا,رخو,فَعَلَ يَفْعُلُ ( فتحُ ضمٍّ ),لازم,0,0,0, , 
7014,رَخَا,رخو,فَعَلَ يَفْعَلُ ( فتحتان ),لازم,0,0,0, , 
7015,رَخِيَ,رخو,فَعِلَ يَفْعَلُ ( كسر فتح ),لازم,0,0,0, , 
7016,رَخُوَ,رخو,فَعُلَ يَفْعُلُ ( ضمَ ضمٍَ ),لازم,0,0,0, , 
7017,رَدَأَ,ردء,فَعَلَ يَفْعَلُ ( فتحتان ),متعدي,0,0,0, , 
7018,رَدُؤَ,ردء,فَعُلَ يَفْعُلُ ( ضمَ ضمٍَ ),لازم,0,0,0, , 
7019,رَدَجَ,ردج,فَعَلَ يَفْعِلُ ( فتحُ كَسْرٍ ),لازم,0,0,0, , 
7020,رَدَحَ,ردح,فَعَلَ يَفْعَلُ ( فتحتان ),مشترك ,0,0,0, , 
7021,رَدُحَ,ردح,فَعُلَ يَفْعُلُ ( ضمَ ضمٍَ ),لازم,0,0,0, , 
7022,رَدَخَ,ردخ,فَعَلَ يَفْعَلُ ( فتحتان ),متعدي,0,0,0, , 
7023,رَدَّ,ردد,فَعَلَ يَفْعُلُ ( فتحُ ضمٍّ ),مشترك ,0,0,0, , 
7024,رَدَسَ,ردس,فَعَلَ يَفْعُلُ ( فتحُ ضمٍّ ),مشترك ,0,0,0, , 
7025,رَدَسَ,ردس,فَعَلَ يَفْعِلُ ( فتحُ كَسْرٍ ),مشترك ,0,0,0, , 
7026,رَدَعَ,ردع,فَعَلَ يَفْعَلُ ( فتحتان ),مشترك ,0,0,0, , 
7027,رَدِغَ,ردغ,فَعِلَ يَفْعَلُ ( كسر فتح ),لازم,0,0,0, , 
7028,رَدَفَ,ردف,فَعَلَ يَفْعُلُ ( فتحُ ضمٍّ ),متعدي,0,0,0, , 
7029,رَدِفَ,ردف,فَعِلَ يَفْعَلُ ( كسر فتح ),مشترك ,0,0,0, , 
7030,رَدَمَ,ردم,فَعَلَ يَفْعُلُ ( فتحُ ضمٍّ ),مشترك ,0,0,0, , 
7031,رَدَمَ,ردم,فَعَلَ يَفْعِلُ ( فتحُ كَسْرٍ ),مشترك ,0,0,0, , 
7032,رَدَنَ,ردن,فَعَلَ يَفْعُلُ ( فتحُ ضمٍّ ),مشترك ,0,0,0, , 
7033,رَدِنَ,ردن,فَعِلَ يَفْعَلُ ( كسر فتح ),لازم,0,0,0, , 
7034,رَدَهَ,رده,فَعَلَ يَفْعَلُ ( فتحتان ),مشترك ,0,0,0, , 
7035,رَدَى,ردي,فَعَلَ يَفْعِلُ ( فتحُ كَسْرٍ ),مشترك ,0,0,0, , 
7036,رَدِيَ,ردي,فَعِلَ يَفْعَلُ ( كسر فتح ),لازم,0,0,0, , 
7037,رَذَّ,رذذ,فَعَلَ يَفْعُلُ ( فتحُ ضمٍّ ),لازم,0,0,0, , 
7038,رَذَلَ,رذل,فَعَلَ يَفْعُلُ ( فتحُ ضمٍّ ),متعدي,0,0,0, , 
7039,رَذِلَ,رذل,فَعِلَ يَفْعَلُ ( كسر فتح ),لازم,0,0,0, , 
7040,رَذُلَ,رذل,فَعُلَ يَفْعُلُ ( ضمَ ضمٍَ ),لازم,0,0,0, , 
7041,رَذَمَ,رذم,فَعَلَ يَفْعُلُ ( فتحُ ضمٍّ ),لازم,0,0,0, , 
7042,رَذَمَ,رذم,فَعَلَ يَفْعِلُ ( فتحُ كَسْرٍ ),لازم,0,0,0, , 
7043,رَذِمَ,رذم,فَعِلَ يَفْعَلُ ( كسر فتح ),لازم,0,0,0, , 
7044,رَذِيَ,رذو,فَعِلَ يَفْعَلُ ( كسر فتح ),لازم,0,0,0, , 
7045,رَزَأَ,رزء,فَعَلَ يَفْعَلُ ( فتحتان ),متعدي,0,0,0, , 
7046,رَزِئَ,رزء,فَعِلَ يَفْعَلُ ( كسر فتح ),مشترك ,0,0,0, , 
7047,رَزَبَ,رزب,فَعَلَ يَفْعُلُ ( فتحُ ضمٍّ ),مشترك ,0,0,0, , 
7048,رَزَحَ,رزح,فَعَلَ يَفْعَلُ ( فتحتان ),مشترك ,0,0,0, , 
7049,رَزَخَ,رزخ,فَعَلَ يَفْعَلُ ( فتحتان ),متعدي,0,0,0, , 
7050,رَزَّ,رزز,فَعَلَ يَفْعُلُ ( فتحُ ضمٍّ ),مشترك ,0,0,0, , 
7051,رَزَّ,رزز,فَعَلَ يَفْعِلُ ( فتحُ كَسْرٍ ),مشترك ,0,0,0, , 
7052,رَزِغَ,رزغ,فَعِلَ يَفْعَلُ ( كسر فتح ),لازم,0,0,0, , 
7053,رَزَفَ,رزف,فَعَلَ يَفْعِلُ ( فتحُ كَسْرٍ ),لازم,0,0,0, , 
7054,رَزَقَ,رزق,فَعَلَ يَفْعُلُ ( فتحُ ضمٍّ ),متعدي,0,0,0, , 
7055,رَزَمَ,رزم,فَعَلَ يَفْعُلُ ( فتحُ ضمٍّ ),مشترك ,0,0,0, , 
7056,رَزَمَ,رزم,فَعَلَ يَفْعِلُ ( فتحُ كَسْرٍ ),مشترك ,0,0,0, , 
7057,رَزَنَ,رزن,فَعَلَ يَفْعُلُ ( فتحُ ضمٍّ ),مشترك ,0,0,0, , 
7058,رَزُنَ,رزن,فَعُلَ يَفْعُلُ ( ضمَ ضمٍَ ),لازم,0,0,0, , 
7059,رَزَى,رزي,فَعَلَ يَفْعِلُ ( فتحُ كَسْرٍ ),متعدي,0,0,0, , 
7060,رَسَبَ,رسب,فَعَلَ يَفْعُلُ ( فتحُ ضمٍّ ),لازم,0,0,0, , 
7061,رَسُبَ,رسب,فَعُلَ يَفْعُلُ ( ضمَ ضمٍَ ),لازم,0,0,0, , 
7062,رَسِحَ,رسح,فَعِلَ يَفْعَلُ ( كسر فتح ),لازم,0,0,0, , 
7063,رَسَخَ,رسخ,فَعَلَ يَفْعَلُ ( فتحتان ),لازم,0,0,0, , 
7064,رَسَّ,رسس,فَعَلَ يَفْعُلُ ( فتحُ ضمٍّ ),مشترك ,0,0,0, , 
7065,رَسَعَ,رسع,فَعَلَ يَفْعَلُ ( فتحتان ),مشترك ,0,0,0, , 
7066,رَسِعَ,رسع,فَعِلَ يَفْعَلُ ( كسر فتح ),لازم,0,0,0, , 
7067,رَسَغَ,رسغ,فَعَلَ يَفْعَلُ ( فتحتان ),مشترك ,0,0,0, , 
7068,رَسَفَ,رسف,فَعَلَ يَفْعُلُ ( فتحُ ضمٍّ ),لازم,0,0,0, , 
7069,رَسَفَ,رسف,فَعَلَ يَفْعِلُ ( فتحُ كَسْرٍ ),لازم,0,0,0, , 
7070,رَسِلَ,رسل,فَعِلَ يَفْعَلُ ( كسر فتح ),لازم,0,0,0, , 
7071,رَسَمَ,رسم,فَعَلَ يَفْعُلُ ( فتحُ ضمٍّ ),مشترك ,0,0,0, , 
7072,رَسَمَ,رسم,فَعَلَ يَفْعِلُ ( فتحُ كَسْرٍ ),مشترك ,0,0,0, , 
7073,رَسَنَ,رسن,فَعَلَ يَفْعُلُ ( فتحُ ضمٍّ ),متعدي,0,0,0, , 
7074,رَسَنَ,رسن,فَعَلَ يَفْعِلُ ( فتحُ كَسْرٍ ),متعدي,0,0,0, , 
7075,رَسَا,رسو,فَعَلَ يَفْعُلُ ( فتحُ ضمٍّ ),مشترك ,0,0,0, , 
7076,رَشَأَ,رشء,فَعَلَ يَفْعَلُ ( فتحتان ),مشترك ,0,0,0, , 
7077,رَشَحَ,رشح,فَعَلَ يَفْعَلُ ( فتحتان ),مشترك ,0,0,0, , 
7078,رَشَدَ,رشد,فَعَلَ يَفْعُلُ ( فتحُ ضمٍّ ),مشترك ,0,0,0, , 
7079,رَشِدَ,رشد,فَعِلَ يَفْعَلُ ( كسر فتح ),مشترك ,0,0,0, , 
7080,رَشَّ,رشش,فَعَلَ يَفْعُلُ ( فتحُ ضمٍّ ),مشترك ,0,0,0, , 
7081,رَشَفَ,رشف,فَعَلَ يَفْعُلُ ( فتحُ ضمٍّ ),متعدي,0,0,0, , 
7082,رَشَفَ,رشف,فَعَلَ يَفْعِلُ ( فتحُ كَسْرٍ ),متعدي,0,0,0, , 
7083,رَشِفَ,رشف,فَعِلَ يَفْعَلُ ( كسر فتح ),متعدي,0,0,0, , 
7084,رَشَقَ,رشق,فَعَلَ يَفْعُلُ ( فتحُ ضمٍّ ),مشترك ,0,0,0, , 
7085,رَشُقَ,رشق,فَعُلَ يَفْعُلُ ( ضمَ ضمٍَ ),لازم,0,0,0, , 
7086,رَشَمَ,رشم,فَعَلَ يَفْعُلُ ( فتحُ ضمٍّ ),مشترك ,0,0,0, , 
7087,رَشِمَ,رشم,فَعِلَ يَفْعَلُ ( كسر فتح ),لازم,0,0,0, , 
7088,رَشَنَ,رشن,فَعَلَ يَفْعُلُ ( فتحُ ضمٍّ ),لازم,0,0,0, , 
7089,رَشَا,رشو,فَعَلَ يَفْعُلُ ( فتحُ ضمٍّ ),مشترك ,0,0,0, , 
7090,رَصَدَ,رصد,فَعَلَ يَفْعُلُ ( فتحُ ضمٍّ ),مشترك ,0,0,0, , 
7091,رَصَّ,رصص,فَعَلَ يَفْعُلُ ( فتحُ ضمٍّ ),متعدي,0,0,0, , 
7092,رَصَّ,رصص,فَعِلَ يَفْعَلُ ( كسر فتح ),لازم,0,0,0, , 
7093,رَصَعَ,رصع,فَعَلَ يَفْعَلُ ( فتحتان ),مشترك ,0,0,0, , 
7094,رَصِعَ,رصع,فَعِلَ يَفْعَلُ ( كسر فتح ),مشترك ,0,0,0, , 
7095,رَصَفَ,رصف,فَعَلَ يَفْعُلُ ( فتحُ ضمٍّ ),مشترك ,0,0,0, , 
7096,رَصِفَ,رصف,فَعِلَ يَفْعَلُ ( كسر فتح ),لازم,0,0,0, , 
7097,رَصُفَ,رصف,فَعُلَ يَفْعُلُ ( ضمَ ضمٍَ ),لازم,0,0,0, , 
7098,رَصَنَ,رصن,فَعَلَ يَفْعُلُ ( فتحُ ضمٍّ ),متعدي,0,0,0, , 
7099,رَصُنَ,رصن,فَعُلَ يَفْعُلُ ( ضمَ ضمٍَ ),لازم,0,0,0, , 
7100,رَصَا,رصو,فَعَلَ يَفْعُلُ ( فتحُ ضمٍّ ),متعدي,0,0,0, , 
7101,رَضَبَ,رضب,فَعَلَ يَفْعُلُ ( فتحُ ضمٍّ ),مشترك ,0,0,0, , 
7102,رَضَحَ,رضح,فَعَلَ يَفْعَلُ ( فتحتان ),متعدي,0,0,0, , 
7103,رَضَخَ,رضخ,فَعَلَ يَفْعِلُ ( فتحُ كَسْرٍ ),مشترك ,0,0,0, , 
7104,رَضَخَ,رضخ,فَعَلَ يَفْعَلُ ( فتحتان ),مشترك ,0,0,0, , 
7105,رَضَدَ,رضد,فَعَلَ يَفْعُلُ ( فتحُ ضمٍّ ),متعدي,0,0,0, , 
7106,رَضَّ,رضض,فَعَلَ يَفْعُلُ ( فتحُ ضمٍّ ),متعدي,0,0,0, , 
7107,رَضَعَ,رضع,فَعَلَ يَفْعِلُ ( فتحُ كَسْرٍ ),مشترك ,0,0,0, , 
7108,رَضَعَ,رضع,فَعَلَ يَفْعَلُ ( فتحتان ),مشترك ,0,0,0, , 
7109,رَضِعَ,رضع,فَعِلَ يَفْعَلُ ( كسر فتح ),مشترك ,0,0,0, , 
7110,رَضُعَ,رضع,فَعُلَ يَفْعُلُ ( ضمَ ضمٍَ ),لازم,0,0,0, , 
7111,رَضَفَ,رضف,فَعَلَ يَفْعِلُ ( فتحُ كَسْرٍ ),مشترك ,0,0,0, , 
7112,رَضَمَ,رضم,فَعَلَ يَفْعِلُ ( فتحُ كَسْرٍ ),مشترك ,0,0,0, , 
7113,رَضَنَ,رضن,فَعَلَ يَفْعِلُ ( فتحُ كَسْرٍ ),متعدي,0,0,0, , 
7114,رَضَا,رضو,فَعَلَ يَفْعُلُ ( فتحُ ضمٍّ ),متعدي,0,0,0, , 
7115,رَضِيَ,رضو,فَعِلَ يَفْعَلُ ( كسر فتح ),مشترك ,0,0,0, , 
7116,رَطَأَ,رطء,فَعَلَ يَفْعَلُ ( فتحتان ),مشترك ,0,0,0, , 
7117,رَطِئَ,رطء,فَعِلَ يَفْعَلُ ( كسر فتح ),لازم,0,0,0, , 
7118,رَطَبَ,رطب,فَعَلَ يَفْعُلُ ( فتحُ ضمٍّ ),مشترك ,0,0,0, , 
7119,رَطِبَ,رطب,فَعِلَ يَفْعَلُ ( كسر فتح ),لازم,0,0,0, , 
7120,رَطُبَ,رطب,فَعُلَ يَفْعُلُ ( ضمَ ضمٍَ ),لازم,0,0,0, , 
7121,رَطَسَ,رطس,فَعَلَ يَفْعُلُ ( فتحُ ضمٍّ ),متعدي,0,0,0, , 
7122,رَطَسَ,رطس,فَعَلَ يَفْعِلُ ( فتحُ كَسْرٍ ),متعدي,0,0,0, , 
7123,رَطَلَ,رطل,فَعَلَ يَفْعُلُ ( فتحُ ضمٍّ ),مشترك ,0,0,0, , 
7124,رَطَمَ,رطم,فَعَلَ يَفْعُلُ ( فتحُ ضمٍّ ),مشترك ,0,0,0, , 
7125,رَطَنَ,رطن,فَعَلَ يَفْعُلُ ( فتحُ ضمٍّ ),لازم,0,0,0, , 
7126,رَطَا,رطو,فَعَلَ يَفْعُلُ ( فتحُ ضمٍّ ),متعدي,0,0,0, , 
7127,رَطِيَ,رطي,فَعِلَ يَفْعَلُ ( كسر فتح ),متعدي,0,0,0, , 
7128,رَعَبَ,رعب,فَعَلَ يَفْعَلُ ( فتحتان ),مشترك ,0,0,0, , 
7129,رَعَثَ,رعث,فَعَلَ يَفْعَلُ ( فتحتان ),مشترك ,0,0,0, , 
7130,رَعِثَ,رعث,فَعِلَ يَفْعَلُ ( كسر فتح ),لازم,0,0,0, , 
7131,رَعَجَ,رعج,فَعَلَ يَفْعَلُ ( فتحتان ),مشترك ,0,0,0, , 
7132,رَعِجَ,رعج,فَعِلَ يَفْعَلُ ( كسر فتح ),لازم,0,0,0, , 
7133,رَعَدَ,رعد,فَعَلَ يَفْعُلُ ( فتحُ ضمٍّ ),لازم,0,0,0, , 
7134,رَعَدَ,رعد,فَعَلَ يَفْعَلُ ( فتحتان ),لازم,0,0,0, , 
7135,رَعَزَ,رعز,فَعَلَ يَفْعَلُ ( فتحتان ),متعدي,0,0,0, , 
7136,رَعَسَ,رعس,فَعَلَ يَفْعَلُ ( فتحتان ),لازم,0,0,0, , 
7137,رَعَشَ,رعش,فَعَلَ يَفْعَلُ ( فتحتان ),لازم,0,0,0, , 
7138,رَعِشَ,رعش,فَعِلَ يَفْعَلُ ( كسر فتح ),لازم,0,0,0, , 
7139,رَعَصَ,رعص,فَعَلَ يَفْعَلُ ( فتحتان ),مشترك ,0,0,0, , 
7140,رَعَضَ,رعض,فَعَلَ يَفْعَلُ ( فتحتان ),مشترك ,0,0,0, , 
7141,رَعَظَ,رعظ,فَعَلَ يَفْعَلُ ( فتحتان ),متعدي,0,0,0, , 
7142,رَعِظَ,رعظ,فَعِلَ يَفْعَلُ ( كسر فتح ),لازم,0,0,0, , 
7143,رَعَّ,رعع,فَعَلَ يَفْعُلُ ( فتحُ ضمٍّ ),لازم,0,0,0, , 
7144,رَعَفَ,رعف,فَعَلَ يَفْعُلُ ( فتحُ ضمٍّ ),مشترك ,0,0,0, , 
7145,رَعَفَ,رعف,فَعَلَ يَفْعَلُ ( فتحتان ),مشترك ,0,0,0, , 
7146,رَعِفَ,رعف,فَعِلَ يَفْعَلُ ( كسر فتح ),لازم,0,0,0, , 
7147,رَعُفَ,رعف,فَعُلَ يَفْعُلُ ( ضمَ ضمٍَ ),لازم,0,0,0, , 
7148,رَعَقَ,رعق,فَعَلَ يَفْعَلُ ( فتحتان ),لازم,0,0,0, , 
7149,رَعَلَ,رعل,فَعَلَ يَفْعَلُ ( فتحتان ),متعدي,0,0,0, , 
7150,رَعِلَ,رعل,فَعِلَ يَفْعَلُ ( كسر فتح ),لازم,0,0,0, , 
7151,رَعَمَ,رعم,فَعَلَ يَفْعَلُ ( فتحتان ),مشترك ,0,0,0, , 
7152,رَعُمَ,رعم,فَعُلَ يَفْعُلُ ( ضمَ ضمٍَ ),لازم,0,0,0, , 
7153,رَعَنَ,رعن,فَعَلَ يَفْعُلُ ( فتحُ ضمٍّ ),مشترك ,0,0,0, , 
7154,رَعِنَ,رعن,فَعِلَ يَفْعَلُ ( كسر فتح ),لازم,0,0,0, , 
7155,رَعُنَ,رعن,فَعُلَ يَفْعُلُ ( ضمَ ضمٍَ ),لازم,0,0,0, , 
7156,رَعَا,رعو,فَعَلَ يَفْعُلُ ( فتحُ ضمٍّ ),مشترك ,0,0,0, , 
7157,رَعَى,رعي,فَعَلَ يَفْعَلُ ( فتحتان ),مشترك ,0,0,0, , 
7158,رَغِبَ,رغب,فَعِلَ يَفْعَلُ ( كسر فتح ),مشترك ,0,0,0, , 
7159,رَغُبَ,رغب,فَعُلَ يَفْعُلُ ( ضمَ ضمٍَ ),لازم,0,0,0, , 
7160,رَغَثَ,رغث,فَعَلَ يَفْعَلُ ( فتحتان ),مشترك ,0,0,0, , 
7161,رَغِدَ,رغد,فَعِلَ يَفْعَلُ ( كسر فتح ),لازم,0,0,0, , 
7162,رَغُدَ,رغد,فَعُلَ يَفْعُلُ ( ضمَ ضمٍَ ),لازم,0,0,0, , 
7163,رَغَسَ,رغس,فَعَلَ يَفْعَلُ ( فتحتان ),مشترك ,0,0,0, , 
7164,رَغَشَ,رغش,فَعَلَ يَفْعَلُ ( فتحتان ),لازم,0,0,0, , 
7165,رَغَفَ,رغف,فَعَلَ يَفْعَلُ ( فتحتان ),متعدي,0,0,0, , 
7166,رَغَلَ,رغل,فَعَلَ يَفْعَلُ ( فتحتان ),متعدي,0,0,0, , 
7167,رَغِلَ,رغل,فَعِلَ يَفْعَلُ ( كسر فتح ),لازم,0,0,0, , 
7168,رَغَمَ,رغم,فَعَلَ يَفْعُلُ ( فتحُ ضمٍّ ),لازم,0,0,0, , 
7169,رَغَمَ,رغم,فَعَلَ يَفْعَلُ ( فتحتان ),مشترك ,0,0,0, , 
7170,رَغِمَ,رغم,فَعِلَ يَفْعَلُ ( كسر فتح ),مشترك ,0,0,0, , 
7171,رَغُمَ,رغم,فَعُلَ يَفْعُلُ ( ضمَ ضمٍَ ),لازم,0,0,0, , 
7172,رَغَنَ,رغن,فَعَلَ يَفْعَلُ ( فتحتان ),لازم,0,0,0, , 
7173,رَغَا,رغو,فَعَلَ يَفْعُلُ ( فتحُ ضمٍّ ),لازم,0,0,0, , 
7174,رَفَأَ,رفء,فَعَلَ يَفْعَلُ ( فتحتان ),مشترك ,0,0,0, , 
7175,رَفَتَ,رفت,فَعَلَ يَفْعُلُ ( فتحُ ضمٍّ ),مشترك ,0,0,0, , 
7176,رَفَتَ,رفت,فَعَلَ يَفْعِلُ ( فتحُ كَسْرٍ ),مشترك ,0,0,0, , 
7177,رَفَثَ,رفث,فَعَلَ يَفْعُلُ ( فتحُ ضمٍّ ),لازم,0,0,0, , 
7178,رَفِثَ,رفث,فَعِلَ يَفْعَلُ ( كسر فتح ),لازم,0,0,0, , 
7179,رَفُثَ,رفث,فَعُلَ يَفْعُلُ ( ضمَ ضمٍَ ),لازم,0,0,0, , 
7180,رَفَدَ,رفد,فَعَلَ يَفْعِلُ ( فتحُ كَسْرٍ ),مشترك ,0,0,0, , 
7181,رَفَزَ,رفز,فَعَلَ يَفْعِلُ ( فتحُ كَسْرٍ ),مشترك ,0,0,0, , 
7182,رَفَسَ,رفس,فَعَلَ يَفْعُلُ ( فتحُ ضمٍّ ),مشترك ,0,0,0, , 
7183,رَفَسَ,رفس,فَعَلَ يَفْعِلُ ( فتحُ كَسْرٍ ),مشترك ,0,0,0, , 
7184,رَفَشَ,رفش,فَعَلَ يَفْعُلُ ( فتحُ ضمٍّ ),مشترك ,0,0,0, , 
7185,رَفِشَ,رفش,فَعِلَ يَفْعَلُ ( كسر فتح ),لازم,0,0,0, , 
7186,رَفَضَ,رفض,فَعَلَ يَفْعُلُ ( فتحُ ضمٍّ ),مشترك ,0,0,0, , 
7187,رَفَضَ,رفض,فَعَلَ يَفْعِلُ ( فتحُ كَسْرٍ ),مشترك ,0,0,0, , 
7188,رَفَعَ,رفع,فَعَلَ يَفْعَلُ ( فتحتان ),مشترك ,0,0,0, , 
7189,رَفُعَ,رفع,فَعُلَ يَفْعُلُ ( ضمَ ضمٍَ ),لازم,0,0,0, , 
7190,رَفِغَ,رفغ,فَعِلَ يَفْعَلُ ( كسر فتح ),لازم,0,0,0, , 
7191,رَفُغَ,رفغ,فَعُلَ يَفْعُلُ ( ضمَ ضمٍَ ),لازم,0,0,0, , 
7192,رَفَّ,رفف,فَعَلَ يَفْعُلُ ( فتحُ ضمٍّ ),مشترك ,0,0,0, , 
7193,رَفَّ,رفف,فَعَلَ يَفْعِلُ ( فتحُ كَسْرٍ ),لازم,0,0,0, , 
7194,رَفَّ,رفف,فَعِلَ يَفْعَلُ ( كسر فتح ),لازم,0,0,0, , 
7195,رَفَقَ,رفق,فَعَلَ يَفْعُلُ ( فتحُ ضمٍّ ),مشترك ,0,0,0, , 
7196,رَفِقَ,رفق,فَعِلَ يَفْعَلُ ( كسر فتح ),لازم,0,0,0, , 
7197,رَفُقَ,رفق,فَعُلَ يَفْعُلُ ( ضمَ ضمٍَ ),لازم,0,0,0, , 
7198,رَفَلَ,رفل,فَعَلَ يَفْعُلُ ( فتحُ ضمٍّ ),مشترك ,0,0,0, , 
7199,رَفِلَ,رفل,فَعِلَ يَفْعَلُ ( كسر فتح ),لازم,0,0,0, , 
7200,رَفَهَ,رفه,فَعَلَ يَفْعَلُ ( فتحتان ),مشترك ,0,0,0, , 
7201,رَفُهَ,رفه,فَعُلَ يَفْعُلُ ( ضمَ ضمٍَ ),لازم,0,0,0, , 
7202,رَفَا,رفو,فَعَلَ يَفْعُلُ ( فتحُ ضمٍّ ),مشترك ,0,0,0, , 
7203,رَقَأَ,رقء,فَعَلَ يَفْعَلُ ( فتحتان ),مشترك ,0,0,0, , 
7204,رَقَبَ,رقب,فَعَلَ يَفْعُلُ ( فتحُ ضمٍّ ),مشترك ,0,0,0, , 
7205,رَقِبَ,رقب,فَعِلَ يَفْعَلُ ( كسر فتح ),لازم,0,0,0, , 
7206,رَقَحَ,رقح,فَعَلَ يَفْعَلُ ( فتحتان ),مشترك ,0,0,0, , 
7207,رَقَدَ,رقد,فَعَلَ يَفْعُلُ ( فتحُ ضمٍّ ),لازم,0,0,0, , 
7208,رَقَزَ,رقز,فَعَلَ يَفْعِلُ ( فتحُ كَسْرٍ ),لازم,0,0,0, , 
7209,رَقَشَ,رقش,فَعَلَ يَفْعُلُ ( فتحُ ضمٍّ ),متعدي,0,0,0, , 
7210,رَقِشَ,رقش,فَعِلَ يَفْعَلُ ( كسر فتح ),لازم,0,0,0, , 
7211,رَقَصَ,رقص,فَعَلَ يَفْعُلُ ( فتحُ ضمٍّ ),لازم,0,0,0, , 
7212,رَقَطَ,رقط,فَعَلَ يَفْعُلُ ( فتحُ ضمٍّ ),متعدي,0,0,0, , 
7213,رَقِطَ,رقط,فَعِلَ يَفْعَلُ ( كسر فتح ),لازم,0,0,0, , 
7214,رَقَعَ,رقع,فَعَلَ يَفْعَلُ ( فتحتان ),مشترك ,0,0,0, , 
7215,رَقُعَ,رقع,فَعُلَ يَفْعُلُ ( ضمَ ضمٍَ ),لازم,0,0,0, , 
7216,رَقَّ,رقق,فَعَلَ يَفْعُلُ ( فتحُ ضمٍّ ),متعدي,0,0,0, , 
7217,رَقَّ,رقق,فَعَلَ يَفْعِلُ ( فتحُ كَسْرٍ ),لازم,0,0,0, , 
7218,رَقَمَ,رقم,فَعَلَ يَفْعُلُ ( فتحُ ضمٍّ ),مشترك ,0,0,0, , 
7219,رَقِمَ,رقم,فَعِلَ يَفْعَلُ ( كسر فتح ),لازم,0,0,0, , 
7220,رَقَنَ,رقن,فَعَلَ يَفْعُلُ ( فتحُ ضمٍّ ),مشترك ,0,0,0, , 
7221,رَقَا,رقو,فَعَلَ يَفْعُلُ ( فتحُ ضمٍّ ),لازم,0,0,0, , 
7222,رَقَى,رقي,فَعَلَ يَفْعِلُ ( فتحُ كَسْرٍ ),مشترك ,0,0,0, , 
7223,رَقِيَ,رقي,فَعِلَ يَفْعَلُ ( كسر فتح ),مشترك ,0,0,0, , 
7224,رَكَبَ,ركب,فَعَلَ يَفْعُلُ ( فتحُ ضمٍّ ),متعدي,0,0,0, , 
7225,رَكِبَ,ركب,فَعِلَ يَفْعَلُ ( كسر فتح ),مشترك ,0,0,0, , 
7226,رَكَحَ,ركح,فَعَلَ يَفْعَلُ ( فتحتان ),لازم,0,0,0, , 
7227,رَكَدَ,ركد,فَعَلَ يَفْعُلُ ( فتحُ ضمٍّ ),لازم,0,0,0, , 
7228,رَكَزَ,ركز,فَعَلَ يَفْعُلُ ( فتحُ ضمٍّ ),مشترك ,0,0,0, , 
7229,رَكَزَ,ركز,فَعَلَ يَفْعِلُ ( فتحُ كَسْرٍ ),مشترك ,0,0,0, , 
7230,رَكَسَ,ركس,فَعَلَ يَفْعُلُ ( فتحُ ضمٍّ ),متعدي,0,0,0, , 
7231,رَكَضَ,ركض,فَعَلَ يَفْعُلُ ( فتحُ ضمٍّ ),مشترك ,0,0,0, , 
7232,رَكَعَ,ركع,فَعَلَ يَفْعَلُ ( فتحتان ),لازم,0,0,0, , 
7233,رَكَّ,ركك,فَعَلَ يَفْعُلُ ( فتحُ ضمٍّ ),متعدي,0,0,0, , 
7234,رَكَّ,ركك,فَعَلَ يَفْعِلُ ( فتحُ كَسْرٍ ),لازم,0,0,0, , 
7235,رَكَلَ,ركل,فَعَلَ يَفْعُلُ ( فتحُ ضمٍّ ),مشترك ,0,0,0, , 
7236,رَكَمَ,ركم,فَعَلَ يَفْعُلُ ( فتحُ ضمٍّ ),متعدي,0,0,0, , 
7237,رَكَنَ,ركن,فَعَلَ يَفْعُلُ ( فتحُ ضمٍّ ),لازم,0,0,0, , 
7238,رَكَنَ,ركن,فَعَلَ يَفْعَلُ ( فتحتان ),لازم,0,0,0, , 
7239,رَكِنَ,ركن,فَعِلَ يَفْعَلُ ( كسر فتح ),لازم,0,0,0, , 
7240,رَكُنَ,ركن,فَعُلَ يَفْعُلُ ( ضمَ ضمٍَ ),لازم,0,0,0, , 
7241,رَكَا,ركو,فَعَلَ يَفْعُلُ ( فتحُ ضمٍّ ),مشترك ,0,0,0, , 
7242,رَمَأَ,رمء,فَعَلَ يَفْعَلُ ( فتحتان ),مشترك ,0,0,0, , 
7243,رَمَثَ,رمث,فَعَلَ يَفْعِلُ ( فتحُ كَسْرٍ ),مشترك ,0,0,0, , 
7244,رَمِثَ,رمث,فَعِلَ يَفْعَلُ ( كسر فتح ),لازم,0,0,0, , 
7245,رَمَجَ,رمج,فَعَلَ يَفْعُلُ ( فتحُ ضمٍّ ),لازم,0,0,0, , 
7246,رَمَحَ,رمح,فَعَلَ يَفْعَلُ ( فتحتان ),مشترك ,0,0,0, , 
7247,رَمَدَ,رمد,فَعَلَ يَفْعُلُ ( فتحُ ضمٍّ ),مشترك ,0,0,0, , 
7248,رَمَدَ,رمد,فَعَلَ يَفْعِلُ ( فتحُ كَسْرٍ ),مشترك ,0,0,0, , 
7249,رَمِدَ,رمد,فَعِلَ يَفْعَلُ ( كسر فتح ),لازم,0,0,0, , 
7250,رَمَزَ,رمز,فَعَلَ يَفْعُلُ ( فتحُ ضمٍّ ),مشترك ,0,0,0, , 
7251,رَمَزَ,رمز,فَعَلَ يَفْعِلُ ( فتحُ كَسْرٍ ),مشترك ,0,0,0, , 
7252,رَمُزَ,رمز,فَعُلَ يَفْعُلُ ( ضمَ ضمٍَ ),لازم,0,0,0, , 
7253,رَمَسَ,رمس,فَعَلَ يَفْعُلُ ( فتحُ ضمٍّ ),مشترك ,0,0,0, , 
7254,رَمَسَ,رمس,فَعَلَ يَفْعِلُ ( فتحُ كَسْرٍ ),مشترك ,0,0,0, , 
7255,رَمَشَ,رمش,فَعَلَ يَفْعُلُ ( فتحُ ضمٍّ ),مشترك ,0,0,0, , 
7256,رَمَشَ,رمش,فَعَلَ يَفْعِلُ ( فتحُ كَسْرٍ ),مشترك ,0,0,0, , 
7257,رَمِشَ,رمش,فَعِلَ يَفْعَلُ ( كسر فتح ),لازم,0,0,0, , 
7258,رَمَصَ,رمص,فَعَلَ يَفْعُلُ ( فتحُ ضمٍّ ),مشترك ,0,0,0, , 
7259,رَمِصَ,رمص,فَعِلَ يَفْعَلُ ( كسر فتح ),لازم,0,0,0, , 
7260,رَمَضَ,رمض,فَعَلَ يَفْعُلُ ( فتحُ ضمٍّ ),متعدي,0,0,0, , 
7261,رَمَضَ,رمض,فَعَلَ يَفْعِلُ ( فتحُ كَسْرٍ ),مشترك ,0,0,0, , 
7262,رَمِضَ,رمض,فَعِلَ يَفْعَلُ ( كسر فتح ),لازم,0,0,0, , 
7263,رَمَطَ,رمط,فَعَلَ يَفْعِلُ ( فتحُ كَسْرٍ ),متعدي,0,0,0, , 
7264,رَمَعَ,رمع,فَعَلَ يَفْعَلُ ( فتحتان ),مشترك ,0,0,0, , 
7265,رَمِعَ,رمع,فَعِلَ يَفْعَلُ ( كسر فتح ),لازم,0,0,0, , 
7266,رَمَغَ,رمغ,فَعَلَ يَفْعَلُ ( فتحتان ),متعدي,0,0,0, , 
7267,رَمَقَ,رمق,فَعَلَ يَفْعُلُ ( فتحُ ضمٍّ ),مشترك ,0,0,0, , 
7268,رَمَكَ,رمك,فَعَلَ يَفْعُلُ ( فتحُ ضمٍّ ),لازم,0,0,0, , 
7269,رَمَلَ,رمل,فَعَلَ يَفْعُلُ ( فتحُ ضمٍّ ),مشترك ,0,0,0, , 
7270,رَمَّ,رمم,فَعَلَ يَفْعُلُ ( فتحُ ضمٍّ ),مشترك ,0,0,0, , 
7271,رَمَّ,رمم,فَعَلَ يَفْعِلُ ( فتحُ كَسْرٍ ),مشترك ,0,0,0, , 
7272,رَمِهَ,رمه,فَعِلَ يَفْعَلُ ( كسر فتح ),لازم,0,0,0, , 
7273,رَمَى,رمي,فَعَلَ يَفْعِلُ ( فتحُ كَسْرٍ ),مشترك ,0,0,0, , 
7274,رَنَأَ,رنء,فَعَلَ يَفْعَلُ ( فتحتان ),مشترك ,0,0,0, , 
7275,رَنَخَ,رنخ,فَعَلَ يَفْعُلُ ( فتحُ ضمٍّ ),لازم,0,0,0, , 
7276,رَنَعَ,رنع,فَعَلَ يَفْعَلُ ( فتحتان ),لازم,0,0,0, , 
7277,رَنَقَ,رنق,فَعَلَ يَفْعُلُ ( فتحُ ضمٍّ ),لازم,0,0,0, , 
7278,رَنِقَ,رنق,فَعِلَ يَفْعَلُ ( كسر فتح ),لازم,0,0,0, , 
7279,رَنِمَ,رنم,فَعِلَ يَفْعَلُ ( كسر فتح ),لازم,0,0,0, , 
7280,رَنَّ,رنن,فَعَلَ يَفْعِلُ ( فتحُ كَسْرٍ ),لازم,0,0,0, , 
7281,رَنَا,رنو,فَعَلَ يَفْعُلُ ( فتحُ ضمٍّ ),مشترك ,0,0,0, , 
7282,رَهِبَ,رهب,فَعِلَ يَفْعَلُ ( كسر فتح ),مشترك ,0,0,0, , 
7283,رَهَدَ,رهد,فَعَلَ يَفْعَلُ ( فتحتان ),متعدي,0,0,0, , 
7284,رَهُدَ,رهد,فَعُلَ يَفْعُلُ ( ضمَ ضمٍَ ),لازم,0,0,0, , 
7285,رَهَزَ,رهز,فَعَلَ يَفْعَلُ ( فتحتان ),مشترك ,0,0,0, , 
7286,رَهَسَ,رهس,فَعَلَ يَفْعَلُ ( فتحتان ),متعدي,0,0,0, , 
7287,رَهِشَ,رهش,فَعِلَ يَفْعَلُ ( كسر فتح ),لازم,0,0,0, , 
7288,رَهَصَ,رهص,فَعَلَ يَفْعَلُ ( فتحتان ),مشترك ,0,0,0, , 
7289,رَهِصَ,رهص,فَعِلَ يَفْعَلُ ( كسر فتح ),لازم,0,0,0, , 
7290,رَهَطَ,رهط,فَعَلَ يَفْعَلُ ( فتحتان ),مشترك ,0,0,0, , 
7291,رَهَفَ,رهف,فَعَلَ يَفْعَلُ ( فتحتان ),متعدي,0,0,0, , 
7292,رَهُفَ,رهف,فَعُلَ يَفْعُلُ ( ضمَ ضمٍَ ),لازم,0,0,0, , 
7293,رَهِقَ,رهق,فَعِلَ يَفْعَلُ ( كسر فتح ),مشترك ,0,0,0, , 
7294,رَهَكَ,رهك,فَعَلَ يَفْعَلُ ( فتحتان ),مشترك ,0,0,0, , 
7295,رَهِلَ,رهل,فَعِلَ يَفْعَلُ ( كسر فتح ),لازم,0,0,0, , 
7296,رَهَنَ,رهن,فَعَلَ يَفْعَلُ ( فتحتان ),مشترك ,0,0,0, , 
7297,رَهَا,رهو,فَعَلَ يَفْعُلُ ( فتحُ ضمٍّ ),لازم,0,0,0, , 
7298,رَابَ,روب,فَعَلَ يَفْعُلُ ( فتحُ ضمٍّ ),لازم,0,0,0, , 
7299,رَاثَ,روث,فَعَلَ يَفْعُلُ ( فتحُ ضمٍّ ),مشترك ,0,0,0, , 
7300,رَاجَ,روج,فَعَلَ يَفْعُلُ ( فتحُ ضمٍّ ),لازم,0,0,0, , 
7301,رَاحَ,روح,فَعَلَ يَفْعُلُ ( فتحُ ضمٍّ ),مشترك ,0,0,0, , 
7302,رَوِحَ,روح,فَعِلَ يَفْعَلُ ( كسر فتح ),مشترك ,0,0,0, , 
7303,رَادَ,رود,فَعَلَ يَفْعُلُ ( فتحُ ضمٍّ ),مشترك ,0,0,0, , 
7304,رَازَ,روز,فَعَلَ يَفْعُلُ ( فتحُ ضمٍّ ),متعدي,0,0,0, , 
7305,رَاسَ,روس,فَعَلَ يَفْعُلُ ( فتحُ ضمٍّ ),مشترك ,0,0,0, , 
7306,رَاشَ,روش,فَعَلَ يَفْعُلُ ( فتحُ ضمٍّ ),مشترك ,0,0,0, , 
7307,رَوِشَ,روش,فَعِلَ يَفْعَلُ ( كسر فتح ),لازم,0,0,0, , 
7308,رَاصَ,روص,فَعَلَ يَفْعُلُ ( فتحُ ضمٍّ ),لازم,0,0,0, , 
7309,رَاضَ,روض,فَعَلَ يَفْعُلُ ( فتحُ ضمٍّ ),متعدي,0,0,0, , 
7310,رَاطَ,روط,فَعَلَ يَفْعُلُ ( فتحُ ضمٍّ ),لازم,0,0,0, , 
7311,رَاعَ,روع,فَعَلَ يَفْعُلُ ( فتحُ ضمٍّ ),مشترك ,0,0,0, , 
7312,رَوِعَ,روع,فَعِلَ يَفْعَلُ ( كسر فتح ),لازم,0,0,0, , 
7313,رَاغَ,روغ,فَعَلَ يَفْعُلُ ( فتحُ ضمٍّ ),مشترك ,0,0,0, , 
7314,رَافَ,روف,فَعَلَ يَفْعُلُ ( فتحُ ضمٍّ ),لازم,0,0,0, , 
7315,رَاقَ,روق,فَعَلَ يَفْعُلُ ( فتحُ ضمٍّ ),مشترك ,0,0,0, , 
7316,رَوِقَ,روق,فَعِلَ يَفْعَلُ ( كسر فتح ),لازم,0,0,0, , 
7317,رَامَ,روم,فَعَلَ يَفْعُلُ ( فتحُ ضمٍّ ),متعدي,0,0,0, , 
7318,رَانَ,رون,فَعَلَ يَفْعُلُ ( فتحُ ضمٍّ ),لازم,0,0,0, , 
7319,رَاهَ,روه,فَعَلَ يَفْعُلُ ( فتحُ ضمٍّ ),لازم,0,0,0, , 
7320,رَوَى,روي,فَعَلَ يَفْعِلُ ( فتحُ كَسْرٍ ),مشترك ,0,0,0, , 
7321,رَوِيَ,روي,فَعِلَ يَفْعَلُ ( كسر فتح ),لازم,0,0,0, , 
7322,رَابَ,ريب,فَعَلَ يَفْعِلُ ( فتحُ كَسْرٍ ),مشترك ,0,0,0, , 
7323,رَاثَ,ريث,فَعَلَ يَفْعِلُ ( فتحُ كَسْرٍ ),لازم,0,0,0, , 
7324,رَاخَ,ريخ,فَعَلَ يَفْعِلُ ( فتحُ كَسْرٍ ),لازم,0,0,0, , 
7325,رَيِرَ,رير,فَعِلَ يَفْعَلُ ( كسر فتح ),لازم,0,0,0, , 
7326,رَاسَ,ريس,فَعَلَ يَفْعِلُ ( فتحُ كَسْرٍ ),مشترك ,0,0,0, , 
7327,رَاشَ,ريش,فَعَلَ يَفْعِلُ ( فتحُ كَسْرٍ ),مشترك ,0,0,0, , 
7328,رَاطَ,ريط,فَعَلَ يَفْعِلُ ( فتحُ كَسْرٍ ),لازم,0,0,0, , 
7329,رَاعَ,ريع,فَعَلَ يَفْعِلُ ( فتحُ كَسْرٍ ),لازم,0,0,0, , 
7330,رَافَ,ريف,فَعَلَ يَفْعِلُ ( فتحُ كَسْرٍ ),لازم,0,0,0, , 
7331,رَاقَ,ريق,فَعَلَ يَفْعِلُ ( فتحُ كَسْرٍ ),لازم,0,0,0, , 
7332,رَالَ,ريل,فَعَلَ يَفْعِلُ ( فتحُ كَسْرٍ ),لازم,0,0,0, , 
7333,رَامَ,ريم,فَعَلَ يَفْعِلُ ( فتحُ كَسْرٍ ),مشترك ,0,0,0, , 
7334,رَانَ,رين,فَعَلَ يَفْعِلُ ( فتحُ كَسْرٍ ),مشترك ,0,0,0, , 
7335,رَاهَ,ريه,فَعَلَ يَفْعِلُ ( فتحُ كَسْرٍ ),لازم,0,0,0, , 
7336,زَأَبَ,زءب,فَعَلَ يَفْعَلُ ( فتحتان ),مشترك ,0,0,0, , 
7337,زَأَتَ,زءت,فَعَلَ يَفْعَلُ ( فتحتان ),متعدي,0,0,0, , 
7338,زَأَجَ,زءج,فَعَلَ يَفْعَلُ ( فتحتان ),لازم,0,0,0, , 
7339,زَأَدَ,زءد,فَعَلَ يَفْعَلُ ( فتحتان ),متعدي,0,0,0, , 
7340,زَأَرَ,زءر,فَعَلَ يَفْعِلُ ( فتحُ كَسْرٍ ),لازم,0,0,0, , 
7341,زَأَرَ,زءر,فَعَلَ يَفْعَلُ ( فتحتان ),لازم,0,0,0, , 
7342,زَئِرَ,زءر,فَعِلَ يَفْعَلُ ( كسر فتح ),لازم,0,0,0, , 
7343,زَأَطَ,زءط,فَعَلَ يَفْعَلُ ( فتحتان ),لازم,0,0,0, , 
7344,زَأَفَ,زءف,فَعَلَ يَفْعَلُ ( فتحتان ),متعدي,0,0,0, , 
7345,زَأَكَ,زءك,فَعَلَ يَفْعَلُ ( فتحتان ),متعدي,0,0,0, , 
7346,زَأَمَ,زءم,فَعَلَ يَفْعَلُ ( فتحتان ),مشترك ,0,0,0, , 
7347,زَئِمَ,زءم,فَعِلَ يَفْعَلُ ( كسر فتح ),مشترك ,0,0,0, , 
7348,زَأَى,زءي,فَعَلَ يَفْعَلُ ( فتحتان ),لازم,0,0,0, , 
7349,زَبَّ,زبب,فَعَلَ يَفْعُلُ ( فتحُ ضمٍّ ),مشترك ,0,0,0, , 
7350,زَبَّ,زبب,فَعِلَ يَفْعَلُ ( كسر فتح ),لازم,0,0,0, , 
7351,زَبَدَ,زبد,فَعَلَ يَفْعُلُ ( فتحُ ضمٍّ ),متعدي,0,0,0, , 
7352,زَبَدَ,زبد,فَعَلَ يَفْعِلُ ( فتحُ كَسْرٍ ),مشترك ,0,0,0, , 
7353,زَبَرَ,زبر,فَعَلَ يَفْعُلُ ( فتحُ ضمٍّ ),متعدي,0,0,0, , 
7354,زَبَرَ,زبر,فَعَلَ يَفْعِلُ ( فتحُ كَسْرٍ ),مشترك ,0,0,0, , 
7355,زَبُرَ,زبر,فَعُلَ يَفْعُلُ ( ضمَ ضمٍَ ),لازم,0,0,0, , 
7356,زَبَطَ,زبط,فَعَلَ يَفْعِلُ ( فتحُ كَسْرٍ ),لازم,0,0,0, , 
7357,زَبَقَ,زبق,فَعَلَ يَفْعُلُ ( فتحُ ضمٍّ ),مشترك ,0,0,0, , 
7358,زَبَقَ,زبق,فَعَلَ يَفْعِلُ ( فتحُ كَسْرٍ ),مشترك ,0,0,0, , 
7359,زَبَلَ,زبل,فَعَلَ يَفْعِلُ ( فتحُ كَسْرٍ ),متعدي,0,0,0, , 
7360,زَبَنَ,زبن,فَعَلَ يَفْعِلُ ( فتحُ كَسْرٍ ),مشترك ,0,0,0, , 
7361,زَبَى,زبي,فَعَلَ يَفْعِلُ ( فتحُ كَسْرٍ ),متعدي,0,0,0, , 
7362,زَتَّ,زتت,فَعَلَ يَفْعُلُ ( فتحُ ضمٍّ ),متعدي,0,0,0, , 
7363,زَجَّ,زجج,فَعَلَ يَفْعُلُ ( فتحُ ضمٍّ ),مشترك ,0,0,0, , 
7364,زَجَّ,زجج,فَعِلَ يَفْعَلُ ( كسر فتح ),لازم,0,0,0, , 
7365,زَجَرَ,زجر,فَعَلَ يَفْعُلُ ( فتحُ ضمٍّ ),مشترك ,0,0,0, , 
7366,زَجَلَ,زجل,فَعَلَ يَفْعُلُ ( فتحُ ضمٍّ ),مشترك ,0,0,0, , 
7367,زَجِلَ,زجل,فَعِلَ يَفْعَلُ ( كسر فتح ),لازم,0,0,0, , 
7368,زَجَمَ,زجم,فَعَلَ يَفْعُلُ ( فتحُ ضمٍّ ),لازم,0,0,0, , 
7369,زَجَا,زجو,فَعَلَ يَفْعُلُ ( فتحُ ضمٍّ ),مشترك ,0,0,0, , 
7370,زَحَبَ,زحب,فَعَلَ يَفْعَلُ ( فتحتان ),لازم,0,0,0, , 
7371,زَحَّ,زحح,فَعَلَ يَفْعُلُ ( فتحُ ضمٍّ ),متعدي,0,0,0, , 
7372,زَحَرَ,زحر,فَعَلَ يَفْعِلُ ( فتحُ كَسْرٍ ),مشترك ,0,0,0, , 
7373,زَحَرَ,زحر,فَعَلَ يَفْعَلُ ( فتحتان ),مشترك ,0,0,0, , 
7374,زَحَفَ,زحف,فَعَلَ يَفْعَلُ ( فتحتان ),مشترك ,0,0,0, , 
7375,زَحَكَ,زحك,فَعَلَ يَفْعَلُ ( فتحتان ),لازم,0,0,0, , 
7376,زَحَلَ,زحل,فَعَلَ يَفْعَلُ ( فتحتان ),لازم,0,0,0, , 
7377,زَحَمَ,زحم,فَعَلَ يَفْعَلُ ( فتحتان ),متعدي,0,0,0, , 
7378,زَحَنَ,زحن,فَعَلَ يَفْعَلُ ( فتحتان ),مشترك ,0,0,0, , 
7379,زَخَّ,زخخ,فَعَلَ يَفْعُلُ ( فتحُ ضمٍّ ),مشترك ,0,0,0, , 
7380,زَخَّ,زخخ,فَعَلَ يَفْعِلُ ( فتحُ كَسْرٍ ),لازم,0,0,0, , 
7381,زَخَرَ,زخر,فَعَلَ يَفْعَلُ ( فتحتان ),مشترك ,0,0,0, , 
7382,زَخَفَ,زخف,فَعَلَ يَفْعَلُ ( فتحتان ),لازم,0,0,0, , 
7383,زَخَمَ,زخم,فَعَلَ يَفْعَلُ ( فتحتان ),متعدي,0,0,0, , 
7384,زَخِمَ,زخم,فَعِلَ يَفْعَلُ ( كسر فتح ),لازم,0,0,0, , 
7385,زَدَعَ,زدع,فَعَلَ يَفْعَلُ ( فتحتان ),متعدي,0,0,0, , 
7386,زَدَا,زدو,فَعَلَ يَفْعُلُ ( فتحُ ضمٍّ ),مشترك ,0,0,0, , 
7387,زَرَبَ,زرب,فَعَلَ يَفْعُلُ ( فتحُ ضمٍّ ),مشترك ,0,0,0, , 
7388,زَرِبَ,زرب,فَعِلَ يَفْعَلُ ( كسر فتح ),لازم,0,0,0, , 
7389,زَرَجَ,زرج,فَعَلَ يَفْعُلُ ( فتحُ ضمٍّ ),متعدي,0,0,0, , 
7390,زَرَحَ,زرح,فَعَلَ يَفْعَلُ ( فتحتان ),متعدي,0,0,0, , 
7391,زَرِحَ,زرح,فَعِلَ يَفْعَلُ ( كسر فتح ),لازم,0,0,0, , 
7392,زَرَدَ,زرد,فَعَلَ يَفْعُلُ ( فتحُ ضمٍّ ),متعدي,0,0,0, , 
7393,زَرَدَ,زرد,فَعَلَ يَفْعِلُ ( فتحُ كَسْرٍ ),متعدي,0,0,0, , 
7394,زَرِدَ,زرد,فَعِلَ يَفْعَلُ ( كسر فتح ),متعدي,0,0,0, , 
7395,زَرَّ,زرر,فَعَلَ يَفْعُلُ ( فتحُ ضمٍّ ),مشترك ,0,0,0, , 
7396,زَرَّ,زرر,فَعَلَ يَفْعِلُ ( فتحُ كَسْرٍ ),لازم,0,0,0, , 
7397,زَرَّ,زرر,فَعِلَ يَفْعَلُ ( كسر فتح ),لازم,0,0,0, , 
7398,زَرَطَ,زرط,فَعَلَ يَفْعِلُ ( فتحُ كَسْرٍ ),متعدي,0,0,0, , 
7399,زَرَعَ,زرع,فَعَلَ يَفْعَلُ ( فتحتان ),متعدي,0,0,0, , 
7400,زَرَفَ,زرف,فَعَلَ يَفْعُلُ ( فتحُ ضمٍّ ),لازم,0,0,0, , 
7401,زَرَفَ,زرف,فَعَلَ يَفْعِلُ ( فتحُ كَسْرٍ ),مشترك ,0,0,0, , 
7402,زَرِفَ,زرف,فَعِلَ يَفْعَلُ ( كسر فتح ),لازم,0,0,0, , 
7403,زَرَقَ,زرق,فَعَلَ يَفْعُلُ ( فتحُ ضمٍّ ),مشترك ,1,1,1,لسان العرب,لون
7404,زَرَقَ,زرق,فَعَلَ يَفْعِلُ ( فتحُ كَسْرٍ ),مشترك ,1,1,1,لسان العرب,لون
7405,زَرِقَ,زرق,فَعِلَ يَفْعَلُ ( كسر فتح ),لازم,1,1,1,لسان العرب,لون
7406,زَرِكَ,زرك,فَعِلَ يَفْعَلُ ( كسر فتح ),لازم,0,0,0, , 
7407,زَرَمَ,زرم,فَعَلَ يَفْعِلُ ( فتحُ كَسْرٍ ),مشترك ,0,0,0, , 
7408,زَرِمَ,زرم,فَعِلَ يَفْعَلُ ( كسر فتح ),لازم,0,0,0, , 
7409,زَرَى,زري,فَعَلَ يَفْعِلُ ( فتحُ كَسْرٍ ),مشترك ,0,0,0, , 
7410,زَعَبَ,زعب,فَعَلَ يَفْعَلُ ( فتحتان ),مشترك ,0,0,0, , 
7411,زَعَجَ,زعج,فَعَلَ يَفْعَلُ ( فتحتان ),متعدي,0,0,0, , 
7412,زَعِجَ,زعج,فَعِلَ يَفْعَلُ ( كسر فتح ),لازم,0,0,0, , 
7413,زَعَرَ,زعر,فَعَلَ يَفْعَلُ ( فتحتان ),متعدي,0,0,0, , 
7414,زَعِرَ,زعر,فَعِلَ يَفْعَلُ ( كسر فتح ),لازم,0,0,0, , 
7415,زَعَطَ,زعط,فَعَلَ يَفْعَلُ ( فتحتان ),مشترك ,0,0,0, , 
7416,زَعَفَ,زعف,فَعَلَ يَفْعَلُ ( فتحتان ),مشترك ,0,0,0, , 
7417,زَعَقَ,زعق,فَعَلَ يَفْعَلُ ( فتحتان ),مشترك ,0,0,0, , 
7418,زَعِقَ,زعق,فَعِلَ يَفْعَلُ ( كسر فتح ),لازم,0,0,0, , 
7419,زَعُقَ,زعق,فَعُلَ يَفْعُلُ ( ضمَ ضمٍَ ),لازم,0,0,0, , 
7420,زَعِلَ,زعل,فَعِلَ يَفْعَلُ ( كسر فتح ),لازم,0,0,0, , 
7421,زَعَمَ,زعم,فَعَلَ يَفْعُلُ ( فتحُ ضمٍّ ),مشترك ,0,0,0, , 
7422,زَعَمَ,زعم,فَعَلَ يَفْعَلُ ( فتحتان ),مشترك ,0,0,0, , 
7423,زَعِمَ,زعم,فَعِلَ يَفْعَلُ ( كسر فتح ),لازم,0,0,0, , 
7424,زَعُمَ,زعم,فَعُلَ يَفْعُلُ ( ضمَ ضمٍَ ),لازم,0,0,0, , 
7425,زَعَا,زعو,فَعَلَ يَفْعُلُ ( فتحُ ضمٍّ ),لازم,0,0,0, , 
7426,زَغِبَ,زغب,فَعِلَ يَفْعَلُ ( كسر فتح ),لازم,0,0,0, , 
7427,زَغَدَ,زغد,فَعَلَ يَفْعَلُ ( فتحتان ),مشترك ,0,0,0, , 
7428,زَغَرَ,زغر,فَعَلَ يَفْعَلُ ( فتحتان ),مشترك ,0,0,0, , 
7429,زَغَفَ,زغف,فَعَلَ يَفْعَلُ ( فتحتان ),مشترك ,0,0,0, , 
7430,زَغَلَ,زغل,فَعَلَ يَفْعَلُ ( فتحتان ),مشترك ,0,0,0, , 
7431,زَفَتَ,زفت,فَعَلَ يَفْعُلُ ( فتحُ ضمٍّ ),متعدي,0,0,0, , 
7432,زَفَدَ,زفد,فَعَلَ يَفْعُلُ ( فتحُ ضمٍّ ),متعدي,0,0,0, , 
7433,زَفَرَ,زفر,فَعَلَ يَفْعِلُ ( فتحُ كَسْرٍ ),مشترك ,0,0,0, , 
7434,زَفَّ,زفف,فَعَلَ يَفْعُلُ ( فتحُ ضمٍّ ),متعدي,0,0,0, , 
7435,زَفَّ,زفف,فَعَلَ يَفْعِلُ ( فتحُ كَسْرٍ ),لازم,0,0,0, , 
7436,زَفَّ,زفف,فَعِلَ يَفْعَلُ ( كسر فتح ),لازم,0,0,0, , 
7437,زَفَنَ,زفن,فَعَلَ يَفْعِلُ ( فتحُ كَسْرٍ ),مشترك ,0,0,0, , 
7438,زَفَى,زفي,فَعَلَ يَفْعِلُ ( فتحُ كَسْرٍ ),مشترك ,0,0,0, , 
7439,زَقَبَ,زقب,فَعَلَ يَفْعُلُ ( فتحُ ضمٍّ ),مشترك ,0,0,0, , 
7440,زَقَحَ,زقح,فَعَلَ يَفْعَلُ ( فتحتان ),لازم,0,0,0, , 
7441,زَقَعَ,زقع,فَعَلَ يَفْعَلُ ( فتحتان ),لازم,0,0,0, , 
7442,زَقَفَ,زقف,فَعَلَ يَفْعُلُ ( فتحُ ضمٍّ ),متعدي,0,0,0, , 
7443,زَقَّ,زقق,فَعَلَ يَفْعُلُ ( فتحُ ضمٍّ ),مشترك ,0,0,0, , 
7444,زَقَمَ,زقم,فَعَلَ يَفْعُلُ ( فتحُ ضمٍّ ),مشترك ,0,0,0, , 
7445,زَقَنَ,زقن,فَعَلَ يَفْعُلُ ( فتحُ ضمٍّ ),متعدي,0,0,0, , 
7446,زَقَا,زقو,فَعَلَ يَفْعُلُ ( فتحُ ضمٍّ ),لازم,0,0,0, , 
7447,زَقَى,زقي,فَعَلَ يَفْعِلُ ( فتحُ كَسْرٍ ),لازم,0,0,0, , 
7448,زَكَأَ,زكء,فَعَلَ يَفْعَلُ ( فتحتان ),مشترك ,0,0,0, , 
7449,زَكَبَ,زكب,فَعَلَ يَفْعُلُ ( فتحُ ضمٍّ ),مشترك ,0,0,0, , 
7450,زَكَتَ,زكت,فَعَلَ يَفْعُلُ ( فتحُ ضمٍّ ),متعدي,0,0,0, , 
7451,زَكَرَ,زكر,فَعَلَ يَفْعُلُ ( فتحُ ضمٍّ ),متعدي,0,0,0, , 
7452,زَكَّ,زكك,فَعَلَ يَفْعُلُ ( فتحُ ضمٍّ ),مشترك ,0,0,0, , 
7453,زَكَّ,زكك,فَعَلَ يَفْعِلُ ( فتحُ كَسْرٍ ),مشترك ,0,0,0, , 
7454,زَكَمَ,زكم,فَعَلَ يَفْعُلُ ( فتحُ ضمٍّ ),مشترك ,0,0,0, , 
7455,زَكِنَ,زكن,فَعِلَ يَفْعَلُ ( كسر فتح ),مشترك ,0,0,0, , 
7456,زَكَا,زكو,فَعَلَ يَفْعُلُ ( فتحُ ضمٍّ ),لازم,0,0,0, , 
7457,زَكِيَ,زكو,فَعِلَ يَفْعَلُ ( كسر فتح ),لازم,0,0,0, , 
7458,زَلِبَ,زلب,فَعِلَ يَفْعَلُ ( كسر فتح ),لازم,0,0,0, , 
7459,زَلَجَ,زلج,فَعَلَ يَفْعِلُ ( فتحُ كَسْرٍ ),مشترك ,0,0,0, , 
7460,زَلِجَ,زلج,فَعِلَ يَفْعَلُ ( كسر فتح ),لازم,0,0,0, , 
7461,زَلَحَ,زلح,فَعَلَ يَفْعَلُ ( فتحتان ),متعدي,0,0,0, , 
7462,زَلَخَ,زلخ,فَعَلَ يَفْعِلُ ( فتحُ كَسْرٍ ),مشترك ,0,0,0, , 
7463,زَلِخَ,زلخ,فَعِلَ يَفْعَلُ ( كسر فتح ),لازم,0,0,0, , 
7464,زَلِزَ,زلز,فَعِلَ يَفْعَلُ ( كسر فتح ),لازم,0,0,0, , 
7465,زَلَعَ,زلع,فَعَلَ يَفْعَلُ ( فتحتان ),مشترك ,0,0,0, , 
7466,زَلِعَ,زلع,فَعِلَ يَفْعَلُ ( كسر فتح ),لازم,0,0,0, , 
7467,زَلَغَ,زلغ,فَعَلَ يَفْعُلُ ( فتحُ ضمٍّ ),مشترك ,0,0,0, , 
7468,زَلَفَ,زلف,فَعَلَ يَفْعُلُ ( فتحُ ضمٍّ ),مشترك ,0,0,0, , 
7469,زَلَقَ,زلق,فَعَلَ يَفْعُلُ ( فتحُ ضمٍّ ),مشترك ,0,0,0, , 
7470,زَلَقَ,زلق,فَعَلَ يَفْعِلُ ( فتحُ كَسْرٍ ),متعدي,0,0,0, , 
7471,زَلِقَ,زلق,فَعِلَ يَفْعَلُ ( كسر فتح ),لازم,0,0,0, , 
7472,زَلَّ,زلل,فَعَلَ يَفْعِلُ ( فتحُ كَسْرٍ ),مشترك ,0,0,0, , 
7473,زَلَّ,زلل,فَعِلَ يَفْعَلُ ( كسر فتح ),لازم,0,0,0, , 
7474,زَلَمَ,زلم,فَعَلَ يَفْعُلُ ( فتحُ ضمٍّ ),مشترك ,0,0,0, , 
7475,زَلِمَ,زلم,فَعِلَ يَفْعَلُ ( كسر فتح ),لازم,0,0,0, , 
7476,زَلِهَ,زله,فَعِلَ يَفْعَلُ ( كسر فتح ),لازم,0,0,0, , 
7477,زَمَتَ,زمت,فَعَلَ يَفْعُلُ ( فتحُ ضمٍّ ),متعدي,0,0,0, , 
7478,زَمُتَ,زمت,فَعُلَ يَفْعُلُ ( ضمَ ضمٍَ ),لازم,0,0,0, , 
7479,زَمَجَ,زمج,فَعَلَ يَفْعُلُ ( فتحُ ضمٍّ ),مشترك ,0,0,0, , 
7480,زَمِجَ,زمج,فَعِلَ يَفْعَلُ ( كسر فتح ),لازم,0,0,0, , 
7481,زَمَخَ,زمخ,فَعَلَ يَفْعَلُ ( فتحتان ),لازم,0,0,0, , 
7482,زَمَرَ,زمر,فَعَلَ يَفْعُلُ ( فتحُ ضمٍّ ),مشترك ,0,0,0, , 
7483,زَمَرَ,زمر,فَعَلَ يَفْعِلُ ( فتحُ كَسْرٍ ),مشترك ,0,0,0, , 
7484,زَمِرَ,زمر,فَعِلَ يَفْعَلُ ( كسر فتح ),لازم,0,0,0, , 
7485,زَمَعَ,زمع,فَعَلَ يَفْعَلُ ( فتحتان ),لازم,0,0,0, , 
7486,زَمِعَ,زمع,فَعِلَ يَفْعَلُ ( كسر فتح ),لازم,0,0,0, , 
7487,زَمَقَ,زمق,فَعَلَ يَفْعُلُ ( فتحُ ضمٍّ ),متعدي,0,0,0, , 
7488,زَمَقَ,زمق,فَعَلَ يَفْعِلُ ( فتحُ كَسْرٍ ),متعدي,0,0,0, , 
7489,زَمَكَ,زمك,فَعَلَ يَفْعُلُ ( فتحُ ضمٍّ ),متعدي,0,0,0, , 
7490,زَمِكَ,زمك,فَعِلَ يَفْعَلُ ( كسر فتح ),لازم,0,0,0, , 
7491,زَمَلَ,زمل,فَعَلَ يَفْعُلُ ( فتحُ ضمٍّ ),مشترك ,0,0,0, , 
7492,زَمَلَ,زمل,فَعَلَ يَفْعِلُ ( فتحُ كَسْرٍ ),لازم,0,0,0, , 
7493,زَمَّ,زمم,فَعَلَ يَفْعُلُ ( فتحُ ضمٍّ ),مشترك ,0,0,0, , 
7494,زَمَّ,زمم,فَعَلَ يَفْعِلُ ( فتحُ كَسْرٍ ),مشترك ,0,0,0, , 
7495,زَمِنَ,زمن,فَعِلَ يَفْعَلُ ( كسر فتح ),لازم,0,0,0, , 
7496,زَمِهَ,زمه,فَعِلَ يَفْعَلُ ( كسر فتح ),مشترك ,0,0,0, , 
7497,زَنَأَ,زنء,فَعَلَ يَفْعَلُ ( فتحتان ),مشترك ,0,0,0, , 
7498,زَنِبَ,زنب,فَعِلَ يَفْعَلُ ( كسر فتح ),لازم,0,0,0, , 
7499,زَنِجَ,زنج,فَعِلَ يَفْعَلُ ( كسر فتح ),لازم,0,0,0, , 
7500,زَنَحَ,زنح,فَعَلَ يَفْعَلُ ( فتحتان ),متعدي,0,0,0, , 
7501,زَنَخَ,زنخ,فَعَلَ يَفْعُلُ ( فتحُ ضمٍّ ),لازم,0,0,0, , 
7502,زَنَخَ,زنخ,فَعَلَ يَفْعِلُ ( فتحُ كَسْرٍ ),لازم,0,0,0, , 
7503,زَنِخَ,زنخ,فَعِلَ يَفْعَلُ ( كسر فتح ),لازم,0,0,0, , 
7504,زَنَدَ,زند,فَعَلَ يَفْعُلُ ( فتحُ ضمٍّ ),مشترك ,0,0,0, , 
7505,زَنِدَ,زند,فَعِلَ يَفْعَلُ ( كسر فتح ),لازم,0,0,0, , 
7506,زَنَرَ,زنر,فَعَلَ يَفْعُلُ ( فتحُ ضمٍّ ),متعدي,0,0,0, , 
7507,زَنِفَ,زنف,فَعِلَ يَفْعَلُ ( كسر فتح ),لازم,0,0,0, , 
7508,زَنَقَ,زنق,فَعَلَ يَفْعُلُ ( فتحُ ضمٍّ ),متعدي,0,0,0, , 
7509,زَنَقَ,زنق,فَعَلَ يَفْعِلُ ( فتحُ كَسْرٍ ),مشترك ,0,0,0, , 
7510,زَنَمَ,زنم,فَعَلَ يَفْعُلُ ( فتحُ ضمٍّ ),متعدي,0,0,0, , 
7511,زَنِمَ,زنم,فَعِلَ يَفْعَلُ ( كسر فتح ),لازم,0,0,0, , 
7512,زَنَّ,زنن,فَعَلَ يَفْعُلُ ( فتحُ ضمٍّ ),متعدي,0,0,0, , 
7513,زَنَّ,زنن,فَعَلَ يَفْعِلُ ( فتحُ كَسْرٍ ),لازم,0,0,0, , 
7514,زَنَى,زني,فَعَلَ يَفْعِلُ ( فتحُ كَسْرٍ ),لازم,0,0,0, , 
7515,زَهَدَ,زهد,فَعَلَ يَفْعَلُ ( فتحتان ),مشترك ,0,0,0, , 
7516,زَهِدَ,زهد,فَعِلَ يَفْعَلُ ( كسر فتح ),لازم,0,0,0, , 
7517,زَهُدَ,زهد,فَعُلَ يَفْعُلُ ( ضمَ ضمٍَ ),لازم,0,0,0, , 
7518,زَهَرَ,زهر,فَعَلَ يَفْعَلُ ( فتحتان ),مشترك ,0,0,0, , 
7519,زَهِرَ,زهر,فَعِلَ يَفْعَلُ ( كسر فتح ),لازم,0,0,0, , 
7520,زَهُرَ,زهر,فَعُلَ يَفْعُلُ ( ضمَ ضمٍَ ),لازم,0,0,0, , 
7521,زَهَفَ,زهف,فَعَلَ يَفْعَلُ ( فتحتان ),لازم,0,0,0, , 
7522,زَهِفَ,زهف,فَعِلَ يَفْعَلُ ( كسر فتح ),مشترك ,0,0,0, , 
7523,زَهَقَ,زهق,فَعَلَ يَفْعَلُ ( فتحتان ),لازم,0,0,0, , 
7524,زَهَكَ,زهك,فَعَلَ يَفْعَلُ ( فتحتان ),متعدي,0,0,0, , 
7525,زَهَلَ,زهل,فَعَلَ يَفْعَلُ ( فتحتان ),لازم,0,0,0, , 
7526,زَهِلَ,زهل,فَعِلَ يَفْعَلُ ( كسر فتح ),لازم,0,0,0, , 
7527,زَهَمَ,زهم,فَعَلَ يَفْعُلُ ( فتحُ ضمٍّ ),مشترك ,0,0,0, , 
7528,زَهِمَ,زهم,فَعِلَ يَفْعَلُ ( كسر فتح ),مشترك ,0,0,0, , 
7529,زَهَا,زهو,فَعَلَ يَفْعُلُ ( فتحُ ضمٍّ ),مشترك ,0,0,0, , 
7530,زَهَا,زهو,فَعَلَ يَفْعَلُ ( فتحتان ),مشترك ,0,0,0, , 
7531,زَاءَ,زوء,فَعَلَ يَفْعُلُ ( فتحُ ضمٍّ ),لازم,0,0,0, , 
7532,زَابَ,زوب,فَعَلَ يَفْعُلُ ( فتحُ ضمٍّ ),لازم,0,0,0, , 
7533,زَاجَ,زوج,فَعَلَ يَفْعُلُ ( فتحُ ضمٍّ ),لازم,0,0,0, , 
7534,زَاحَ,زوح,فَعَلَ يَفْعُلُ ( فتحُ ضمٍّ ),مشترك ,0,0,0, , 
7535,زَادَ,زود,فَعَلَ يَفْعُلُ ( فتحُ ضمٍّ ),لازم,0,0,0, , 
7536,زَارَ,زور,فَعَلَ يَفْعُلُ ( فتحُ ضمٍّ ),متعدي,0,0,0, , 
7537,زَوِرَ,زور,فَعِلَ يَفْعَلُ ( كسر فتح ),لازم,0,0,0, , 
7538,زَاعَ,زوع,فَعَلَ يَفْعُلُ ( فتحُ ضمٍّ ),مشترك ,0,0,0, , 
7539,زَاغَ,زوغ,فَعَلَ يَفْعُلُ ( فتحُ ضمٍّ ),مشترك ,0,0,0, , 
7540,زَافَ,زوف,فَعَلَ يَفْعُلُ ( فتحُ ضمٍّ ),لازم,0,0,0, , 
7541,زَاكَ,زوك,فَعَلَ يَفْعُلُ ( فتحُ ضمٍّ ),لازم,0,0,0, , 
7542,زَالَ,زول,فَعَلَ يَفْعُلُ ( فتحُ ضمٍّ ),مشترك ,0,0,0, , 
7543,زَامَ,زوم,فَعَلَ يَفْعُلُ ( فتحُ ضمٍّ ),لازم,0,0,0, , 
7544,زَوَى,زوي,فَعَلَ يَفْعِلُ ( فتحُ كَسْرٍ ),متعدي,0,0,0, , 
7545,زَاتَ,زيت,فَعَلَ يَفْعِلُ ( فتحُ كَسْرٍ ),متعدي,0,0,0, , 
7546,زَاحَ,زيح,فَعَلَ يَفْعِلُ ( فتحُ كَسْرٍ ),مشترك ,0,0,0, , 
7547,زَاخَ,زيخ,فَعَلَ يَفْعِلُ ( فتحُ كَسْرٍ ),لازم,0,0,0, , 
7548,زَادَ,زيد,فَعَلَ يَفْعِلُ ( فتحُ كَسْرٍ ),مشترك ,0,0,0, , 
7549,زَارَ,زير,فَعَلَ يَفْعِلُ ( فتحُ كَسْرٍ ),متعدي,0,0,0, , 
7550,زَاطَ,زيط,فَعَلَ يَفْعِلُ ( فتحُ كَسْرٍ ),لازم,0,0,0, , 
7551,زَاغَ,زيغ,فَعَلَ يَفْعِلُ ( فتحُ كَسْرٍ ),لازم,0,0,0, , 
7552,زَافَ,زيف,فَعَلَ يَفْعِلُ ( فتحُ كَسْرٍ ),مشترك ,0,0,0, , 
7553,زَاكَ,زيك,فَعَلَ يَفْعِلُ ( فتحُ كَسْرٍ ),لازم,0,0,0, , 
7554,زَالَ,زيل,فَعَلَ يَفْعِلُ ( فتحُ كَسْرٍ ),متعدي,0,0,0, , 
7555,زَيِلَ,زيل,فَعِلَ يَفْعَلُ ( كسر فتح ),لازم,0,0,0, , 
7556,زَامَ,زيم,فَعَلَ يَفْعِلُ ( فتحُ كَسْرٍ ),لازم,0,0,0, , 
7557,زَيِمَ,زيم,فَعِلَ يَفْعَلُ ( كسر فتح ),لازم,0,0,0, , 
7558,زَانَ,زين,فَعَلَ يَفْعِلُ ( فتحُ كَسْرٍ ),متعدي,0,0,0, , 
7559,سَأَبَ,سءب,فَعَلَ يَفْعَلُ ( فتحتان ),مشترك ,0,0,0, , 
7560,سَئِبَ,سءب,فَعِلَ يَفْعَلُ ( كسر فتح ),لازم,0,0,0, , 
7561,سَأَتَ,سءت,فَعَلَ يَفْعَلُ ( فتحتان ),متعدي,0,0,0, , 
7562,سَأَدَ,سءد,فَعَلَ يَفْعَلُ ( فتحتان ),متعدي,0,0,0, , 
7563,سَئِدَ,سءد,فَعِلَ يَفْعَلُ ( كسر فتح ),لازم,0,0,0, , 
7564,سَأَرَ,سءر,فَعَلَ يَفْعَلُ ( فتحتان ),لازم,0,0,0, , 
7565,سَئِرَ,سءر,فَعِلَ يَفْعَلُ ( كسر فتح ),لازم,0,0,0, , 
7566,سَئِسَ,سءس,فَعِلَ يَفْعَلُ ( كسر فتح ),لازم,0,0,0, , 
7567,سَأَفَ,سءف,فَعَلَ يَفْعَلُ ( فتحتان ),لازم,0,0,0, , 
7568,سَئِفَ,سءف,فَعِلَ يَفْعَلُ ( كسر فتح ),لازم,0,0,0, , 
7569,سَؤُفَ,سءف,فَعُلَ يَفْعُلُ ( ضمَ ضمٍَ ),لازم,0,0,0, , 
7570,سَأَلَ,سءل,فَعَلَ يَفْعَلُ ( فتحتان ),مشترك ,0,0,0, , 
7571,سَئِمَ,سءم,فَعِلَ يَفْعَلُ ( كسر فتح ),مشترك ,0,0,0, , 
7572,سَآ,سءو,فَعَلَ يَفْعُلُ ( فتحُ ضمٍّ ),مشترك ,0,0,0, , 
7573,سَأَى,سءي,فَعَلَ يَفْعَلُ ( فتحتان ),مشترك ,0,0,0, , 
7574,سَبَأَ,سبء,فَعَلَ يَفْعَلُ ( فتحتان ),مشترك ,0,0,0, , 
7575,سَبَّ,سبب,فَعَلَ يَفْعُلُ ( فتحُ ضمٍّ ),متعدي,0,0,0, , 
7576,سَبَتَ,سبت,فَعَلَ يَفْعُلُ ( فتحُ ضمٍّ ),مشترك ,0,0,0, , 
7577,سَبَتَ,سبت,فَعَلَ يَفْعِلُ ( فتحُ كَسْرٍ ),مشترك ,0,0,0, , 
7578,سَبَحَ,سبح,فَعَلَ يَفْعَلُ ( فتحتان ),لازم,0,0,0, , 
7579,سَبَخَ,سبخ,فَعَلَ يَفْعَلُ ( فتحتان ),مشترك ,0,0,0, , 
7580,سَبِخَ,سبخ,فَعِلَ يَفْعَلُ ( كسر فتح ),لازم,0,0,0, , 
7581,سَبَدَ,سبد,فَعَلَ يَفْعُلُ ( فتحُ ضمٍّ ),مشترك ,0,0,0, , 
7582,سَبَرَ,سبر,فَعَلَ يَفْعُلُ ( فتحُ ضمٍّ ),متعدي,0,0,0, , 
7583,سَبَرَ,سبر,فَعَلَ يَفْعِلُ ( فتحُ كَسْرٍ ),متعدي,0,0,0, , 
7584,سَبِطَ,سبط,فَعِلَ يَفْعَلُ ( كسر فتح ),لازم,0,0,0, , 
7585,سَبُطَ,سبط,فَعُلَ يَفْعُلُ ( ضمَ ضمٍَ ),لازم,0,0,0, , 
7586,سَبَعَ,سبع,فَعَلَ يَفْعِلُ ( فتحُ كَسْرٍ ),متعدي,0,0,0, , 
7587,سَبَعَ,سبع,فَعَلَ يَفْعَلُ ( فتحتان ),متعدي,0,0,0, , 
7588,سَبَغَ,سبغ,فَعَلَ يَفْعُلُ ( فتحُ ضمٍّ ),لازم,0,0,0, , 
7589,سَبَقَ,سبق,فَعَلَ يَفْعُلُ ( فتحُ ضمٍّ ),مشترك ,0,0,0, , 
7590,سَبَقَ,سبق,فَعَلَ يَفْعِلُ ( فتحُ كَسْرٍ ),مشترك ,0,0,0, , 
7591,سَبَكَ,سبك,فَعَلَ يَفْعُلُ ( فتحُ ضمٍّ ),متعدي,0,0,0, , 
7592,سَبَكَ,سبك,فَعَلَ يَفْعِلُ ( فتحُ كَسْرٍ ),متعدي,0,0,0, , 
7593,سَبَى,سبي,فَعَلَ يَفْعِلُ ( فتحُ كَسْرٍ ),مشترك ,0,0,0, , 
7594,سَتَرَ,ستر,فَعَلَ يَفْعُلُ ( فتحُ ضمٍّ ),متعدي,0,0,0, , 
7595,سَتَرَ,ستر,فَعَلَ يَفْعِلُ ( فتحُ كَسْرٍ ),متعدي,0,0,0, , 
7596,سَتَلَ,ستل,فَعَلَ يَفْعُلُ ( فتحُ ضمٍّ ),لازم,0,0,0, , 
7597,سَتِلَ,ستل,فَعِلَ يَفْعَلُ ( كسر فتح ),متعدي,0,0,0, , 
7598,سَتَهَ,سته,فَعَلَ يَفْعَلُ ( فتحتان ),متعدي,0,0,0, , 
7599,سَتِهَ,سته,فَعِلَ يَفْعَلُ ( كسر فتح ),لازم,0,0,0, , 
7600,سَجَّ,سجج,فَعَلَ يَفْعُلُ ( فتحُ ضمٍّ ),مشترك ,0,0,0, , 
7601,سَجَحَ,سجح,فَعَلَ يَفْعَلُ ( فتحتان ),لازم,0,0,0, , 
7602,سَجِحَ,سجح,فَعِلَ يَفْعَلُ ( كسر فتح ),لازم,0,0,0, , 
7603,سَجَدَ,سجد,فَعَلَ يَفْعُلُ ( فتحُ ضمٍّ ),لازم,0,0,0, , 
7604,سَجِدَ,سجد,فَعِلَ يَفْعَلُ ( كسر فتح ),لازم,0,0,0, , 
7605,سَجَرَ,سجر,فَعَلَ يَفْعُلُ ( فتحُ ضمٍّ ),مشترك ,0,0,0, , 
7606,سَجِرَ,سجر,فَعِلَ يَفْعَلُ ( كسر فتح ),لازم,0,0,0, , 
7607,سَجِسَ,سجس,فَعِلَ يَفْعَلُ ( كسر فتح ),لازم,0,0,0, , 
7608,سَجَعَ,سجع,فَعَلَ يَفْعَلُ ( فتحتان ),لازم,0,0,0, , 
7609,سَجَفَ,سجف,فَعَلَ يَفْعُلُ ( فتحُ ضمٍّ ),متعدي,0,0,0, , 
7610,سَجِفَ,سجف,فَعِلَ يَفْعَلُ ( كسر فتح ),متعدي,0,0,0, , 
7611,سَجَلَ,سجل,فَعَلَ يَفْعُلُ ( فتحُ ضمٍّ ),مشترك ,0,0,0, , 
7612,سَجَمَ,سجم,فَعَلَ يَفْعُلُ ( فتحُ ضمٍّ ),مشترك ,0,0,0, , 
7613,سَجَمَ,سجم,فَعَلَ يَفْعِلُ ( فتحُ كَسْرٍ ),متعدي,0,0,0, , 
7614,سَجَنَ,سجن,فَعَلَ يَفْعُلُ ( فتحُ ضمٍّ ),متعدي,0,0,0, , 
7615,سَجَا,سجو,فَعَلَ يَفْعُلُ ( فتحُ ضمٍّ ),مشترك ,0,0,0, , 
7616,سَحَبَ,سحب,فَعَلَ يَفْعَلُ ( فتحتان ),مشترك ,0,0,0, , 
7617,سَحَتَ,سحت,فَعَلَ يَفْعَلُ ( فتحتان ),مشترك ,0,0,0, , 
7618,سَحَجَ,سحج,فَعَلَ يَفْعَلُ ( فتحتان ),مشترك ,0,0,0, , 
7619,سَحَّ,سحح,فَعَلَ يَفْعُلُ ( فتحُ ضمٍّ ),مشترك ,0,0,0, , 
7620,سَحَّ,سحح,فَعَلَ يَفْعِلُ ( فتحُ كَسْرٍ ),لازم,0,0,0, , 
7621,سَحَرَ,سحر,فَعَلَ يَفْعَلُ ( فتحتان ),مشترك ,0,0,0, , 
7622,سَحِرَ,سحر,فَعِلَ يَفْعَلُ ( كسر فتح ),لازم,0,0,0, , 
7623,سَحَطَ,سحط,فَعَلَ يَفْعَلُ ( فتحتان ),متعدي,0,0,0, , 
7624,سَحَفَ,سحف,فَعَلَ يَفْعَلُ ( فتحتان ),مشترك ,0,0,0, , 
7625,سَحَقَ,سحق,فَعَلَ يَفْعَلُ ( فتحتان ),مشترك ,0,0,0, , 
7626,سَحِقَ,سحق,فَعِلَ يَفْعَلُ ( كسر فتح ),لازم,0,0,0, , 
7627,سَحُقَ,سحق,فَعُلَ يَفْعُلُ ( ضمَ ضمٍَ ),لازم,0,0,0, , 
7628,سَحَلَ,سحل,فَعَلَ يَفْعَلُ ( فتحتان ),مشترك ,0,0,0, , 
7629,سَحِمَ,سحم,فَعِلَ يَفْعَلُ ( كسر فتح ),لازم,0,0,0, , 
7630,سَحَنَ,سحن,فَعَلَ يَفْعَلُ ( فتحتان ),متعدي,0,0,0, , 
7631,سَحَا,سحو,فَعَلَ يَفْعُلُ ( فتحُ ضمٍّ ),متعدي,0,0,0, , 
7632,سَحَا,سحو,فَعَلَ يَفْعَلُ ( فتحتان ),متعدي,0,0,0, , 
7633,سَحَى,سحي,فَعَلَ يَفْعِلُ ( فتحُ كَسْرٍ ),متعدي,0,0,0, , 
7634,سَحَى,سحي,فَعَلَ يَفْعَلُ ( فتحتان ),متعدي,0,0,0, , 
7635,سَخَأَ,سخء,فَعَلَ يَفْعَلُ ( فتحتان ),متعدي,0,0,0, , 
7636,سَخَّ,سخخ,فَعَلَ يَفْعِلُ ( فتحُ كَسْرٍ ),لازم,0,0,0, , 
7637,سَخَرَ,سخر,فَعَلَ يَفْعَلُ ( فتحتان ),مشترك ,0,0,0, , 
7638,سَخِرَ,سخر,فَعِلَ يَفْعَلُ ( كسر فتح ),لازم,0,0,0, , 
7639,سَخِطَ,سخط,فَعِلَ يَفْعَلُ ( كسر فتح ),مشترك ,0,0,0, , 
7640,سَخُفَ,سخف,فَعُلَ يَفْعُلُ ( ضمَ ضمٍَ ),لازم,0,0,0, , 
7641,سَخَلَ,سخل,فَعَلَ يَفْعَلُ ( فتحتان ),متعدي,0,0,0, , 
7642,سَخَنَ,سخن,فَعَلَ يَفْعُلُ ( فتحُ ضمٍّ ),لازم,0,0,0, , 
7643,سَخِنَ,سخن,فَعِلَ يَفْعَلُ ( كسر فتح ),لازم,0,0,0, , 
7644,سَخُنَ,سخن,فَعُلَ يَفْعُلُ ( ضمَ ضمٍَ ),لازم,0,0,0, , 
7645,سَخَا,سخو,فَعَلَ يَفْعُلُ ( فتحُ ضمٍّ ),مشترك ,0,0,0, , 
7646,سَخِيَ,سخو,فَعِلَ يَفْعَلُ ( كسر فتح ),لازم,0,0,0, , 
7647,سَخُوَ,سخو,فَعُلَ يَفْعُلُ ( ضمَ ضمٍَ ),لازم,0,0,0, , 
7648,سَخَى,سخي,فَعَلَ يَفْعَلُ ( فتحتان ),متعدي,0,0,0, , 
7649,سَدَجَ,سدج,فَعَلَ يَفْعُلُ ( فتحُ ضمٍّ ),مشترك ,0,0,0, , 
7650,سَدَحَ,سدح,فَعَلَ يَفْعَلُ ( فتحتان ),مشترك ,0,0,0, , 
7651,سَدَّ,سدد,فَعَلَ يَفْعُلُ ( فتحُ ضمٍّ ),مشترك ,0,0,0, , 
7652,سَدَّ,سدد,فَعَلَ يَفْعِلُ ( فتحُ كَسْرٍ ),لازم,0,0,0, , 
7653,سَدَرَ,سدر,فَعَلَ يَفْعُلُ ( فتحُ ضمٍّ ),مشترك ,0,0,0, , 
7654,سَدَرَ,سدر,فَعَلَ يَفْعِلُ ( فتحُ كَسْرٍ ),مشترك ,0,0,0, , 
7655,سَدِرَ,سدر,فَعِلَ يَفْعَلُ ( كسر فتح ),لازم,0,0,0, , 
7656,سَدَسَ,سدس,فَعَلَ يَفْعُلُ ( فتحُ ضمٍّ ),متعدي,0,0,0, , 
7657,سَدَسَ,سدس,فَعَلَ يَفْعِلُ ( فتحُ كَسْرٍ ),متعدي,0,0,0, , 
7658,سَدَعَ,سدع,فَعَلَ يَفْعَلُ ( فتحتان ),متعدي,0,0,0, , 
7659,سَدِفَ,سدف,فَعِلَ يَفْعَلُ ( كسر فتح ),لازم,0,0,0, , 
7660,سَدِكَ,سدك,فَعِلَ يَفْعَلُ ( كسر فتح ),لازم,0,0,0, , 
7661,سَدَلَ,سدل,فَعَلَ يَفْعُلُ ( فتحُ ضمٍّ ),مشترك ,0,0,0, , 
7662,سَدَلَ,سدل,فَعَلَ يَفْعِلُ ( فتحُ كَسْرٍ ),متعدي,0,0,0, , 
7663,سَدِلَ,سدل,فَعِلَ يَفْعَلُ ( كسر فتح ),لازم,0,0,0, , 
7664,سَدَمَ,سدم,فَعَلَ يَفْعُلُ ( فتحُ ضمٍّ ),مشترك ,0,0,0, , 
7665,سَدِمَ,سدم,فَعِلَ يَفْعَلُ ( كسر فتح ),لازم,0,0,0, , 
7666,سَدَنَ,سدن,فَعَلَ يَفْعُلُ ( فتحُ ضمٍّ ),مشترك ,0,0,0, , 
7667,سَدَنَ,سدن,فَعَلَ يَفْعِلُ ( فتحُ كَسْرٍ ),متعدي,0,0,0, , 
7668,سَدَا,سدو,فَعَلَ يَفْعُلُ ( فتحُ ضمٍّ ),مشترك ,0,0,0, , 
7669,سَدِيَ,سدو,فَعِلَ يَفْعَلُ ( كسر فتح ),لازم,0,0,0, , 
7670,سَدَى,سدي,فَعَلَ يَفْعِلُ ( فتحُ كَسْرٍ ),متعدي,0,0,0, , 
7671,سَرَأَ,سرء,فَعَلَ يَفْعَلُ ( فتحتان ),لازم,0,0,0, , 
7672,سَرَبَ,سرب,فَعَلَ يَفْعُلُ ( فتحُ ضمٍّ ),مشترك ,0,0,0, , 
7673,سَرِبَ,سرب,فَعِلَ يَفْعَلُ ( كسر فتح ),لازم,0,0,0, , 
7674,سَرَجَ,سرج,فَعَلَ يَفْعُلُ ( فتحُ ضمٍّ ),مشترك ,0,0,0, , 
7675,سَرِجَ,سرج,فَعِلَ يَفْعَلُ ( كسر فتح ),لازم,0,0,0, , 
7676,سَرَحَ,سرح,فَعَلَ يَفْعَلُ ( فتحتان ),مشترك ,0,0,0, , 
7677,سَرِحَ,سرح,فَعِلَ يَفْعَلُ ( كسر فتح ),لازم,0,0,0, , 
7678,سَرَدَ,سرد,فَعَلَ يَفْعُلُ ( فتحُ ضمٍّ ),متعدي,0,0,0, , 
7679,سَرِدَ,سرد,فَعِلَ يَفْعَلُ ( كسر فتح ),لازم,0,0,0, , 
7680,سَرَّ,سرر,فَعَلَ يَفْعُلُ ( فتحُ ضمٍّ ),متعدي,0,0,0, , 
7681,سَرَّ,سرر,فَعِلَ يَفْعَلُ ( كسر فتح ),لازم,0,0,0, , 
7682,سَرِسَ,سرس,فَعِلَ يَفْعَلُ ( كسر فتح ),لازم,0,0,0, , 
7683,سَرَطَ,سرط,فَعَلَ يَفْعُلُ ( فتحُ ضمٍّ ),متعدي,0,0,0, , 
7684,سَرِطَ,سرط,فَعِلَ يَفْعَلُ ( كسر فتح ),متعدي,0,0,0, , 
7685,سَرِعَ,سرع,فَعِلَ يَفْعَلُ ( كسر فتح ),لازم,0,0,0, , 
7686,سَرُعَ,سرع,فَعُلَ يَفْعُلُ ( ضمَ ضمٍَ ),لازم,0,0,0, , 
7687,سَرِغَ,سرغ,فَعِلَ يَفْعَلُ ( كسر فتح ),لازم,0,0,0, , 
7688,سَرَفَ,سرف,فَعَلَ يَفْعُلُ ( فتحُ ضمٍّ ),متعدي,0,0,0, , 
7689,سَرِفَ,سرف,فَعِلَ يَفْعَلُ ( كسر فتح ),مشترك ,0,0,0, , 
7690,سَرَقَ,سرق,فَعَلَ يَفْعِلُ ( فتحُ كَسْرٍ ),مشترك ,0,0,0, , 
7691,سَرِقَ,سرق,فَعِلَ يَفْعَلُ ( كسر فتح ),لازم,0,0,0, , 
7692,سَرِكَ,سرك,فَعِلَ يَفْعَلُ ( كسر فتح ),لازم,0,0,0, , 
7693,سَرَا,سرو,فَعَلَ يَفْعُلُ ( فتحُ ضمٍّ ),مشترك ,0,0,0, , 
7694,سَرِيَ,سرو,فَعِلَ يَفْعَلُ ( كسر فتح ),لازم,0,0,0, , 
7695,سَرُوَ,سرو,فَعُلَ يَفْعُلُ ( ضمَ ضمٍَ ),لازم,0,0,0, , 
7696,سَرَى,سري,فَعَلَ يَفْعِلُ ( فتحُ كَسْرٍ ),مشترك ,0,0,0, , 
7697,سَطَأَ,سطء,فَعَلَ يَفْعَلُ ( فتحتان ),متعدي,0,0,0, , 
7698,سَطَحَ,سطح,فَعَلَ يَفْعَلُ ( فتحتان ),متعدي,0,0,0, , 
7699,سَطَرَ,سطر,فَعَلَ يَفْعُلُ ( فتحُ ضمٍّ ),مشترك ,0,0,0, , 
7700,سَطَعَ,سطع,فَعَلَ يَفْعَلُ ( فتحتان ),مشترك ,0,0,0, , 
7701,سَطِعَ,سطع,فَعِلَ يَفْعَلُ ( كسر فتح ),لازم,0,0,0, , 
7702,سَطَمَ,سطم,فَعَلَ يَفْعُلُ ( فتحُ ضمٍّ ),متعدي,0,0,0, , 
7703,سَطَا,سطو,فَعَلَ يَفْعُلُ ( فتحُ ضمٍّ ),مشترك ,0,0,0, , 
7704,سَعَدَ,سعد,فَعَلَ يَفْعَلُ ( فتحتان ),مشترك ,0,0,0, , 
7705,سَعِدَ,سعد,فَعِلَ يَفْعَلُ ( كسر فتح ),لازم,0,0,0, , 
7706,سَعَرَ,سعر,فَعَلَ يَفْعَلُ ( فتحتان ),مشترك ,0,0,0, , 
7707,سَعِرَ,سعر,فَعِلَ يَفْعَلُ ( كسر فتح ),لازم,0,0,0, , 
7708,سَعَطَ,سعط,فَعَلَ يَفْعُلُ ( فتحُ ضمٍّ ),متعدي,0,0,0, , 
7709,سَعَطَ,سعط,فَعَلَ يَفْعَلُ ( فتحتان ),متعدي,0,0,0, , 
7710,سَعَفَ,سعف,فَعَلَ يَفْعَلُ ( فتحتان ),مشترك ,0,0,0, , 
7711,سَعِفَ,سعف,فَعِلَ يَفْعَلُ ( كسر فتح ),لازم,0,0,0, , 
7712,سَعَلَ,سعل,فَعَلَ يَفْعُلُ ( فتحُ ضمٍّ ),مشترك ,0,0,0, , 
7713,سَعِلَ,سعل,فَعِلَ يَفْعَلُ ( كسر فتح ),لازم,0,0,0, , 
7714,سَعَمَ,سعم,فَعَلَ يَفْعَلُ ( فتحتان ),مشترك ,0,0,0, , 
7715,سَعَى,سعي,فَعَلَ يَفْعَلُ ( فتحتان ),لازم,0,0,0, , 
7716,سَغَبَ,سغب,فَعَلَ يَفْعُلُ ( فتحُ ضمٍّ ),لازم,0,0,0, , 
7717,سَغِبَ,سغب,فَعِلَ يَفْعَلُ ( كسر فتح ),لازم,0,0,0, , 
7718,سَغَرَ,سغر,فَعَلَ يَفْعَلُ ( فتحتان ),متعدي,0,0,0, , 
7719,سَغِلَ,سغل,فَعِلَ يَفْعَلُ ( كسر فتح ),لازم,0,0,0, , 
7720,سَغَمَ,سغم,فَعَلَ يَفْعَلُ ( فتحتان ),متعدي,0,0,0, , 
7721,سَفِتَ,سفت,فَعِلَ يَفْعَلُ ( كسر فتح ),مشترك ,0,0,0, , 
7722,سَفَحَ,سفح,فَعَلَ يَفْعَلُ ( فتحتان ),مشترك ,0,0,0, , 
7723,سَفَدَ,سفد,فَعَلَ يَفْعِلُ ( فتحُ كَسْرٍ ),مشترك ,0,0,0, , 
7724,سَفِدَ,سفد,فَعِلَ يَفْعَلُ ( كسر فتح ),مشترك ,0,0,0, , 
7725,سَفَرَ,سفر,فَعَلَ يَفْعُلُ ( فتحُ ضمٍّ ),لازم,0,0,0, , 
7726,سَفَرَ,سفر,فَعَلَ يَفْعِلُ ( فتحُ كَسْرٍ ),مشترك ,0,0,0, , 
7727,سَفُطَ,سفط,فَعُلَ يَفْعُلُ ( ضمَ ضمٍَ ),لازم,0,0,0, , 
7728,سَفَعَ,سفع,فَعَلَ يَفْعَلُ ( فتحتان ),مشترك ,0,0,0, , 
7729,سَفِعَ,سفع,فَعِلَ يَفْعَلُ ( كسر فتح ),لازم,0,0,0, , 
7730,سَفَّ,سفف,فَعَلَ يَفْعُلُ ( فتحُ ضمٍّ ),مشترك ,0,0,0, , 
7731,سَفَّ,سفف,فَعَلَ يَفْعِلُ ( فتحُ كَسْرٍ ),لازم,0,0,0, , 
7732,سَفَّ,سفف,فَعِلَ يَفْعَلُ ( كسر فتح ),متعدي,0,0,0, , 
7733,سَفَكَ,سفك,فَعَلَ يَفْعُلُ ( فتحُ ضمٍّ ),متعدي,0,0,0, , 
7734,سَفَكَ,سفك,فَعَلَ يَفْعِلُ ( فتحُ كَسْرٍ ),مشترك ,0,0,0, , 
7735,سَفَلَ,سفل,فَعَلَ يَفْعُلُ ( فتحُ ضمٍّ ),لازم,0,0,0, , 
7736,سَفِلَ,سفل,فَعِلَ يَفْعَلُ ( كسر فتح ),لازم,0,0,0, , 
7737,سَفُلَ,سفل,فَعُلَ يَفْعُلُ ( ضمَ ضمٍَ ),لازم,0,0,0, , 
7738,سَفَنَ,سفن,فَعَلَ يَفْعُلُ ( فتحُ ضمٍّ ),لازم,0,0,0, , 
7739,سَفَنَ,سفن,فَعَلَ يَفْعِلُ ( فتحُ كَسْرٍ ),مشترك ,0,0,0, , 
7740,سَفِنَ,سفن,فَعِلَ يَفْعَلُ ( كسر فتح ),لازم,0,0,0, , 
7741,سَفَهَ,سفه,فَعَلَ يَفْعُلُ ( فتحُ ضمٍّ ),متعدي,0,0,0, , 
7742,سَفَهَ,سفه,فَعَلَ يَفْعَلُ ( فتحتان ),متعدي,0,0,0, , 
7743,سَفِهَ,سفه,فَعِلَ يَفْعَلُ ( كسر فتح ),مشترك ,0,0,0, , 
7744,سَفُهَ,سفه,فَعُلَ يَفْعُلُ ( ضمَ ضمٍَ ),لازم,0,0,0, , 
7745,سَفَا,سفو,فَعَلَ يَفْعُلُ ( فتحُ ضمٍّ ),لازم,0,0,0, , 
7746,سَفِيَ,سفو,فَعِلَ يَفْعَلُ ( كسر فتح ),لازم,0,0,0, , 
7747,سَفَى,سفي,فَعَلَ يَفْعِلُ ( فتحُ كَسْرٍ ),مشترك ,0,0,0, , 
7748,سَقِبَ,سقب,فَعِلَ يَفْعَلُ ( كسر فتح ),لازم,0,0,0, , 
7749,سَقِتَ,سقت,فَعِلَ يَفْعَلُ ( كسر فتح ),لازم,0,0,0, , 
7750,سَقَدَ,سقد,فَعَلَ يَفْعِلُ ( فتحُ كَسْرٍ ),متعدي,0,0,0, , 
7751,سَقَرَ,سقر,فَعَلَ يَفْعُلُ ( فتحُ ضمٍّ ),مشترك ,0,0,0, , 
7752,سَقَطَ,سقط,فَعَلَ يَفْعُلُ ( فتحُ ضمٍّ ),لازم,0,0,0, , 
7753,سَقَعَ,سقع,فَعَلَ يَفْعَلُ ( فتحتان ),مشترك ,0,0,0, , 
7754,سَقَفَ,سقف,فَعَلَ يَفْعُلُ ( فتحُ ضمٍّ ),متعدي,0,0,0, , 
7755,سَقِفَ,سقف,فَعِلَ يَفْعَلُ ( كسر فتح ),لازم,0,0,0, , 
7756,سَقَّ,سقق,فَعَلَ يَفْعُلُ ( فتحُ ضمٍّ ),لازم,0,0,0, , 
7757,سَقِلَ,سقل,فَعِلَ يَفْعَلُ ( كسر فتح ),لازم,0,0,0, , 
7758,سَقِمَ,سقم,فَعِلَ يَفْعَلُ ( كسر فتح ),لازم,0,0,0, , 
7759,سَقُمَ,سقم,فَعُلَ يَفْعُلُ ( ضمَ ضمٍَ ),لازم,0,0,0, , 
7760,سَقَى,سقي,فَعَلَ يَفْعِلُ ( فتحُ كَسْرٍ ),مشترك ,0,0,0, , 
7761,سَكَبَ,سكب,فَعَلَ يَفْعُلُ ( فتحُ ضمٍّ ),مشترك ,0,0,0, , 
7762,سَكَتَ,سكت,فَعَلَ يَفْعُلُ ( فتحُ ضمٍّ ),لازم,0,0,0, , 
7763,سَكَرَ,سكر,فَعَلَ يَفْعُلُ ( فتحُ ضمٍّ ),مشترك ,0,0,0, , 
7764,سَكِرَ,سكر,فَعِلَ يَفْعَلُ ( كسر فتح ),لازم,0,0,0, , 
7765,سَكَعَ,سكع,فَعَلَ يَفْعَلُ ( فتحتان ),مشترك ,0,0,0, , 
7766,سَكِعَ,سكع,فَعِلَ يَفْعَلُ ( كسر فتح ),لازم,0,0,0, , 
7767,سَكِفَ,سكف,فَعِلَ يَفْعَلُ ( كسر فتح ),متعدي,0,0,0, , 
7768,سَكَّ,سكك,فَعَلَ يَفْعُلُ ( فتحُ ضمٍّ ),مشترك ,0,0,0, , 
7769,سَكَّ,سكك,فَعِلَ يَفْعَلُ ( كسر فتح ),لازم,0,0,0, , 
7770,سَكَمَ,سكم,فَعَلَ يَفْعُلُ ( فتحُ ضمٍّ ),لازم,0,0,0, , 
7771,سَكَنَ,سكن,فَعَلَ يَفْعُلُ ( فتحُ ضمٍّ ),مشترك ,0,0,0, , 
7772,سَكُنَ,سكن,فَعُلَ يَفْعُلُ ( ضمَ ضمٍَ ),لازم,0,0,0, , 
7773,سَلَأَ,سلء,فَعَلَ يَفْعَلُ ( فتحتان ),متعدي,0,0,0, , 
7774,سَلَبَ,سلب,فَعَلَ يَفْعُلُ ( فتحُ ضمٍّ ),متعدي,0,0,0, , 
7775,سَلِبَ,سلب,فَعِلَ يَفْعَلُ ( كسر فتح ),لازم,0,0,0, , 
7776,سَلَتَ,سلت,فَعَلَ يَفْعُلُ ( فتحُ ضمٍّ ),مشترك ,0,0,0, , 
7777,سَلَتَ,سلت,فَعَلَ يَفْعِلُ ( فتحُ كَسْرٍ ),مشترك ,0,0,0, , 
7778,سَلَجَ,سلج,فَعَلَ يَفْعُلُ ( فتحُ ضمٍّ ),مشترك ,0,0,0, , 
7779,سَلِجَ,سلج,فَعِلَ يَفْعَلُ ( كسر فتح ),مشترك ,0,0,0, , 
7780,سَلَحَ,سلح,فَعَلَ يَفْعَلُ ( فتحتان ),لازم,0,0,0, , 
7781,سَلَخَ,سلخ,فَعَلَ يَفْعُلُ ( فتحُ ضمٍّ ),مشترك ,0,0,0, , 
7782,سَلَخَ,سلخ,فَعَلَ يَفْعَلُ ( فتحتان ),مشترك ,0,0,0, , 
7783,سَلُخَ,سلخ,فَعُلَ يَفْعُلُ ( ضمَ ضمٍَ ),لازم,0,0,0, , 
7784,سَلِسَ,سلس,فَعِلَ يَفْعَلُ ( كسر فتح ),لازم,0,0,0, , 
7785,سَلُسَ,سلس,فَعُلَ يَفْعُلُ ( ضمَ ضمٍَ ),لازم,0,0,0, , 
7786,سَلِطَ,سلط,فَعِلَ يَفْعَلُ ( كسر فتح ),لازم,0,0,0, , 
7787,سَلُطَ,سلط,فَعُلَ يَفْعُلُ ( ضمَ ضمٍَ ),لازم,0,0,0, , 
7788,سَلَعَ,سلع,فَعَلَ يَفْعَلُ ( فتحتان ),متعدي,0,0,0, , 
7789,سَلِعَ,سلع,فَعِلَ يَفْعَلُ ( كسر فتح ),لازم,0,0,0, , 
7790,سَلَغَ,سلغ,فَعَلَ يَفْعَلُ ( فتحتان ),مشترك ,0,0,0, , 
7791,سَلِغَ,سلغ,فَعِلَ يَفْعَلُ ( كسر فتح ),لازم,0,0,0, , 
7792,سَلَفَ,سلف,فَعَلَ يَفْعُلُ ( فتحُ ضمٍّ ),مشترك ,0,0,0, , 
7793,سَلَقَ,سلق,فَعَلَ يَفْعُلُ ( فتحُ ضمٍّ ),مشترك ,0,0,0, , 
7794,سَلَكَ,سلك,فَعَلَ يَفْعُلُ ( فتحُ ضمٍّ ),مشترك ,0,0,0, , 
7795,سَلَّ,سلل,فَعَلَ يَفْعُلُ ( فتحُ ضمٍّ ),متعدي,0,0,0, , 
7796,سَلَّ,سلل,فَعَلَ يَفْعِلُ ( فتحُ كَسْرٍ ),متعدي,0,0,0, , 
7797,سَلَمَ,سلم,فَعَلَ يَفْعِلُ ( فتحُ كَسْرٍ ),متعدي,0,0,0, , 
7798,سَلِمَ,سلم,فَعِلَ يَفْعَلُ ( كسر فتح ),لازم,0,0,0, , 
7799,سَلَا,سلو,فَعَلَ يَفْعُلُ ( فتحُ ضمٍّ ),مشترك ,0,0,0, , 
7800,سَلِيَ,سلو,فَعِلَ يَفْعَلُ ( كسر فتح ),مشترك ,0,0,0, , 
7801,سَلَى,سلي,فَعَلَ يَفْعِلُ ( فتحُ كَسْرٍ ),متعدي,0,0,0, , 
7802,سَلِيَ,سلي,فَعِلَ يَفْعَلُ ( كسر فتح ),لازم,0,0,0, , 
7803,سَمَتَ,سمت,فَعَلَ يَفْعُلُ ( فتحُ ضمٍّ ),مشترك ,0,0,0, , 
7804,سَمَتَ,سمت,فَعَلَ يَفْعِلُ ( فتحُ كَسْرٍ ),مشترك ,0,0,0, , 
7805,سَمُجَ,سمج,فَعُلَ يَفْعُلُ ( ضمَ ضمٍَ ),لازم,0,0,0, , 
7806,سَمَحَ,سمح,فَعَلَ يَفْعَلُ ( فتحتان ),لازم,0,0,0, , 
7807,سَمُحَ,سمح,فَعُلَ يَفْعُلُ ( ضمَ ضمٍَ ),لازم,0,0,0, , 
7808,سَمَخَ,سمخ,فَعَلَ يَفْعَلُ ( فتحتان ),مشترك ,0,0,0, , 
7809,سَمَدَ,سمد,فَعَلَ يَفْعُلُ ( فتحُ ضمٍّ ),مشترك ,0,0,0, , 
7810,سَمَرَ,سمر,فَعَلَ يَفْعُلُ ( فتحُ ضمٍّ ),مشترك ,0,0,0, , 
7811,سَمَرَ,سمر,فَعَلَ يَفْعِلُ ( فتحُ كَسْرٍ ),متعدي,0,0,0, , 
7812,سَمِرَ,سمر,فَعِلَ يَفْعَلُ ( كسر فتح ),لازم,0,0,0, , 
7813,سَمُرَ,سمر,فَعُلَ يَفْعُلُ ( ضمَ ضمٍَ ),لازم,0,0,0, , 
7814,سَمَطَ,سمط,فَعَلَ يَفْعُلُ ( فتحُ ضمٍّ ),مشترك ,0,0,0, , 
7815,سَمَطَ,سمط,فَعَلَ يَفْعِلُ ( فتحُ كَسْرٍ ),مشترك ,0,0,0, , 
7816,سَمِعَ,سمع,فَعِلَ يَفْعَلُ ( كسر فتح ),مشترك ,0,0,0, , 
7817,سَمَقَ,سمق,فَعَلَ يَفْعُلُ ( فتحُ ضمٍّ ),لازم,0,0,0, , 
7818,سَمَكَ,سمك,فَعَلَ يَفْعُلُ ( فتحُ ضمٍّ ),مشترك ,0,0,0, , 
7819,سَمَلَ,سمل,فَعَلَ يَفْعُلُ ( فتحُ ضمٍّ ),مشترك ,0,0,0, , 
7820,سَمُلَ,سمل,فَعُلَ يَفْعُلُ ( ضمَ ضمٍَ ),لازم,0,0,0, , 
7821,سَمَّ,سمم,فَعَلَ يَفْعُلُ ( فتحُ ضمٍّ ),مشترك ,0,0,0, , 
7822,سَمَنَ,سمن,فَعَلَ يَفْعُلُ ( فتحُ ضمٍّ ),مشترك ,0,0,0, , 
7823,سَمِنَ,سمن,فَعِلَ يَفْعَلُ ( كسر فتح ),لازم,0,0,0, , 
7824,سَمُنَ,سمن,فَعُلَ يَفْعُلُ ( ضمَ ضمٍَ ),لازم,0,0,0, , 
7825,سَمَهَ,سمه,فَعَلَ يَفْعَلُ ( فتحتان ),لازم,0,0,0, , 
7826,سَمَا,سمو,فَعَلَ يَفْعُلُ ( فتحُ ضمٍّ ),مشترك ,0,0,0, , 
7827,سَنَجَ,سنج,فَعَلَ يَفْعُلُ ( فتحُ ضمٍّ ),متعدي,0,0,0, , 
7828,سَنَحَ,سنح,فَعَلَ يَفْعَلُ ( فتحتان ),مشترك ,0,0,0, , 
7829,سَنَخَ,سنخ,فَعَلَ يَفْعُلُ ( فتحُ ضمٍّ ),لازم,0,0,0, , 
7830,سَنَخَ,سنخ,فَعَلَ يَفْعَلُ ( فتحتان ),لازم,0,0,0, , 
7831,سَنِخَ,سنخ,فَعِلَ يَفْعَلُ ( كسر فتح ),لازم,0,0,0, , 
7832,سَنَدَ,سند,فَعَلَ يَفْعُلُ ( فتحُ ضمٍّ ),مشترك ,0,0,0, , 
7833,سَنِطَ,سنط,فَعِلَ يَفْعَلُ ( كسر فتح ),لازم,0,0,0, , 
7834,سَنُطَ,سنط,فَعُلَ يَفْعُلُ ( ضمَ ضمٍَ ),لازم,0,0,0, , 
7835,سَنَعَ,سنع,فَعَلَ يَفْعُلُ ( فتحُ ضمٍّ ),لازم,0,0,0, , 
7836,سَنَعَ,سنع,فَعَلَ يَفْعَلُ ( فتحتان ),لازم,0,0,0, , 
7837,سَنُعَ,سنع,فَعُلَ يَفْعُلُ ( ضمَ ضمٍَ ),لازم,0,0,0, , 
7838,سَنَفَ,سنف,فَعَلَ يَفْعُلُ ( فتحُ ضمٍّ ),مشترك ,0,0,0, , 
7839,سَنَفَ,سنف,فَعَلَ يَفْعِلُ ( فتحُ كَسْرٍ ),مشترك ,0,0,0, , 
7840,سَنِقَ,سنق,فَعِلَ يَفْعَلُ ( كسر فتح ),لازم,0,0,0, , 
7841,سَنِمَ,سنم,فَعِلَ يَفْعَلُ ( كسر فتح ),لازم,0,0,0, , 
7842,سَنَّ,سنن,فَعَلَ يَفْعُلُ ( فتحُ ضمٍّ ),متعدي,0,0,0, , 
7843,سَنِهَ,سنه,فَعِلَ يَفْعَلُ ( كسر فتح ),لازم,0,0,0, , 
7844,سَنَا,سنو,فَعَلَ يَفْعُلُ ( فتحُ ضمٍّ ),مشترك ,0,0,0, , 
7845,سَنِيَ,سنو,فَعِلَ يَفْعَلُ ( كسر فتح ),لازم,0,0,0, , 
7846,سَنُوَ,سنو,فَعُلَ يَفْعُلُ ( ضمَ ضمٍَ ),لازم,0,0,0, , 
7847,سَنَى,سني,فَعَلَ يَفْعِلُ ( فتحُ كَسْرٍ ),مشترك ,0,0,0, , 
7848,سَهَبَ,سهب,فَعَلَ يَفْعَلُ ( فتحتان ),متعدي,0,0,0, , 
7849,سَهَجَ,سهج,فَعَلَ يَفْعَلُ ( فتحتان ),مشترك ,0,0,0, , 
7850,سَهِدَ,سهد,فَعِلَ يَفْعَلُ ( كسر فتح ),لازم,0,0,0, , 
7851,سَهِرَ,سهر,فَعِلَ يَفْعَلُ ( كسر فتح ),لازم,0,0,0, , 
7852,سَهَفَ,سهف,فَعَلَ يَفْعَلُ ( فتحتان ),لازم,0,0,0, , 
7853,سَهِفَ,سهف,فَعِلَ يَفْعَلُ ( كسر فتح ),لازم,0,0,0, , 
7854,سَهَكَ,سهك,فَعَلَ يَفْعَلُ ( فتحتان ),مشترك ,0,0,0, , 
7855,سَهِكَ,سهك,فَعِلَ يَفْعَلُ ( كسر فتح ),لازم,0,0,0, , 
7856,سَهُلَ,سهل,فَعُلَ يَفْعُلُ ( ضمَ ضمٍَ ),لازم,0,0,0, , 
7857,سَهَمَ,سهم,فَعَلَ يَفْعَلُ ( فتحتان ),لازم,0,0,0, , 
7858,سَهُمَ,سهم,فَعُلَ يَفْعُلُ ( ضمَ ضمٍَ ),لازم,0,0,0, , 
7859,سَهَا,سهو,فَعَلَ يَفْعُلُ ( فتحُ ضمٍّ ),لازم,0,0,0, , 
7860,سَهُوَ,سهو,فَعُلَ يَفْعُلُ ( ضمَ ضمٍَ ),لازم,0,0,0, , 
7861,سَاءَ,سوء,فَعَلَ يَفْعُلُ ( فتحُ ضمٍّ ),مشترك ,0,0,0, , 
7862,سَاجَ,سوج,فَعَلَ يَفْعُلُ ( فتحُ ضمٍّ ),مشترك ,0,0,0, , 
7863,سَاخَ,سوخ,فَعَلَ يَفْعُلُ ( فتحُ ضمٍّ ),لازم,0,0,0, , 
7864,سَادَ,سود,فَعَلَ يَفْعُلُ ( فتحُ ضمٍّ ),مشترك ,0,0,0, , 
7865,سَوِدَ,سود,فَعِلَ يَفْعَلُ ( كسر فتح ),لازم,0,0,0, , 
7866,سَارَ,سور,فَعَلَ يَفْعُلُ ( فتحُ ضمٍّ ),مشترك ,0,0,0, , 
7867,سَاسَ,سوس,فَعَلَ يَفْعُلُ ( فتحُ ضمٍّ ),مشترك ,0,0,0, , 
7868,سَوِسَ,سوس,فَعِلَ يَفْعَلُ ( كسر فتح ),لازم,0,0,0, , 
7869,سَوِسَ,سوس,فَعِلَ يَفْعَلُ ( كسر فتح ),لازم,0,0,0, , 
7870,سَاطَ,سوط,فَعَلَ يَفْعُلُ ( فتحُ ضمٍّ ),مشترك ,0,0,0, , 
7871,سَاعَ,سوع,فَعَلَ يَفْعُلُ ( فتحُ ضمٍّ ),لازم,0,0,0, , 
7872,سَاغَ,سوغ,فَعَلَ يَفْعُلُ ( فتحُ ضمٍّ ),مشترك ,0,0,0, , 
7873,سَافَ,سوف,فَعَلَ يَفْعُلُ ( فتحُ ضمٍّ ),مشترك ,0,0,0, , 
7874,سَاقَ,سوق,فَعَلَ يَفْعُلُ ( فتحُ ضمٍّ ),مشترك ,0,0,0, , 
7875,سَوِقَ,سوق,فَعِلَ يَفْعَلُ ( كسر فتح ),لازم,0,0,0, , 
7876,سَاكَ,سوك,فَعَلَ يَفْعُلُ ( فتحُ ضمٍّ ),مشترك ,0,0,0, , 
7877,سَوِلَ,سول,فَعِلَ يَفْعَلُ ( كسر فتح ),لازم,0,0,0, , 
7878,سَامَ,سوم,فَعَلَ يَفْعُلُ ( فتحُ ضمٍّ ),مشترك ,0,0,0, , 
7879,سَوِيَ,سوو,فَعِلَ يَفْعَلُ ( كسر فتح ),لازم,0,0,0, , 
7880,سَابَ,سيب,فَعَلَ يَفْعِلُ ( فتحُ كَسْرٍ ),لازم,0,0,0, , 
7881,سَاحَ,سيح,فَعَلَ يَفْعِلُ ( فتحُ كَسْرٍ ),لازم,0,0,0, , 
7882,سَاخَ,سيخ,فَعَلَ يَفْعِلُ ( فتحُ كَسْرٍ ),لازم,0,0,0, , 
7883,سَارَ,سير,فَعَلَ يَفْعِلُ ( فتحُ كَسْرٍ ),مشترك ,0,0,0, , 
7884,سَيِسَ,سيس,فَعِلَ يَفْعَلُ ( كسر فتح ),لازم,0,0,0, , 
7885,سَاعَ,سيع,فَعَلَ يَفْعِلُ ( فتحُ كَسْرٍ ),لازم,0,0,0, , 
7886,سَاغَ,سيغ,فَعَلَ يَفْعِلُ ( فتحُ كَسْرٍ ),مشترك ,0,0,0, , 
7887,سَافَ,سيف,فَعَلَ يَفْعِلُ ( فتحُ كَسْرٍ ),مشترك ,0,0,0, , 
7888,سَيِفَ,سيف,فَعِلَ يَفْعَلُ ( كسر فتح ),لازم,0,0,0, , 
7889,سَالَ,سيل,فَعَلَ يَفْعِلُ ( فتحُ كَسْرٍ ),لازم,0,0,0, , 